app_id,name,release_date,primary_genre,developer_tier,price_usd,price_range,is_free,early_access,multiplayer,thai_language,steam_deck,owners_estimate,positive_reviews,negative_reviews,review_pct,avg_playtime_hours,peak_ccu,estimated_revenue_usd,success
166045,Neon Empire Deluxe,2022-01-22,Adventure,Indie,4.99,< $5,Paid,No,No,No,Verified,3100,60,25,71.7,15.0,11,5599,Not hit
170596,Solar Frontier: Origins II,2017-08-01,Action,AA,0.0,Free,Free,No,No,Yes,Unsupported,41773400,684407,183030,78.9,10.6,65132,31055226,Not hit
187394,Broken Dungeon Deluxe,2025-01-28,Horror,Indie,4.99,< $5,Paid,Yes,No,No,Playable,23900,705,132,84.3,32.9,80,48577,Not hit
185840,Shadow Dungeon Remastered Remastered,2018-10-28,Simulation,Indie,0.0,Free,Free,No,No,No,Verified,33100,929,334,73.6,31.1,42,53354,Not hit
112839,Broken Frontier Deluxe,2022-09-21,RPG,Indie,0.0,Free,Free,No,Yes,No,Unsupported,65500,1063,504,67.9,48.6,162,85484,Not hit
173408,Iron Chronicles Deluxe,2024-08-14,Adventure,Indie,4.99,< $5,Paid,Yes,No,No,Verified,400,11,3,84.5,3.5,0,859,Not hit
124013,Rogue Colony II 2,2023-03-26,Puzzle,Indie,9.99,$5-10,Paid,No,No,No,Verified,11200,167,80,67.9,3.8,38,46873,Not hit
134780,Hidden Factory II,2023-09-26,Action,Indie,14.99,$10-20,Paid,No,No,No,Playable,10600,318,101,75.9,7.0,32,56433,Not hit
162752,Rogue Tactics Deluxe,2023-03-01,Casual,Indie,24.99,$20-40,Paid,No,No,Yes,Unsupported,2700,38,24,62.7,3.1,3,27948,Not hit
170411,Tiny Survivors Deluxe,2022-09-30,Action,Indie,4.99,< $5,Paid,No,Yes,No,Unsupported,47500,1085,117,90.3,17.7,64,96032,Not hit
108991,Hidden Racer Remastered,2021-04-09,RPG,Indie,9.99,$5-10,Paid,No,No,No,Playable,300,3,2,66.8,63.0,1,1117,Not hit
133781,Rogue Village,2025-04-24,RPG,AA,39.99,$20-40,Paid,No,Yes,No,Verified,167600,4945,460,91.5,81.8,1094,2867435,Hit
112950,Star Odyssey,2023-10-28,Puzzle,Indie,24.99,$20-40,Paid,No,No,No,Playable,106100,2904,1193,70.9,2.2,195,1116278,Not hit
170818,Mystic Ocean: Origins,2022-11-17,Casual,AAA,59.99,$40+,Paid,No,No,Yes,Verified,55200,1187,594,66.7,4.4,147,1354828,Not hit
186950,Hidden Arena II,2021-11-20,Action,Indie,4.99,< $5,Paid,No,No,No,Verified,3300,93,23,80.5,18.7,3,5354,Not hit
167414,Cyber Empire II,2025-11-30,Casual,AA,29.99,$20-40,Paid,No,No,No,Playable,83200,1070,706,60.3,7.0,152,817805,Not hit
105069,Dark Colony,2025-04-02,Casual,Indie,4.99,< $5,Paid,No,Yes,No,Playable,15900,448,172,72.3,4.4,89,33912,Not hit
120942,Wild Hunter: Origins,2025-08-08,Casual,Indie,4.99,< $5,Paid,No,No,No,Playable,200,2,2,55.6,6.4,0,367,Not hit
151356,Broken Protocol Deluxe: Origins,2023-03-24,Action,Indie,9.99,$5-10,Paid,Yes,Yes,No,Verified,2900,54,24,70.1,6.0,15,11681,Not hit
146139,Neon Protocol: Origins,2019-04-12,Adventure,Indie,0.0,Free,Free,No,No,No,Verified,4700,85,88,49.3,13.9,2,6747,Not hit
102479,Void Odyssey Deluxe,2025-08-05,Simulation,Indie,14.99,$10-20,Paid,No,No,No,Playable,1300,28,7,82.8,56.5,2,8396,Not hit
178588,Frozen Dungeon 2 Deluxe,2022-02-26,Casual,AA,24.99,$20-40,Paid,No,No,No,Playable,74900,849,504,62.8,3.7,248,758475,Not hit
159755,Dark Arena II,2018-12-28,Horror,AA,24.99,$20-40,Paid,No,Yes,No,Playable,66600,977,239,80.4,6.4,501,646704,Not hit
118352,Cyber Tactics,2020-12-11,RPG,Indie,9.99,$5-10,Paid,Yes,No,Yes,Unsupported,43300,1209,284,81.0,29.2,100,146756,Not hit
136704,Pixel Empire Remastered Remastered,2022-10-30,Adventure,AA,0.0,Free,Free,No,No,No,Unsupported,258800,2980,2277,56.7,6.7,380,253695,Not hit
130895,Star Hunter,2024-05-23,Puzzle,Indie,4.99,< $5,Paid,No,No,No,Unsupported,900,16,4,81.8,4.5,1,1994,Not hit
152947,Mystic Survivors 2,2023-09-25,Simulation,Indie,9.99,$5-10,Paid,Yes,Yes,No,Unsupported,31800,786,364,68.4,38.3,194,130298,Not hit
118685,Silent Ocean,2019-08-01,Casual,Indie,19.99,$10-20,Paid,No,Yes,No,Verified,4200,85,38,69.9,20.3,12,28042,Not hit
163270,Dark Protocol: Origins,2018-04-26,Sports,AAA,49.99,$40+,Paid,No,No,Yes,Playable,1350700,24913,8350,74.9,32.2,3827,23942168,Not hit
165675,Mystic Village II Remastered,2025-03-04,Adventure,AA,29.99,$20-40,Paid,No,Yes,No,Verified,89900,2294,1225,65.2,3.7,548,1087606,Not hit
100370,Dragon Protocol,2019-05-16,Survival,Indie,4.99,< $5,Paid,No,Yes,No,Playable,50400,1006,649,60.8,107.8,214,80802,Not hit
124790,Crystal Frontier Remastered Deluxe,2018-02-23,Survival,Indie,19.99,$10-20,Paid,No,Yes,No,Verified,72500,1449,785,64.9,64.9,116,612104,Not hit
182362,Mystic Empire: Origins,2020-07-04,Action,Indie,9.99,$5-10,Paid,Yes,No,No,Unsupported,1100,23,14,64.1,5.2,3,4276,Not hit
108954,Hidden Ocean,2021-05-18,Puzzle,AAA,59.99,$40+,Paid,No,No,No,Unsupported,193600,6683,743,90.0,7.4,208,4500752,Hit
171003,Silent Frontier 2 2,2025-07-04,Action,Indie,14.99,$10-20,Paid,No,No,No,Unsupported,300,7,3,70.8,13.3,0,1665,Not hit
192019,Mystic Survivors Remastered Remastered,2018-11-28,Action,Indie,14.99,$10-20,Paid,No,No,No,Unsupported,10800,194,34,85.1,15.2,40,69426,Not hit
142032,Mystic Survivors II,2021-09-06,Casual,Indie,14.99,$10-20,Paid,No,No,No,Playable,6200,140,87,61.8,2.7,6,41421,Not hit
108584,Iron Odyssey II,2023-05-20,Action,Indie,4.99,< $5,Paid,No,Yes,No,Unsupported,400,6,5,61.6,11.2,3,807,Not hit
153058,Frozen Hunter II,2019-02-12,Action,Indie,0.99,< $5,Paid,No,No,No,Verified,108000,1384,334,80.6,7.1,247,47358,Hit
101628,Silent Protocol Deluxe,2019-09-25,RPG,AAA,69.99,$40+,Paid,No,Yes,No,Playable,617700,9502,5254,64.4,40.3,2616,13867743,Not hit
147286,Solar Frontier,2025-02-18,Roguelike,Indie,9.99,$5-10,Paid,No,No,No,Playable,1200,16,12,58.1,17.4,1,4964,Not hit
180734,Star Odyssey: Origins II,2024-02-06,Roguelike,Indie,9.99,$5-10,Paid,No,Yes,No,Verified,536400,12185,876,93.3,239.7,3487,2017335,Hit
121201,Broken Tower II,2023-05-24,Horror,Indie,4.99,< $5,Paid,No,No,No,Playable,3400,89,26,77.6,8.9,5,7540,Not hit
108473,Crystal Tactics,2018-02-03,Simulation,Indie,24.99,$20-40,Paid,No,No,No,Verified,8000,149,31,83.3,64.6,5,74911,Not hit
161050,Star Racer Remastered,2023-09-19,Simulation,Indie,9.99,$5-10,Paid,No,No,No,Playable,7400,104,48,68.5,18.3,22,27907,Not hit
130229,Steel Legends 2,2022-09-09,Action,AA,39.99,$20-40,Paid,No,No,Yes,Verified,121200,2606,837,75.7,12.3,144,1826133,Not hit
165305,Hidden Empire: Origins: Origins,2025-09-11,Roguelike,AAA,49.99,$40+,Paid,No,No,Yes,Verified,4612300,89703,16329,84.6,15.1,5472,75217186,Hit
141070,Golden League 2,2024-06-21,Casual,AA,29.99,$20-40,Paid,No,No,No,Playable,18700,298,122,71.1,8.0,42,237644,Not hit
178921,Steel Factory,2019-09-27,Casual,Indie,4.99,< $5,Paid,No,No,No,Unsupported,2000,48,22,69.9,2.6,7,3691,Not hit
167747,Solar Odyssey: Origins 2,2023-12-14,Survival,Indie,9.99,$5-10,Paid,Yes,Yes,No,Verified,22000,325,133,71.0,45.7,161,71977,Not hit
112025,Crystal Racer,2022-09-11,Casual,AA,19.99,$10-20,Paid,No,No,No,Unsupported,6200,92,28,76.8,7.3,6,43605,Not hit
119721,Broken Hunter: Origins,2020-01-12,Action,Indie,24.99,$20-40,Paid,No,No,No,Verified,2400,59,18,77.6,3.5,9,25844,Not hit
139849,Silent Kingdom Deluxe,2023-03-30,Simulation,Indie,2.99,< $5,Paid,Yes,No,No,Unsupported,5400,62,48,56.9,21.8,16,5776,Not hit
139109,Broken Chronicles 2,2022-07-18,Horror,AAA,59.99,$40+,Paid,No,No,Yes,Verified,67800,1352,685,66.4,5.2,208,1551426,Not hit
103441,Tiny Chronicles,2020-06-21,RPG,Indie,0.0,Free,Free,Yes,Yes,No,Playable,45200,708,377,65.3,57.4,70,32051,Not hit
150135,Neon Dungeon: Origins,2020-03-22,Action,Indie,9.99,$5-10,Paid,No,Yes,No,Verified,18100,379,58,86.9,6.6,71,64761,Not hit
148026,Golden Village 2 Remastered,2025-09-21,Simulation,Indie,0.99,< $5,Paid,Yes,No,No,Verified,800,9,7,62.2,27.2,0,356,Not hit
115651,Eternal Survivors: Origins,2023-08-10,Puzzle,Indie,2.99,< $5,Paid,No,No,No,Playable,1200,30,5,86.5,6.8,3,1610,Not hit
154353,Golden Tower II Remastered,2023-03-11,Racing,Indie,0.0,Free,Free,No,Yes,No,Verified,742600,12163,5804,67.7,28.7,5609,1233924,Not hit
184619,Shadow League Remastered II: Origins,2024-12-02,RPG,Indie,24.99,$20-40,Paid,No,No,No,Playable,6800,154,36,81.4,507.7,13,56456,Not hit
112876,Frozen Ocean: Origins,2025-01-27,Horror,Indie,0.99,< $5,Paid,No,No,No,Unsupported,3100,50,25,67.4,6.7,11,1225,Not hit
141514,Pixel Chronicles: Origins,2024-06-02,Simulation,Indie,4.99,< $5,Paid,No,No,Yes,Unsupported,43500,599,161,78.9,62.2,137,96044,Not hit
113727,Void Factory,2024-06-19,Adventure,Indie,19.99,$10-20,Paid,No,No,No,Verified,6100,187,47,80.1,10.0,20,45686,Not hit
103811,Dark Empire,2023-07-06,RPG,Indie,19.99,$10-20,Paid,No,No,No,Verified,4800,129,43,75.2,97.1,5,40975,Not hit
113986,Iron Hunter Deluxe,2021-03-13,Action,AAA,59.99,$40+,Paid,No,No,Yes,Playable,2897700,47955,18650,72.0,24.5,5592,62816092,Not hit
116909,Broken Odyssey 2,2025-06-01,Strategy,AA,24.99,$20-40,Paid,No,No,No,Playable,310500,4996,1536,76.5,49.2,1207,3305703,Not hit
142809,Tiny Tower Deluxe,2025-05-25,Horror,Indie,9.99,$5-10,Paid,Yes,Yes,No,Playable,102400,1481,952,60.9,7.2,178,376009,Not hit
190058,Shadow Village Remastered 2,2017-08-02,Simulation,Indie,19.99,$10-20,Paid,No,No,No,Verified,8700,215,83,72.4,20.1,12,58524,Not hit
111692,Tiny Horizon,2019-01-20,Horror,Indie,19.99,$10-20,Paid,No,Yes,No,Unsupported,1000,19,17,54.2,2.5,2,8484,Not hit
104033,Hidden Racer,2017-07-28,Action,Indie,9.99,$5-10,Paid,No,No,No,Playable,200,3,1,79.6,10.2,0,843,Not hit
164972,Star Island II,2024-08-21,Adventure,Indie,14.99,$10-20,Paid,No,No,No,Verified,17900,372,46,89.1,15.3,45,108372,Not hit
152244,Mystic Village 2,2021-05-16,Puzzle,Indie,14.99,$10-20,Paid,No,No,No,Unsupported,89700,2010,509,79.8,9.2,234,528978,Not hit
158497,Cyber Empire Remastered,2023-07-31,Adventure,AA,0.0,Free,Free,No,No,No,Playable,64400,1576,966,62.0,17.2,121,95501,Not hit
116428,Dark Arena,2024-01-04,Adventure,Indie,9.99,$5-10,Paid,No,No,Yes,,6200,94,21,82.4,6.3,17,23183,Not hit
167673,Golden Kingdom 2,2019-09-04,Strategy,Indie,9.99,$5-10,Paid,No,No,No,Playable,18500,267,126,68.0,77.7,72,83504,Not hit
152133,Dragon Empire Remastered Remastered,2017-03-02,Strategy,AA,24.99,$20-40,Paid,No,No,No,Verified,966800,18833,6312,74.9,35.7,953,9318042,Not hit
190502,Eternal Island Deluxe,2019-12-19,Action,Indie,14.99,$10-20,Paid,Yes,Yes,No,Unsupported,4800,110,37,75.1,40.0,12,26555,Not hit
176331,Broken Racer: Origins 2,2024-08-29,Racing,Indie,0.0,Free,Free,No,Yes,,Playable,19700,450,299,60.2,16.9,42,5471,Not hit
163862,Hidden Survivors: Origins II,2019-01-29,Simulation,Indie,19.99,$10-20,Paid,No,No,No,Playable,1600,35,11,76.3,50.4,1,13086,Not hit
115799,Golden League: Origins Deluxe,2024-10-13,RPG,Indie,14.99,$10-20,Paid,Yes,Yes,No,Unsupported,200,3,2,62.1,64.5,1,1206,Not hit
109435,Steel Kingdom 2,2024-04-23,Simulation,Indie,0.99,< $5,Paid,No,No,No,Playable,5400,74,31,71.1,20.1,5,1951,Not hit
190761,Neon Odyssey: Origins: Origins,2021-07-01,Simulation,Indie,19.99,$10-20,Paid,No,No,No,Verified,1500,25,19,57.9,72.5,3,10576,Not hit
134410,Silent Empire,2019-01-06,Casual,Indie,9.99,$5-10,Paid,No,No,No,Playable,5800,71,33,68.5,18.2,9,25170,Not hit
156425,Wild Island Remastered 2,2016-11-18,RPG,AA,19.99,$10-20,Paid,No,No,No,Playable,342700,5952,2479,70.6,36.6,245,3076664,Not hit
183657,Solar Protocol: Origins: Origins,2022-10-24,Action,Indie,9.99,$5-10,Paid,Yes,No,No,Verified,208100,5780,789,88.0,5.1,245,708883,Hit
178736,Wild Village Deluxe,2019-12-04,Horror,AA,29.99,$20-40,Paid,No,No,No,Verified,161300,3218,887,78.4,3.3,367,1553139,Not hit
105439,Dark Village,2025-11-16,Simulation,AAA,69.99,$40+,Paid,No,No,No,Unsupported,2026500,44902,9991,81.8,28.1,8008,56962449,Hit
121978,Golden Chronicles Remastered,2018-06-28,Action,Indie,4.99,< $5,Paid,No,No,No,Playable,23000,367,170,68.4,8.4,80,37738,Not hit
168487,Dark Tower Deluxe,2020-04-14,Racing,Indie,0.0,Free,Free,No,Yes,No,Playable,18500,321,157,67.2,22.4,42,13190,Not hit
174999,Mystic Legends Deluxe,2023-04-22,Adventure,AA,39.99,$20-40,Paid,No,No,No,Playable,78900,1046,270,79.5,8.7,187,1075158,Not hit
123421,Golden Colony Remastered,2025-04-28,RPG,Indie,0.99,< $5,Paid,No,No,No,Verified,3600,58,12,83.5,73.8,4,1584,Not hit
181178,Mystic Colony Deluxe,2025-02-02,Adventure,Indie,2.99,< $5,Paid,No,No,No,Playable,44700,1150,253,82.0,9.7,71,47939,Not hit
187653,Cyber Survivors Remastered Remastered,2025-01-17,Casual,Indie,14.99,$10-20,Paid,No,No,No,Unsupported,1700,52,10,84.0,8.4,4,8793,Not hit
164898,Solar Kingdom: Origins,2024-07-18,Adventure,AA,24.99,$20-40,Paid,No,No,No,Playable,16800,401,176,69.6,24.1,43,168024,Not hit
166859,Mystic Racer: Origins II: Origins,2025-11-27,Action,Indie,9.99,$5-10,Paid,No,Yes,No,Unsupported,1700,44,17,72.8,18.8,13,5758,Not hit
165416,Iron Racer II Deluxe,2020-07-03,Puzzle,Indie,0.99,< $5,Paid,No,No,No,Verified,200,3,3,53.5,2.3,0,63,Not hit
189614,Wild Horizon 2,2017-01-26,RPG,Indie,19.99,$10-20,Paid,No,No,No,Unsupported,11000,310,79,79.8,37.2,26,70826,Not hit
167562,Last Hunter Remastered Remastered,2024-10-31,Action,Indie,14.99,$10-20,Paid,No,Yes,Yes,Verified,165300,4486,1005,81.7,21.9,438,804377,Hit
177441,Lost Empire: Origins,2020-09-01,Action,Indie,14.99,$10-20,Paid,Yes,Yes,No,Playable,8100,154,102,60.5,4.9,49,52469,Not hit
149802,Silent Hunter Remastered,2021-10-29,RPG,Indie,9.99,$5-10,Paid,No,No,No,Verified,29100,776,209,78.8,59.6,35,124173,Not hit
116391,Mystic Tactics Deluxe,2017-11-14,Action,AA,39.99,$20-40,Paid,No,No,No,Playable,254800,5943,2548,70.0,11.2,596,4110182,Not hit
168783,Shadow Empire: Origins: Origins,2022-02-14,Strategy,Indie,9.99,$5-10,Paid,No,No,No,Playable,200,3,3,65.9,29.5,0,861,Not hit
163159,Tiny Frontier II II,2019-06-26,RPG,AAA,69.99,$40+,Paid,No,No,No,Playable,1045200,30646,3827,88.9,47.7,2479,24017313,Hit
130451,Broken Horizon Deluxe,2025-09-08,Puzzle,Indie,9.99,$5-10,Paid,No,No,No,Playable,1500,32,3,94.2,14.4,4,6009,Not hit
119647,Broken Protocol,2020-10-03,Adventure,Indie,4.99,< $5,Paid,No,No,No,Unsupported,500,14,5,74.0,17.3,1,1101,Not hit
126196,Dark Odyssey,2019-05-05,RPG,Indie,4.99,< $5,Paid,Yes,No,No,Verified,1200,28,10,75.4,41.6,0,2078,Not hit
148100,Frozen Tactics II,2019-02-16,Action,Indie,9.99,$5-10,Paid,No,Yes,No,Playable,18300,251,84,75.1,12.7,109,77271,Not hit
171299,Neon Odyssey 2 II,2023-02-04,RPG,AA,24.99,$20-40,Paid,No,No,No,Playable,55700,1807,273,86.9,67.6,156,579971,Not hit
171854,Golden Village: Origins Deluxe,2020-02-12,Casual,Indie,0.0,Free,Free,No,No,No,Playable,115500,2284,1601,58.8,6.6,209,158252,Not hit
161827,Last Survivors,2019-07-24,Action,Indie,9.99,$5-10,Paid,No,No,No,Unsupported,38800,1227,321,79.3,8.2,145,122574,Not hit
157276,Golden Protocol: Origins,2016-10-22,Casual,Indie,19.99,$10-20,Paid,No,No,No,Playable,40500,1284,201,86.5,9.3,123,268229,Not hit
124457,Dark Legends Deluxe: Origins,2021-09-21,Casual,Indie,24.99,$20-40,Paid,No,No,No,Playable,3100,45,37,55.4,11.0,9,32948,Not hit
163825,Iron Empire Remastered II,2022-01-13,Simulation,Indie,14.99,$10-20,Paid,No,No,No,Unsupported,1900,24,24,51.2,22.4,2,12808,Not hit
162900,Rogue Dungeon Deluxe,2022-12-02,RPG,Indie,4.99,< $5,Paid,No,Yes,No,Playable,103400,1685,312,84.4,97.3,561,179667,Hit
173630,Dark Empire: Origins: Origins,2024-11-20,Casual,Indie,24.99,$20-40,Paid,No,No,No,Playable,8100,146,60,70.9,7.4,28,65303,Not hit
169967,Shadow Dungeon Deluxe,2021-08-22,RPG,AAA,69.99,$40+,Paid,No,No,No,Verified,34724600,1108509,151161,88.0,42.8,126774,1035891654,Hit
157202,Rogue Island Remastered Remastered,2018-12-27,Strategy,AA,29.99,$20-40,Paid,No,No,No,Playable,131800,4179,670,86.2,42.6,269,1689733,Hit
178810,Neon Survivors: Origins,2025-04-04,Puzzle,AAA,49.99,$40+,Paid,No,No,No,Unsupported,132500,2985,1105,73.0,5.3,373,3006505,Not hit
146250,Shadow Tower: Origins,2017-12-11,Simulation,Indie,24.99,$20-40,Paid,No,Yes,No,Verified,9300,296,38,88.8,92.4,39,92457,Not hit
169486,Dragon Tower Remastered Remastered,2025-08-11,Horror,Indie,2.99,< $5,Paid,No,No,No,Playable,12400,384,100,79.4,10.7,26,14934,Not hit
156832,Wild Dungeon 2,2024-10-08,Action,Indie,9.99,$5-10,Paid,No,No,No,Playable,1900,46,19,71.7,19.3,1,6579,Not hit
150690,Lost League II II,2016-02-12,Simulation,AA,0.0,Free,Free,No,No,No,Playable,5167200,72272,25924,73.6,21.7,11911,8957805,Not hit
146472,Mystic Odyssey II: Origins,2022-08-03,Horror,AAA,59.99,$40+,Paid,No,No,No,Unsupported,95900,1932,1447,57.2,4.5,99,2030848,Not hit
180253,Lost Frontier 2,2019-01-19,Racing,AAA,59.99,$40+,Paid,No,No,No,Playable,374200,6061,1053,85.2,35.2,663,7255842,Hit
177885,Last Survivors Deluxe,2021-03-05,Casual,Indie,9.99,$5-10,Paid,No,No,No,,5700,140,78,64.6,13.5,22,19127,Not hit
142698,Steel League 2,2017-09-09,Puzzle,Indie,0.99,< $5,Paid,No,No,No,Unsupported,64200,1516,152,90.9,7.5,238,26862,Not hit
108769,Solar League,2019-06-23,Strategy,Indie,14.99,$10-20,Paid,No,No,No,Playable,4500,83,11,88.5,84.5,12,29608,Not hit
180401,Neon Chronicles II,2023-09-02,Adventure,Indie,19.99,$10-20,Paid,No,No,No,Playable,8600,207,51,80.5,8.2,24,77625,Not hit
132856,Steel Tower 2,2017-05-27,Action,Indie,2.99,< $5,Paid,No,Yes,No,Playable,628800,8702,1232,87.6,15.8,4123,783951,Hit
133115,Neon Odyssey Deluxe,2023-01-25,Casual,Indie,0.99,< $5,Paid,No,No,No,Playable,7500,174,28,86.4,12.5,14,2826,Not hit
156795,Eternal Chronicles Remastered,2024-04-07,Action,Indie,9.99,$5-10,Paid,No,Yes,No,Playable,10400,144,54,73.1,3.4,11,45656,Not hit
102146,Frozen Dungeon,2018-07-27,Simulation,AA,19.99,$10-20,Paid,No,No,No,Unsupported,224400,4771,1434,76.9,62.1,867,1662239,Not hit
128786,Dark Tower: Origins,2024-03-07,Survival,Indie,4.99,< $5,Paid,No,No,No,Verified,278500,4569,1172,79.6,14.7,162,539514,Not hit
128046,Last Dungeon: Origins,2023-01-10,Puzzle,Indie,0.99,< $5,Paid,Yes,No,No,Playable,200,2,1,85.6,7.7,0,88,Not hit
116280,Solar Colony II,2017-05-01,Puzzle,Indie,0.0,Free,Free,No,No,No,Playable,34200,963,127,88.4,10.6,109,34539,Not hit
164380,Star Kingdom 2,2017-03-18,Survival,Indie,19.99,$10-20,Paid,No,Yes,Yes,Verified,36500,533,169,76.0,106.2,199,317127,Not hit
103478,Void Horizon II,2019-03-16,Action,AAA,59.99,$40+,Paid,No,Yes,No,Playable,1065600,20438,8471,70.7,24.8,6252,27775340,Not hit
117982,Pixel Hunter,2023-02-10,Survival,Indie,0.0,Free,Free,No,Yes,No,Unsupported,84200,1467,623,70.2,34.8,188,140541,Not hit
145769,Tiny Survivors: Origins,2025-02-27,Adventure,Indie,0.0,Free,Free,Yes,No,No,Verified,20900,587,239,71.1,22.1,14,29698,Not hit
181881,Broken Survivors II,2023-07-18,Adventure,Indie,4.99,< $5,Paid,No,No,Yes,Unsupported,13500,259,16,94.3,33.2,28,26347,Not hit
137296,Frozen Survivors II,2021-11-10,Survival,Indie,14.99,$10-20,Paid,No,Yes,No,Verified,5200,130,65,66.9,34.4,33,26354,Not hit
102035,Dark Factory,2023-12-09,Puzzle,Indie,4.99,< $5,Paid,No,No,No,Verified,300,6,4,60.3,15.8,0,671,Not hit
168376,Iron Village Deluxe,2019-05-07,RPG,Indie,9.99,$5-10,Paid,No,No,No,Playable,18600,501,156,76.4,30.4,10,82559,Not hit
131894,Steel Survivors Deluxe,2020-09-28,Simulation,Indie,4.99,< $5,Paid,No,No,No,Playable,27000,281,165,63.1,16.8,81,52323,Not hit
190243,Neon Racer Remastered,2023-08-14,Racing,Indie,9.99,$5-10,Paid,No,No,No,Unsupported,10200,232,37,86.3,15.9,24,43999,Not hit
185063,Lost Village: Origins Remastered,2017-09-19,Action,Indie,9.99,$5-10,Paid,No,No,No,Playable,3900,85,50,63.1,6.9,3,13461,Not hit
100962,Cyber Hunter,2024-09-23,Action,AA,39.99,$20-40,Paid,No,Yes,No,Playable,45700,1138,149,88.5,16.4,57,680333,Not hit
164454,Dragon Island Deluxe Deluxe,2019-10-07,RPG,Indie,0.0,Free,Free,Yes,No,Yes,Unsupported,213100,4315,1798,70.6,125.9,487,104758,Not hit
126566,Golden Frontier,2019-01-12,RPG,Indie,14.99,$10-20,Paid,No,No,No,Verified,800,13,9,61.4,38.2,3,4071,Not hit
131524,Dragon Empire Remastered,2019-11-05,Action,Indie,9.99,$5-10,Paid,No,No,No,Verified,1200,19,12,63.2,8.4,3,4809,Not hit
163677,Solar Protocol II,2025-07-09,RPG,Indie,4.99,< $5,Paid,No,Yes,No,Playable,31500,545,26,95.6,74.5,93,55519,Not hit
111100,Rogue Hunter Deluxe,2025-06-17,Adventure,Indie,0.0,Free,Free,No,No,No,Playable,1100,20,14,60.5,27.8,0,1341,Not hit
179476,Tiny Island Deluxe: Origins Remastered,2022-06-16,Adventure,Indie,19.99,$10-20,Paid,No,Yes,No,Verified,7300,132,80,62.7,6.9,28,64483,Not hit
155389,Broken Kingdom Deluxe,2024-12-14,Action,Indie,9.99,$5-10,Paid,Yes,No,No,Playable,4700,67,56,54.8,7.6,2,19283,Not hit
122459,Rogue Frontier,2016-12-01,Action,Indie,9.99,$5-10,Paid,No,No,No,Unsupported,131600,2106,414,83.6,11.6,106,459458,Hit
118167,Frozen Tactics Deluxe,2019-05-05,Racing,Indie,14.99,$10-20,Paid,No,No,No,Verified,146000,3902,377,91.2,47.1,419,706844,Hit
171558,Tiny Tactics Remastered Remastered,2017-01-16,Action,AA,24.99,$20-40,Paid,No,No,No,Verified,71400,1944,826,70.2,53.8,277,679536,Not hit
121719,Neon Hunter,2023-03-21,Roguelike,Indie,14.99,$10-20,Paid,No,No,No,Verified,121200,3929,40,99,31.9,290,616503,Hit
191464,Iron Horizon Deluxe,2022-12-14,Casual,Indie,4.99,< $5,Paid,No,No,No,Unsupported,14100,184,89,67.5,6.9,24,29915,Not hit
121793,Frozen Factory: Origins,2021-09-23,Adventure,Indie,4.99,< $5,Paid,No,Yes,Yes,Playable,1400,26,11,71.7,8.6,3,3088,Not hit
122052,Dark Ocean II,2022-11-27,Adventure,Indie,2.99,< $5,Paid,Yes,Yes,No,Playable,6800,115,41,74.1,,9,6740,Not hit
123014,Tiny Frontier,2021-01-23,Racing,Indie,4.99,< $5,Paid,No,Yes,No,Verified,10400,176,54,76.8,25.1,13,18795,Not hit
131191,Neon Island 2,2024-07-12,Roguelike,Indie,19.99,$10-20,Paid,No,No,No,Playable,13000,180,53,77.6,51.4,10,113606,Not hit
164824,Wild Arena 2,2023-11-28,Casual,Indie,0.0,Free,Free,No,No,No,Unsupported,127500,2985,431,87.4,4.7,342,179524,Hit
146361,Shadow Island Deluxe,2019-09-03,Simulation,AA,39.99,$20-40,Paid,No,No,No,Playable,70900,890,697,56.1,35.0,215,1016487,Not hit
150764,Last League 2,2018-07-30,Action,AA,24.99,$20-40,Paid,No,No,Yes,Verified,4203100,140255,1417,99,19.9,7102,40827422,Hit
191945,Hidden Hunter 2 2,2025-06-04,Puzzle,AA,24.99,$20-40,Paid,No,No,No,Verified,9500,125,53,70.4,4.8,28,80783,Not hit
128157,Shadow Legends Deluxe,2018-06-14,Racing,Indie,14.99,$10-20,Paid,Yes,Yes,No,Verified,16300,468,137,77.5,33.2,29,85287,Not hit
165823,Hidden League 2 II,2023-05-28,Horror,Indie,9.99,$5-10,Paid,No,Yes,No,Unsupported,2000,20,16,58.3,5.7,6,6852,Not hit
154538,Golden Protocol Remastered,2021-09-01,Horror,AA,39.99,$20-40,Paid,No,No,No,Unsupported,64500,1314,451,74.5,6.3,106,1134452,Not hit
124716,Lost Island,2016-12-05,Casual,Indie,19.99,$10-20,Paid,No,No,No,Verified,3700,114,32,78.7,6.1,5,26970,Not hit
105254,Tiny League II,2019-06-05,Simulation,Indie,19.99,$10-20,Paid,No,No,No,Unsupported,26700,357,55,86.7,28.3,83,170002,Not hit
123532,Eternal Island Remastered Deluxe,2017-03-10,Adventure,AA,29.99,$20-40,Paid,No,No,No,Unsupported,340400,11252,593,95.0,20.3,648,4549633,Hit
158460,Steel Survivors Remastered,2024-08-30,Adventure,Indie,9.99,$5-10,Paid,No,No,No,Playable,200,4,2,73.6,4.1,0,856,Not hit
168968,Frozen Frontier Remastered,2022-07-13,Roguelike,Indie,14.99,$10-20,Paid,No,No,No,Playable,21900,713,128,84.8,19.6,57,138696,Not hit
141551,Lost Odyssey Deluxe,2022-06-10,Adventure,AA,29.99,$20-40,Paid,No,No,No,Verified,9600,204,104,66.5,16.1,30,95638,Not hit
135853,Iron Racer Deluxe 2,2018-01-02,Simulation,Indie,9.99,$5-10,Paid,No,No,No,Verified,200,2,3,44.8,70.6,0,701,Not hit
124531,Eternal Chronicles: Origins,2020-10-16,Adventure,Indie,4.99,< $5,Paid,No,No,No,Playable,8200,106,65,62.3,13.3,32,17174,Not hit
127121,Star Protocol Remastered II,2021-10-15,RPG,AA,19.99,$10-20,Paid,No,No,No,Unsupported,414200,7283,557,92.9,44.5,741,3113240,Hit
137888,Rogue Chronicles Remastered Deluxe,2023-05-11,Puzzle,Indie,14.99,$10-20,Paid,No,No,No,Verified,10100,101,53,66.2,1.9,31,68209,Not hit
158830,Cyber Tower: Origins,2020-12-16,Roguelike,Indie,9.99,$5-10,Paid,No,No,No,Unsupported,3300,70,19,79.4,16.1,3,14981,Not hit
166489,Broken Arena 2 Remastered,2020-01-21,Survival,Indie,2.99,< $5,Paid,Yes,Yes,No,Playable,113200,2154,666,76.4,111.7,595,109451,Not hit
159570,Golden Racer Deluxe,2018-12-29,Casual,Indie,9.99,$5-10,Paid,Yes,No,No,Unsupported,26400,460,207,69.1,9.0,76,95990,Not hit
155130,Steel Frontier: Origins,2021-07-22,Puzzle,Indie,24.99,$20-40,Paid,No,No,No,Playable,14100,305,113,73.1,3.1,21,142036,Not hit
112136,Hidden Island,2022-11-02,Survival,AAA,49.99,$40+,Paid,No,Yes,No,Verified,1340100,33442,14061,70.4,12.6,10271,23774930,Not hit
157350,Rogue Frontier II,2021-04-22,RPG,Indie,4.99,< $5,Paid,No,No,No,Verified,5100,78,39,66.7,59.2,6,9071,Not hit
151541,Hidden Survivors Remastered,2021-12-13,Racing,AA,24.99,$20-40,Paid,No,Yes,No,Verified,75600,884,406,68.6,36.1,386,713130,Not hit
124235,Golden Chronicles 2,2024-01-26,Adventure,Indie,19.99,$10-20,Paid,No,Yes,No,Playable,900,24,5,83.7,10.8,5,6387,Not hit
176997,Eternal Frontier 2,2021-12-25,Adventure,Indie,9.99,$5-10,Paid,No,No,No,Verified,517800,14743,2361,86.2,12.4,1513,1676903,Hit
173741,Broken Protocol II II,2021-08-05,Action,Indie,14.99,$10-20,Paid,No,Yes,No,Playable,2800,56,29,66.3,11.9,11,14683,Not hit
102109,Void Odyssey,2017-05-16,Adventure,Indie,0.99,< $5,Paid,No,No,No,Playable,1000,11,7,63.5,3.6,2,397,Not hit
122163,Star Factory 2,2022-10-27,Action,Indie,9.99,$5-10,Paid,No,No,No,Playable,2200,34,9,79.9,16.1,8,7070,Not hit
181807,Solar Dungeon Deluxe Remastered,2018-05-09,Action,Indie,0.0,Free,Free,Yes,Yes,Yes,Unsupported,436200,4632,3013,60.6,23.1,2193,117951,Not hit
170855,Frozen League: Origins Deluxe,2023-10-01,Puzzle,Indie,0.99,< $5,Paid,No,No,No,Playable,300,6,2,77.7,9.0,0,100,Not hit
175406,Rogue Island Deluxe Remastered,2022-09-04,Action,Indie,0.99,< $5,Paid,Yes,No,Yes,Playable,12700,258,125,67.6,11.3,12,4398,Not hit
114208,Dragon Village,2017-09-12,Action,Indie,9.99,$5-10,Paid,No,Yes,No,Unsupported,33900,788,147,84.3,30.2,76,107838,Not hit
172150,Golden Kingdom 2 Remastered,2019-06-03,Horror,Indie,19.99,$10-20,Paid,No,No,No,Unsupported,3800,99,16,86.8,6.7,2,29087,Not hit
147656,Neon Dungeon Remastered,2016-12-25,Action,AA,24.99,$20-40,Paid,No,No,No,Verified,251800,3649,670,84.5,29.1,790,2702878,Hit
112506,Lost Survivors: Origins,2017-07-18,Adventure,Indie,14.99,$10-20,Paid,No,No,No,Playable,2000,27,21,57.2,5.2,5,12436,Not hit
186062,Pixel Factory 2 Deluxe,2021-02-22,Puzzle,Indie,24.99,$20-40,Paid,No,No,No,Playable,900,20,9,70.9,,2,9119,Not hit
171669,Hidden Horizon: Origins Remastered,2023-06-05,Action,Indie,14.99,$10-20,Paid,No,No,No,Verified,2800,57,16,78.3,11.9,1,15881,Not hit
138702,Solar Island Deluxe,2022-09-18,Roguelike,Indie,9.99,$5-10,Paid,No,No,No,Verified,18600,499,6,99,3.8,53,76317,Not hit
163899,Neon Odyssey: Origins,2023-04-10,Action,AAA,59.99,$40+,Paid,No,No,Yes,,565300,6691,2841,70.2,16.6,1551,11921349,Not hit
106993,Neon Arena,2023-03-23,Adventure,AA,39.99,$20-40,Paid,No,No,Yes,Playable,82700,1044,336,75.7,12.6,164,1444787,Not hit
192056,Steel Tactics II Remastered,2017-10-14,Adventure,Indie,9.99,$5-10,Paid,No,No,No,Verified,2600,58,17,78.3,6.8,5,9268,Not hit
143697,Eternal League 2,2023-09-12,Adventure,Indie,4.99,< $5,Paid,No,No,No,Unsupported,567500,16570,1842,90.0,5.7,1594,1253926,Hit
139368,Void Odyssey II,2020-02-10,Casual,Indie,14.99,$10-20,Paid,Yes,No,No,Unsupported,10400,209,106,66.4,5.8,14,67505,Not hit
175480,Rogue Dungeon Remastered,2022-04-11,Roguelike,Indie,14.99,$10-20,Paid,No,Yes,No,Verified,39200,977,318,75.5,21.8,89,193641,Not hit
161901,Hidden Kingdom: Origins,2021-03-13,Casual,Indie,4.99,< $5,Paid,No,No,No,Playable,8100,146,25,85.6,9.8,15,14965,Not hit
154390,Iron Legends II 2,2017-06-21,Strategy,Indie,19.99,$10-20,Paid,Yes,No,No,Playable,11600,179,43,80.7,26.4,33,91740,Not hit
169375,Rogue Colony Deluxe,2019-10-11,Strategy,Indie,4.99,< $5,Paid,Yes,No,No,Playable,1900,17,14,55.4,30.7,2,3675,Not hit
114578,Steel Kingdom Remastered,2018-03-05,Roguelike,Indie,9.99,$5-10,Paid,No,No,No,Playable,8100,125,55,69.9,81.2,6,32163,Not hit
186654,Wild Empire Deluxe,2025-07-30,Casual,Indie,0.0,Free,Free,No,Yes,No,Playable,27700,719,319,69.3,9.2,68,13516,Not hit
170929,Cyber Odyssey: Origins,2016-05-10,Action,Indie,9.99,$5-10,Paid,No,No,No,Unsupported,14200,361,105,77.5,75.6,11,59950,Not hit
139516,Neon Dungeon,2018-02-28,Action,Indie,9.99,$5-10,Paid,Yes,Yes,No,Playable,6400,114,83,57.9,8.4,10,20711,Not hit
119906,Frozen Ocean 2,2025-12-10,Sports,Indie,19.99,$10-20,Paid,No,Yes,No,Verified,1700,29,14,67.9,23.0,9,12100,Not hit
188171,Frozen Kingdom II II,2023-06-11,Action,Indie,9.99,$5-10,Paid,No,Yes,No,Verified,2900,77,36,69.0,43.7,11,9310,Not hit
188393,Broken Factory: Origins,2022-02-23,Puzzle,AAA,0.0,Free,Free,No,No,No,Playable,214600,4582,2955,60.8,6.7,503,254937,Not hit
126603,Dragon Colony: Origins,2020-07-16,Casual,AA,24.99,$20-40,Paid,No,No,Yes,Playable,102600,2726,1025,72.7,8.0,143,1062976,Not hit
123088,Frozen Protocol II,2022-11-19,Strategy,AA,29.99,$20-40,Paid,No,No,No,Playable,105200,1413,274,83.8,12.9,74,1069994,Hit
185285,Pixel Dungeon: Origins,2021-05-09,RPG,Indie,14.99,$10-20,Paid,No,Yes,No,Playable,2800,53,27,66.6,61.8,17,17314,Not hit
180512,Silent Chronicles: Origins II,2024-03-03,Puzzle,Indie,19.99,$10-20,Paid,No,No,No,Verified,18200,225,68,76.9,5.5,20,163369,Not hit
153539,Crystal Horizon: Origins,2017-07-04,Action,AA,39.99,$20-40,Paid,No,Yes,Yes,Unsupported,96700,1924,622,75.6,16.5,765,1523953,Not hit
124494,Mystic Kingdom Deluxe,2020-12-10,Action,Indie,19.99,$10-20,Paid,No,No,No,Unsupported,2000,20,12,65.0,30.4,7,12604,Not hit
135298,Lost Tactics 2,2021-01-26,Simulation,Indie,9.99,$5-10,Paid,No,No,No,Unsupported,5500,164,26,86.4,20.2,12,21939,Not hit
175665,Tiny Chronicles 2 Remastered,2023-06-14,Survival,Indie,0.0,Free,Free,No,Yes,No,Unsupported,125800,3014,1513,66.6,18.2,902,148775,Not hit
191538,Star Empire Remastered: Origins,2024-05-24,Puzzle,AA,29.99,$20-40,Paid,No,No,No,Playable,254600,3651,665,84.6,9.8,334,3100782,Hit
124161,Steel Hunter: Origins,2018-04-18,Action,AA,19.99,$10-20,Paid,No,No,No,Unsupported,328300,8227,1956,80.8,11.4,1088,2798578,Hit
172816,Last Survivors 2,2021-05-04,RPG,Indie,9.99,$5-10,Paid,No,No,No,Playable,27700,343,73,82.5,36.0,57,124878,Not hit
166933,Silent Arena Remastered: Origins,2025-11-30,Action,AA,39.99,$20-40,Paid,No,No,No,Verified,71300,970,151,86.6,4.2,45,1282744,Not hit
141699,Void Colony Remastered,2023-06-05,Adventure,Indie,14.99,$10-20,Paid,No,No,No,Verified,13400,333,114,74.7,12.9,48,83438,Not hit
184915,Dragon Empire: Origins,2024-05-15,Strategy,Indie,9.99,$5-10,Paid,Yes,No,No,Playable,61600,1927,244,88.8,39.4,116,225881,Not hit
134151,Last Chronicles Remastered,2024-01-30,Casual,Indie,2.99,< $5,Paid,Yes,No,No,Verified,800,9,15,40.9,3.2,2,1016,Not hit
121904,Frozen Chronicles Deluxe 2,2017-06-01,RPG,Indie,2.99,< $5,Paid,No,No,No,Verified,12900,336,125,73.1,157.6,14,13418,Not hit
167488,Tiny Racer II: Origins,2025-11-25,RPG,Indie,0.0,Free,Free,No,No,No,Verified,10200,158,33,83.0,12.9,9,6951,Not hit
112691,Dark Protocol,2023-02-01,Adventure,AAA,0.0,Free,Free,No,No,Yes,Unsupported,326600,6834,4519,60.2,11.7,256,278463,Not hit
105328,Last Chronicles,2016-08-30,Simulation,Indie,2.99,< $5,Paid,No,No,No,Verified,5000,105,24,81.9,25.4,16,5261,Not hit
107696,Iron Colony,2019-06-17,Survival,AA,24.99,$20-40,Paid,No,Yes,No,Playable,3077600,53921,7845,87.3,25.0,18951,28914101,Hit
114948,Iron Arena II 2,2020-01-02,Strategy,Indie,9.99,$5-10,Paid,No,Yes,No,Playable,50100,1473,328,81.8,56.2,185,158436,Not hit
137185,Shadow League Remastered,2022-03-23,Adventure,Indie,9.99,$5-10,Paid,No,No,No,Unsupported,33900,498,78,86.5,19.4,66,107015,Not hit
146731,Dark Protocol 2,2023-11-03,Horror,AA,24.99,$20-40,Paid,No,Yes,Yes,Playable,99900,2000,324,86.1,6.0,271,906897,Not hit
132042,Broken Hunter Remastered: Origins,2020-04-14,RPG,AA,24.99,$20-40,Paid,No,No,No,Verified,99500,1188,949,55.6,77.1,252,967796,Not hit
160051,Cyber Ocean,2020-09-19,Action,AA,19.99,$10-20,Paid,No,No,No,Unsupported,522400,11821,254,97.9,13.1,661,4000531,Hit
108843,Iron Survivors,2021-10-18,Action,Indie,4.99,< $5,Paid,No,No,No,,1500,33,12,74.1,27.0,0,3216,Not hit
170041,Wild Frontier II,2022-03-13,Roguelike,Indie,0.0,Free,Free,No,No,No,Verified,108100,1240,399,75.7,22.1,54,106969,Not hit
114171,Lost Chronicles,2025-03-20,Survival,Indie,19.99,$10-20,Paid,No,Yes,No,Unsupported,20500,628,44,93.6,26.1,92,146445,Not hit
187764,Pixel League Deluxe: Origins,2023-03-12,Roguelike,Indie,14.99,$10-20,Paid,No,Yes,Yes,Verified,2000,37,17,69.0,17.9,14,10541,Not hit
179402,Broken Island 2,2016-07-30,Puzzle,Indie,4.99,< $5,Paid,No,No,No,Unsupported,56500,850,443,65.8,7.3,213,92114,Not hit
104884,Pixel Tactics Deluxe,2023-12-23,Strategy,AA,29.99,$20-40,Paid,No,No,No,Verified,737000,23493,1851,92.7,12.5,491,7242695,Hit
192241,Void Racer Deluxe: Origins,2020-07-20,Adventure,Indie,4.99,< $5,Paid,Yes,No,No,Playable,12300,139,51,73.4,7.3,25,22286,Not hit
191723,Star Village Deluxe II,2016-04-23,Action,Indie,9.99,$5-10,Paid,No,No,No,Unsupported,27700,319,150,68.1,13.8,14,103228,Not hit
100851,Solar Horizon,2024-03-26,Strategy,Indie,4.99,< $5,Paid,No,No,Yes,Playable,295200,8013,1967,80.3,22.9,794,653687,Hit
142291,Dark Ocean 2,2024-10-06,Strategy,Indie,4.99,< $5,Paid,No,Yes,No,Unsupported,6600,175,19,90.4,34.8,8,12295,Not hit
159311,Iron Empire Remastered,2024-10-31,Action,Indie,9.99,$5-10,Paid,No,Yes,No,Playable,39700,896,349,72.0,16.7,206,130528,Not hit
150468,Lost Arena Remastered,2019-09-11,Racing,Indie,2.99,< $5,Paid,Yes,Yes,No,Unsupported,33500,964,305,76.0,13.8,67,42263,Not hit
107400,Cyber League,2018-01-08,Puzzle,Indie,0.99,< $5,Paid,Yes,No,No,Verified,700,15,7,72.4,3.6,2,252,Not hit
178181,Tiny Chronicles: Origins II,2018-03-24,Strategy,Indie,9.99,$5-10,Paid,No,Yes,No,Verified,7000,163,61,73.2,79.5,34,23160,Not hit
144918,Golden Tactics Deluxe,2023-08-28,Strategy,Indie,0.0,Free,Free,No,Yes,No,Playable,260300,4259,1295,76.7,31.6,985,148639,Not hit
157128,Silent Empire Remastered,2025-07-05,Action,Indie,4.99,< $5,Paid,No,No,No,Playable,24400,356,78,82.2,10.1,90,43364,Not hit
131413,Lost Empire II,2025-11-30,RPG,Indie,19.99,$10-20,Paid,No,No,No,Playable,63800,1002,123,89.1,15.0,141,501396,Not hit
185137,Tiny Chronicles 2 Remastered Remastered,2020-02-07,Puzzle,Indie,4.99,< $5,Paid,No,No,No,Verified,1600,35,22,62.5,3.5,1,3581,Not hit
186802,Mystic Racer 2 2,2018-03-13,Action,Indie,14.99,$10-20,Paid,No,No,No,Playable,500,9,7,58.8,8.6,1,2941,Not hit
177959,Silent Tower Remastered 2,2018-05-04,Strategy,Indie,4.99,< $5,Paid,No,No,No,Verified,10700,251,61,80.5,100.7,21,22972,Not hit
161605,Frozen League: Origins,2023-10-21,Casual,Indie,9.99,$5-10,Paid,No,No,No,Verified,11300,295,78,79.2,3.9,8,46119,Not hit
182177,Dragon Chronicles 2,2019-12-30,Casual,Indie,14.99,$10-20,Paid,No,No,No,Playable,2300,49,21,71.3,11.9,4,15115,Not hit
182436,Hidden Protocol: Origins Remastered,2023-09-10,Strategy,Indie,19.99,$10-20,Paid,Yes,No,Yes,Playable,29100,460,122,79.1,25.8,46,232816,Not hit
119314,Crystal Hunter II,2019-07-31,Puzzle,Indie,4.99,< $5,Paid,No,No,No,Unsupported,1600,18,10,67.6,8.0,5,2791,Not hit
174555,Mystic Tower Deluxe II,2019-02-16,Roguelike,Indie,2.99,< $5,Paid,Yes,No,No,Verified,9900,199,84,70.6,18.2,22,13431,Not hit
188541,Neon Hunter Remastered: Origins,2021-05-31,Action,AAA,59.99,$40+,Paid,No,No,Yes,Unsupported,9046300,147001,54924,72.8,22.5,27457,205503338,Not hit
168265,Wild Dungeon 2 II,2021-05-17,Puzzle,Indie,4.99,< $5,Paid,Yes,No,No,Playable,14900,322,69,82.5,4.0,25,31952,Not hit
173223,Lost Chronicles: Origins,2023-01-20,Casual,Indie,4.99,< $5,Paid,No,No,No,Verified,4700,75,28,73.0,6.1,11,8929,Not hit
137333,Broken Legends,2017-03-27,Simulation,Indie,2.99,< $5,Paid,Yes,No,No,Playable,3800,76,37,67.6,17.5,8,4584,Not hit
172557,Silent Frontier II II,2024-04-19,Adventure,Indie,14.99,$10-20,Paid,No,No,No,Playable,300,4,3,60.5,9.2,0,1541,Not hit
104070,Silent Legends,2016-06-13,Horror,AA,19.99,$10-20,Paid,No,No,No,Verified,225300,3884,1452,72.8,11.5,253,1666198,Not hit
172446,Eternal Kingdom II,2018-12-15,Strategy,AA,24.99,$20-40,Paid,No,No,Yes,Playable,20100,462,229,67.0,20.6,23,173836,Not hit
163751,Iron Hunter 2,2024-05-22,Action,Indie,4.99,< $5,Paid,No,No,No,Unsupported,4900,117,74,61.6,7.3,13,9776,Not hit
192352,Shadow Dungeon: Origins Deluxe,2022-05-11,Casual,Indie,9.99,$5-10,Paid,No,No,No,Playable,900,14,11,58.5,3.2,2,2860,Not hit
102553,Silent Survivors,2024-11-01,Action,Indie,14.99,$10-20,Paid,No,No,No,Playable,11100,196,29,87.3,10.6,38,71573,Not hit
170892,Star Hunter: Origins,2020-01-24,Action,Indie,9.99,$5-10,Paid,Yes,No,No,Unsupported,38100,670,276,70.9,27.9,84,129440,Not hit
159681,Solar Racer II,2025-04-10,RPG,Indie,4.99,< $5,Paid,No,No,No,Playable,17500,292,54,84.6,30.0,19,33014,Not hit
188467,Broken Arena 2: Origins,2025-03-21,Puzzle,Indie,0.0,Free,Free,Yes,No,No,Playable,2000,37,40,48.8,3.1,2,2120,Not hit
124975,Steel Protocol II,2022-09-02,Adventure,Indie,4.99,< $5,Paid,No,No,No,Verified,6000,161,39,80.8,8.0,15,11379,Not hit
140663,Lost Protocol,2019-11-05,Sports,AA,0.0,Free,Free,No,Yes,No,Playable,380200,6382,3088,67.4,27.2,1461,210517,Not hit
142180,Last Hunter Remastered,2022-07-17,Simulation,Indie,4.99,< $5,Paid,No,Yes,No,Verified,3400,82,34,71.4,32.9,9,5521,Not hit
133855,Eternal Chronicles 2 Remastered,2025-09-24,Casual,Indie,4.99,< $5,Paid,No,No,No,Playable,300,5,4,61.7,4.9,0,537,Not hit
113838,Neon Kingdom 2,2018-07-24,Puzzle,Indie,4.99,< $5,Paid,No,Yes,Yes,Playable,22900,457,6,98.9,5.3,58,48309,Not hit
141884,Void Survivors Remastered,2025-10-26,Action,Indie,14.99,$10-20,Paid,No,Yes,No,Verified,1600,34,25,58.7,15.1,7,9891,Not hit
104958,Wild League,2025-07-24,Strategy,Indie,14.99,$10-20,Paid,No,Yes,No,Verified,11200,240,25,90.6,45.0,55,72934,Not hit
136149,Solar Odyssey Remastered,2018-11-22,Casual,Indie,0.0,Free,Free,No,No,No,Unsupported,908700,22359,12469,64.2,6.6,1066,781494,Not hit
118056,Hidden Dungeon: Origins,2025-05-31,Roguelike,Indie,4.99,< $5,Paid,Yes,No,No,Playable,22900,588,231,71.8,26.5,50,47925,Not hit
182843,Wild Island Deluxe,2025-11-13,Puzzle,Indie,4.99,< $5,Paid,No,No,No,Playable,9400,273,47,85.4,4.6,14,18179,Not hit
127084,Dragon League 2,2023-04-17,Adventure,AA,0.0,Free,Free,No,No,No,Verified,302700,3597,1550,69.9,9.0,191,389910,Not hit
172224,Pixel Odyssey: Origins Remastered,2023-08-17,Casual,Indie,9.99,$5-10,Paid,No,No,No,Playable,6300,145,91,61.8,14.8,8,27355,Not hit
185100,Silent Empire Deluxe,2018-05-20,Casual,Indie,0.99,< $5,Paid,No,No,No,Unsupported,2800,29,32,48.6,10.1,8,881,Not hit
186099,Rogue Dungeon Deluxe Deluxe,2020-03-20,Sports,AA,24.99,$20-40,Paid,No,No,Yes,Verified,1780900,33801,16276,67.5,20.5,4862,16660922,Not hit
170263,Pixel Ocean 2,2023-09-18,RPG,Indie,4.99,< $5,Paid,No,Yes,No,Verified,1100,22,8,75.2,90.4,5,2171,Not hit
185470,Silent Factory: Origins Deluxe,2019-03-18,Action,Indie,14.99,$10-20,Paid,No,Yes,No,Unsupported,369400,6227,964,86.6,24.0,2800,2244945,Hit
110027,Frozen Ocean,2023-03-15,Adventure,AA,19.99,$10-20,Paid,No,Yes,No,Playable,46000,796,369,68.4,17.8,197,325775,Not hit
128009,Last Ocean: Origins,2018-01-30,Adventure,Indie,0.0,Free,Free,No,Yes,No,Verified,49100,1285,201,86.5,11.5,233,25841,Not hit
146102,Star Survivors Remastered,2023-03-06,Simulation,Indie,4.99,< $5,Paid,Yes,No,No,Verified,17800,248,68,78.5,60.3,11,37007,Not hit
182880,Neon Dungeon: Origins: Origins,2016-06-16,Adventure,Indie,9.99,$5-10,Paid,No,No,No,Playable,4500,102,5,96.2,11.3,4,20205,Not hit
158127,Shadow Hunter: Origins,2022-09-14,Survival,Indie,0.0,Free,Free,No,No,No,Unsupported,34200,628,355,63.9,13.3,72,9211,Not hit
170374,Pixel Frontier II Remastered,2025-03-16,Action,AA,19.99,$10-20,Paid,No,No,Yes,Unsupported,32000,417,154,73.1,10.7,40,211204,Not hit
179846,Mystic Frontier Deluxe 2,2023-10-20,Casual,Indie,4.99,< $5,Paid,No,No,No,Verified,900,14,7,70.7,5.6,1,1588,Not hit
168117,Broken Ocean Deluxe,2025-09-16,Adventure,Indie,2.99,< $5,Paid,No,No,No,Playable,5800,115,18,86.6,3.6,6,5502,Not hit
111914,Shadow Survivors Deluxe,2019-05-09,Casual,Indie,4.99,< $5,Paid,No,Yes,No,Verified,61600,1684,675,71.4,8.3,325,99262,Not hit
102405,Pixel Village II,2024-03-16,Action,Indie,9.99,$5-10,Paid,No,No,No,Verified,20200,254,67,79.4,9.0,13,71177,Not hit
107030,Iron Frontier,2016-03-27,Puzzle,Indie,4.99,< $5,Paid,Yes,No,No,Playable,11800,260,89,74.7,3.8,22,19128,Not hit
103219,Pixel Colony II,2025-02-25,Casual,Indie,0.99,< $5,Paid,No,No,No,Verified,1700,33,17,66.0,2.6,5,656,Not hit
191612,Broken Protocol: Origins,2024-11-28,Simulation,Indie,9.99,$5-10,Paid,No,No,No,Verified,1400,30,23,56.8,11.3,4,6109,Not hit
104329,Star Racer,2023-05-02,Action,Indie,9.99,$5-10,Paid,No,Yes,No,Playable,11800,301,121,71.4,11.2,53,40756,Not hit
161457,Lost League 2 2,2021-04-29,Casual,Indie,9.99,$5-10,Paid,No,No,No,Verified,838700,16573,5379,75.5,6.9,983,3445226,Not hit
126973,Cyber Island II,2023-08-26,Survival,Indie,0.0,Free,Free,No,No,No,Verified,85600,1072,622,63.3,12.6,163,21417,Not hit
176035,Tiny League Remastered II,2019-06-24,Action,Indie,4.99,< $5,Paid,No,No,No,Playable,7100,118,38,75.7,14.8,26,11940,Not hit
175961,Dragon Colony Deluxe Deluxe,2017-01-06,Casual,AAA,69.99,$40+,Paid,No,No,Yes,Unsupported,191000,3095,2734,53.1,6.5,751,5848364,Not hit
110841,Eternal Ocean,2022-09-30,Casual,AA,19.99,$10-20,Paid,No,No,No,Unsupported,6100,106,102,51.4,4.5,10,45784,Not hit
159977,Mystic League Deluxe,2022-02-09,Adventure,Indie,4.99,< $5,Paid,No,No,No,Unsupported,7500,247,23,91.5,64.4,5,16717,Not hit
152059,Tiny Chronicles: Origins,2024-10-07,Horror,Indie,4.99,< $5,Paid,No,No,No,Verified,2100,35,11,77.7,9.0,1,3622,Not hit
107363,Iron Arena II,2024-03-05,Simulation,Indie,14.99,$10-20,Paid,Yes,Yes,No,Unsupported,6500,138,96,59.4,33.2,38,31719,Not hit
105735,Star Tower,2023-04-26,Strategy,Indie,14.99,$10-20,Paid,Yes,No,No,Playable,6200,54,40,57.8,39.2,18,41597,Not hit
102257,Silent Colony,2024-08-30,Horror,AAA,69.99,$40+,Paid,No,No,No,Playable,112500,1983,715,73.5,8.3,166,3400646,Not hit
182140,Silent Legends II,2022-07-19,Casual,Indie,14.99,$10-20,Paid,No,No,No,Playable,2700,72,32,69.6,3.8,5,15409,Not hit
150986,Star Dungeon Deluxe,2023-12-22,Adventure,Indie,2.99,< $5,Paid,No,No,No,Unsupported,1100,13,7,66.1,4.1,0,1039,Not hit
140330,Void Chronicles Deluxe,2018-07-16,Sports,Indie,4.99,< $5,Paid,No,Yes,No,Unsupported,3900,71,41,64.0,81.9,28,8649,Not hit
173778,Eternal Legends Remastered II,2023-01-05,Adventure,AAA,49.99,$40+,Paid,No,No,Yes,Playable,612800,9312,7347,55.9,27.5,391,10136354,Not hit
169190,Dark Kingdom 2,2022-09-28,Survival,Indie,9.99,$5-10,Paid,No,Yes,No,Unsupported,5700,103,22,82.7,,31,21848,Not hit
160569,Pixel Colony II: Origins,2018-05-10,Racing,AA,19.99,$10-20,Paid,No,No,No,Playable,1600,18,18,50.2,8.2,5,12900,Not hit
130969,Iron Survivors Deluxe,2018-05-06,Casual,Indie,14.99,$10-20,Paid,No,No,No,Playable,13400,210,40,84.1,19.0,25,77488,Not hit
163936,Void Dungeon Remastered,2023-04-23,Adventure,Indie,19.99,$10-20,Paid,No,No,No,Unsupported,169100,3923,764,83.7,6.6,586,1134866,Hit
134336,Shadow Horizon,2024-11-30,Action,Indie,14.99,$10-20,Paid,No,Yes,No,Verified,49300,1573,270,85.4,7.7,105,243007,Not hit
125678,Hidden Protocol: Origins,2018-08-19,RPG,Indie,0.0,Free,Free,No,No,No,Verified,68300,844,460,64.8,42.6,62,73908,Not hit
146805,Last Protocol: Origins,2023-08-28,Casual,AA,19.99,$10-20,Paid,No,No,No,Playable,32900,759,293,72.2,7.3,81,275523,Not hit
105513,Silent Frontier,2023-07-11,RPG,Indie,4.99,< $5,Paid,No,No,No,Playable,1500,38,17,70.4,116.3,1,3384,Not hit
104181,Mystic Odyssey,2022-10-13,Adventure,Indie,4.99,< $5,Paid,No,No,No,Playable,8400,112,29,79.8,12.8,14,13997,Not hit
109028,Neon Racer,2022-11-21,Action,Indie,9.99,$5-10,Paid,No,No,No,Verified,1400,14,7,69.9,15.8,3,5075,Not hit
101332,Rogue Arena,2021-05-18,Adventure,AA,24.99,$20-40,Paid,No,No,No,Playable,58100,848,288,74.7,17.6,158,588961,Not hit
111322,Dark Tactics,2025-12-01,Sports,Indie,9.99,$5-10,Paid,No,Yes,No,Playable,1600,48,14,78.1,21.5,5,5232,Not hit
122126,Steel League Remastered,2020-01-04,Strategy,AA,24.99,$20-40,Paid,No,Yes,No,Playable,627300,7426,2437,75.3,42.8,3742,7022159,Not hit
154205,Lost Island Remastered,2020-06-20,Adventure,Indie,14.99,$10-20,Paid,Yes,No,No,,38200,456,248,64.8,6.9,66,217778,Not hit
109509,Dragon Colony Remastered,2021-05-14,Racing,Indie,9.99,$5-10,Paid,No,Yes,No,Verified,4100,80,38,68.6,29.0,8,17456,Not hit
148470,Pixel Arena II Remastered,2020-05-26,Racing,AA,24.99,$20-40,Paid,No,Yes,No,Verified,249400,3648,840,81.3,64.7,793,2632466,Hit
185655,Star Hunter: Origins 2,2020-05-17,RPG,AA,39.99,$20-40,Paid,No,No,Yes,Verified,13300,137,95,59.4,18.0,22,185302,Not hit
143401,Golden Factory Deluxe,2021-06-02,Survival,Indie,0.0,Free,Free,No,Yes,No,Unsupported,112500,2570,951,73.0,29.4,548,37562,Not hit
164787,Tiny Chronicles Remastered,2016-02-09,Casual,Indie,14.99,$10-20,Paid,No,No,No,Verified,1500,43,15,74.5,12.5,5,8129,Not hit
137444,Last Chronicles II,2018-04-04,Roguelike,Indie,4.99,< $5,Paid,No,Yes,No,Playable,60100,831,102,89.1,24.2,134,105404,Not hit
135409,Crystal Tactics II,2016-06-03,Puzzle,Indie,14.99,$10-20,Paid,No,No,No,Verified,1000,21,8,73.2,8.1,1,5610,Not hit
180290,Frozen Factory 2 Deluxe,2023-08-14,Horror,Indie,14.99,$10-20,Paid,No,No,No,Playable,1700,30,17,64.6,7.4,1,8588,Not hit
156388,Lost Kingdom 2,2017-06-24,Simulation,Indie,9.99,$5-10,Paid,No,No,No,Verified,2000,38,10,81.1,35.1,7,7210,Not hit
115503,Last Hunter,2024-12-19,Horror,Indie,9.99,$5-10,Paid,No,No,No,Verified,1400,34,9,80.2,5.2,5,4764,Not hit
188504,Golden Hunter 2 2,2025-06-29,Action,Indie,9.99,$5-10,Paid,No,No,No,Verified,2000,29,9,76.7,10.8,6,8260,Not hit
108288,Cyber League: Origins,2024-12-28,Adventure,Indie,0.0,Free,Free,No,No,No,Playable,135000,1358,788,63.3,34.0,461,226310,Not hit
130044,Pixel Legends,2022-11-19,Puzzle,Indie,9.99,$5-10,Paid,No,No,No,Verified,200,3,3,57.6,30.1,0,712,Not hit
135335,Tiny League Remastered,2024-06-10,Action,Indie,2.99,< $5,Paid,No,No,No,Verified,6800,83,48,63.8,8.6,3,6703,Not hit
143882,Mystic Empire 2,2022-04-28,Puzzle,AAA,0.0,Free,Free,No,No,Yes,Playable,2725600,42379,5889,87.8,9.9,10764,2745165,Hit
182251,Mystic League Remastered,2025-05-24,Puzzle,Indie,0.0,Free,Free,No,No,No,Verified,2800,46,25,65.5,10.1,3,753,Not hit
166637,Neon Odyssey II,2022-10-15,Survival,Indie,0.0,Free,Free,No,Yes,No,Playable,34800,511,151,77.2,37.0,271,33768,Not hit
145140,Steel Odyssey Deluxe,2023-02-14,Action,Indie,24.99,$20-40,Paid,No,No,No,Playable,7400,145,53,73.4,16.1,10,71179,Not hit
144141,Lost Village II,2021-07-17,Casual,AA,24.99,$20-40,Paid,No,No,No,Verified,15500,334,264,55.9,3.0,38,157741,Not hit
132190,Dragon Kingdom 2,2021-09-11,Action,Indie,9.99,$5-10,Paid,No,No,No,Verified,10800,144,38,79.2,14.5,25,34938,Not hit
122348,Mystic Horizon,2016-07-21,Casual,Indie,9.99,$5-10,Paid,No,Yes,No,Playable,2400,37,35,52.5,9.1,3,7915,Not hit
184471,Dark League Deluxe,2019-08-26,Strategy,AA,29.99,$20-40,Paid,No,No,No,Playable,6400,192,59,76.8,54.2,22,77143,Not hit
120979,Frozen Empire,2018-01-06,Strategy,Indie,9.99,$5-10,Paid,No,Yes,No,Unsupported,46800,759,127,85.7,66.4,221,204039,Not hit
114245,Rogue Ocean Remastered,2023-05-17,Adventure,Indie,0.0,Free,Free,No,No,No,Playable,16700,339,150,69.4,10.2,48,16578,Not hit
177774,Void Empire 2: Origins,2024-03-11,Strategy,Indie,0.99,< $5,Paid,No,No,No,Playable,400,9,4,69.7,28.6,0,144,Not hit
129896,Shadow Tactics Remastered II,2025-04-01,Puzzle,Indie,9.99,$5-10,Paid,No,No,No,Playable,2400,57,12,83.9,1.7,2,9514,Not hit
113209,Broken Tactics,2022-02-08,RPG,Indie,4.99,< $5,Paid,No,No,No,Playable,15200,284,15,95.2,26.2,40,31271,Not hit
144363,Rogue Legends,2023-03-25,Strategy,Indie,24.99,$20-40,Paid,No,Yes,No,Unsupported,11200,360,51,87.7,91.7,54,114153,Not hit
104144,Last Kingdom,2020-03-18,Horror,Indie,19.99,$10-20,Paid,No,No,No,Verified,2400,49,21,71.3,15.6,6,18853,Not hit
119314,Crystal Hunter II,2019-07-31,Puzzle,Indie,4.99,< $5,Paid,No,No,No,Unsupported,1600,18,10,67.6,8.0,5,2791,Not hit
117020,Lost Empire Remastered,2024-04-11,Adventure,Indie,2.99,< $5,Paid,No,No,No,Playable,23600,389,140,73.7,16.4,29,23492,Not hit
147508,Wild Survivors Remastered,2020-05-12,Action,Indie,14.99,$10-20,Paid,No,No,No,Unsupported,13900,256,92,73.7,16.6,38,82613,Not hit
104403,Last League Deluxe,2020-06-03,Casual,Indie,0.0,Free,Free,Yes,No,No,Playable,11100,125,188,40.2,10.4,40,10016,Not hit
135631,Dragon Horizon Deluxe,2022-09-29,Action,Indie,14.99,$10-20,Paid,Yes,No,No,Playable,11600,271,99,73.5,12.2,19,55428,Not hit
183324,Cyber Tactics Remastered,2025-11-12,Puzzle,Indie,14.99,$10-20,Paid,No,No,No,Playable,3900,82,36,69.7,9.9,5,25126,Not hit
171225,Iron Survivors: Origins,2017-11-29,Puzzle,Indie,4.99,< $5,Paid,No,No,Yes,Verified,112800,3655,819,81.7,8.9,414,233356,Hit
100814,Hidden Tactics,2024-08-02,Action,Indie,14.99,$10-20,Paid,No,Yes,No,Verified,31200,926,267,77.7,9.6,58,188394,Not hit
131228,Silent Protocol 2,2020-03-16,Puzzle,Indie,4.99,< $5,Paid,No,No,No,Verified,37600,618,29,95.6,3.3,30,81523,Not hit
123125,Dragon Village Remastered,2025-04-24,Sports,Indie,9.99,$5-10,Paid,No,No,No,Unsupported,9200,166,61,73.3,8.0,21,35661,Not hit
109805,Dragon Tactics,2023-08-21,Adventure,Indie,14.99,$10-20,Paid,No,No,No,Verified,3600,53,19,74.6,21.5,11,24239,Not hit
103367,Eternal Kingdom,2025-09-21,Action,Indie,2.99,< $5,Paid,No,No,No,Playable,2000,23,8,74.9,13.5,6,2506,Not hit
187468,Silent Racer 2,2025-12-08,Adventure,Indie,19.99,$10-20,Paid,No,No,No,Playable,900,8,6,62.6,6.2,0,8170,Not hit
153169,Eternal Arena,2023-01-28,Adventure,Indie,0.99,< $5,Paid,No,No,No,Verified,2800,44,29,60.4,6.9,5,1045,Not hit
188689,Broken Chronicles II 2,2022-03-24,Strategy,Indie,0.0,Free,Free,Yes,No,No,Unsupported,166300,3117,2071,60.1,32.4,241,52697,Not hit
122385,Lost Empire 2,2023-03-25,RPG,Indie,19.99,$10-20,Paid,No,No,No,Playable,600,8,4,68.4,57.1,2,5112,Not hit
140996,Last Island Remastered,2024-01-27,Survival,Indie,4.99,< $5,Paid,Yes,Yes,No,Playable,2800,57,18,76.7,69.3,13,4454,Not hit
170226,Dark Factory Remastered: Origins,2018-07-22,Strategy,Indie,4.99,< $5,Paid,No,No,No,Verified,195900,6552,919,87.7,37.3,212,313476,Hit
142735,Iron Racer II,2022-01-11,Adventure,Indie,14.99,$10-20,Paid,Yes,No,Yes,Playable,500,7,3,75.4,3.1,0,2601,Not hit
142402,Solar Ocean,2022-10-29,Action,Indie,9.99,$5-10,Paid,No,No,No,Verified,2100,47,23,68.5,7.4,8,7854,Not hit
113875,Pixel Village 2,2018-11-04,Adventure,AA,24.99,$20-40,Paid,No,No,No,Unsupported,8000,154,59,72.4,3.2,15,86049,Not hit
100592,Broken Horizon,2018-06-03,Casual,AA,24.99,$20-40,Paid,No,No,No,Unsupported,2646700,55845,14401,79.5,6.8,9371,23958699,Not hit
139072,Dark Colony: Origins: Origins,2023-08-21,Casual,Indie,0.0,Free,Free,No,No,No,Playable,1150000,19310,4153,82.3,7.0,1175,1874689,Hit
150912,Dark Horizon Deluxe,2022-06-13,Adventure,AA,24.99,$20-40,Paid,No,No,No,Playable,6268300,147085,26570,84.7,15.1,5400,54207215,Hit
186358,Frozen Ocean Deluxe,2016-09-21,Adventure,Indie,9.99,$5-10,Paid,No,No,No,Verified,30300,697,123,85.0,9.3,80,96987,Not hit
161753,Broken Protocol Remastered Deluxe,2024-05-18,Simulation,Indie,9.99,$5-10,Paid,No,No,No,Playable,1100,33,9,80.1,64.1,0,4817,Not hit
173482,Hidden Kingdom II 2,2017-11-29,Racing,AA,19.99,$10-20,Paid,No,Yes,Yes,Verified,17600,409,175,70.1,55.6,70,142441,Not hit
102627,Shadow Factory,2021-11-30,Roguelike,Indie,14.99,$10-20,Paid,No,No,No,Verified,1800,24,13,65.8,24.5,3,8751,Not hit
189873,Cyber Ocean Deluxe II,2023-06-17,Casual,Indie,14.99,$10-20,Paid,No,No,No,Unsupported,1300,23,13,66.6,2.4,4,7797,Not hit
186506,Silent Horizon II,2020-07-31,Casual,AA,39.99,$20-40,Paid,No,No,No,Unsupported,16300,342,150,69.7,10.3,19,213386,Not hit
124346,Neon Hunter Remastered,2020-01-04,Adventure,AA,29.99,$20-40,Paid,No,No,No,Unsupported,737500,21152,6939,75.3,5.4,501,8010768,Not hit
164232,Tiny Hunter Remastered: Origins,2022-02-20,Roguelike,Indie,4.99,< $5,Paid,No,No,Yes,Verified,10000,174,52,77.4,16.4,38,20500,Not hit
159015,Dragon Chronicles,2024-01-01,RPG,Indie,14.99,$10-20,Paid,Yes,No,No,Verified,25700,774,178,81.4,10.7,81,145142,Not hit
133522,Iron Racer Deluxe,2018-07-09,Action,Indie,14.99,$10-20,Paid,No,No,No,Playable,3200,83,14,86.3,15.3,2,20136,Not hit
181030,Last Odyssey: Origins,2021-02-21,Strategy,AA,39.99,$20-40,Paid,No,No,No,Playable,123900,2084,775,72.9,86.9,91,1742441,Not hit
179328,Solar Survivors: Origins,2020-04-03,Action,Indie,9.99,$5-10,Paid,No,No,No,Playable,12300,240,69,77.9,32.9,37,43223,Not hit
152503,Mystic Ocean,2019-02-01,Survival,AA,19.99,$10-20,Paid,No,Yes,No,Unsupported,859300,15273,2163,87.6,125.4,4092,6106790,Hit
101110,Broken Kingdom,2021-06-03,Action,Indie,9.99,$5-10,Paid,No,No,No,Unsupported,23300,582,81,87.8,6.2,73,100165,Not hit
100518,Neon Kingdom,2025-04-26,Strategy,Indie,0.99,< $5,Paid,No,No,No,Unsupported,1300,32,7,83.3,45.8,4,495,Not hit
150024,Silent Island 2,2023-09-03,Puzzle,Indie,2.99,< $5,Paid,No,No,No,Verified,200,3,2,66.4,6.5,0,192,Not hit
168524,Shadow Village Remastered,2019-02-22,Casual,AA,29.99,$20-40,Paid,No,No,No,Verified,65700,681,309,68.8,4.8,213,867970,Not hit
176146,Iron Empire II,2022-09-04,RPG,Indie,14.99,$10-20,Paid,No,No,No,Verified,2600,71,15,82.9,36.3,3,15398,Not hit
140441,Cyber Empire,2023-03-25,Action,Indie,9.99,$5-10,Paid,No,No,No,Playable,487800,7613,204,97.4,7.1,386,1967903,Hit
158534,Neon Horizon Remastered: Origins,2024-11-21,Roguelike,Indie,4.99,< $5,Paid,No,Yes,No,Playable,54600,2082,22,99,14.2,201,87836,Not hit
100222,Cyber Arena,2025-08-27,RPG,Indie,19.99,$10-20,Paid,No,Yes,No,Playable,5600,117,70,62.8,65.4,38,42854,Not hit
154279,Dark Dungeon Deluxe Deluxe,2019-02-10,Adventure,Indie,9.99,$5-10,Paid,No,No,No,Playable,21000,798,9,99,17.2,39,80762,Not hit
173704,Rogue Horizon Deluxe,2025-08-25,Puzzle,Indie,0.99,< $5,Paid,No,No,No,Unsupported,1200,24,12,68.2,3.1,0,458,Not hit
105920,Cyber Kingdom,2023-06-12,Simulation,Indie,2.99,< $5,Paid,No,No,No,Unsupported,30900,608,194,75.9,,80,39875,Not hit
117760,Golden Tactics II,2025-02-18,Action,Indie,9.99,$5-10,Paid,No,No,No,Playable,149000,4794,185,96.3,13.9,352,654203,Hit
115614,Star Legends Remastered,2018-09-15,Simulation,Indie,0.0,Free,Free,No,No,No,Playable,535200,9137,3788,70.7,73.0,411,413823,Not hit
163714,Shadow Tactics: Origins,2023-12-11,Horror,Indie,0.99,< $5,Paid,No,Yes,No,Playable,18000,387,86,81.9,8.9,103,7094,Not hit
184249,Silent Factory Deluxe,2025-05-05,Adventure,Indie,19.99,$10-20,Paid,No,No,No,Verified,21300,289,57,83.7,4.2,14,152490,Not hit
162419,Frozen Island: Origins,2020-12-13,Casual,AA,0.0,Free,Free,No,No,No,Verified,705600,9159,4451,67.3,1.7,391,1229724,Not hit
175924,Mystic Odyssey: Origins,2017-05-07,RPG,Indie,4.99,< $5,Paid,No,No,Yes,Verified,16500,322,158,67.2,104.2,16,36988,Not hit
127158,Golden Tactics: Origins,2019-01-17,Adventure,AA,39.99,$20-40,Paid,No,No,Yes,Unsupported,8200,165,82,66.9,8.8,16,119217,Not hit
105180,Pixel Empire,2020-04-13,Adventure,Indie,4.99,< $5,Paid,Yes,No,No,Unsupported,18200,349,84,80.8,18.7,47,41215,Not hit
143808,Crystal Island Deluxe,2021-11-23,Casual,AA,24.99,$20-40,Paid,No,No,No,Playable,137200,4607,782,85.5,2.9,127,1548503,Hit
116872,Cyber Arena: Origins,2016-04-06,Survival,Indie,2.99,< $5,Paid,Yes,Yes,No,Unsupported,41800,659,128,83.8,141.2,233,52573,Not hit
160680,Mystic Racer II 2 2,2021-01-19,Horror,Indie,14.99,$10-20,Paid,No,Yes,No,Verified,8900,158,69,69.7,5.4,17,56985,Not hit
100296,Dragon Ocean,2018-05-18,Racing,Indie,4.99,< $5,Paid,Yes,Yes,No,Playable,4800,82,36,69.6,36.5,34,7601,Not hit
163344,Golden Colony Remastered Deluxe,2017-03-30,Action,AA,39.99,$20-40,Paid,No,Yes,No,Unsupported,118200,3046,1501,67.0,29.0,587,2057459,Not hit
149025,Mystic Dungeon: Origins,2018-11-10,Puzzle,Indie,0.0,Free,Free,No,No,No,Unsupported,28300,331,220,60.2,8.1,88,17857,Not hit
182288,Tiny Hunter Deluxe: Origins,2017-10-03,Horror,Indie,14.99,$10-20,Paid,No,Yes,No,Unsupported,19100,275,69,80.0,6.0,94,98189,Not hit
148544,Lost Colony Remastered,2022-04-28,Action,Indie,24.99,$20-40,Paid,No,No,No,Verified,1600,30,11,74.0,18.9,2,15749,Not hit
126344,Steel Protocol Deluxe,2023-02-15,RPG,Indie,9.99,$5-10,Paid,No,No,No,Verified,3000,53,32,63.3,79.3,3,13103,Not hit
118463,Silent Racer Deluxe,2025-02-02,Racing,Indie,0.99,< $5,Paid,No,No,No,Verified,12500,320,139,69.8,8.5,18,3993,Not hit
159459,Eternal Chronicles Remastered II,2023-05-30,Action,AA,24.99,$20-40,Paid,No,Yes,No,Unsupported,1024500,14594,5235,73.6,27.0,7393,9326216,Not hit
135150,Star Village: Origins,2020-12-01,Puzzle,Indie,4.99,< $5,Paid,No,No,No,Verified,24600,848,124,87.3,20.6,72,38950,Not hit
156906,Pixel Frontier 2,2025-11-01,Casual,Indie,9.99,$5-10,Paid,No,No,No,Playable,2300,38,19,68.2,3.1,5,7520,Not hit
133263,Wild Frontier,2016-05-26,Action,Indie,0.0,Free,Free,Yes,Yes,No,Unsupported,96200,1519,952,61.5,13.2,171,131875,Not hit
106808,Steel Racer,2025-05-31,Puzzle,Indie,2.99,< $5,Paid,No,No,No,Unsupported,2100,27,9,76.8,2.7,3,2603,Not hit
123939,Broken Factory II,2021-03-13,Action,Indie,0.0,Free,Free,No,No,No,Verified,70500,1814,902,66.8,7.5,219,29003,Not hit
140034,Mystic Kingdom: Origins,2020-09-22,Puzzle,Indie,14.99,$10-20,Paid,Yes,No,No,Verified,15700,260,96,73.1,6.0,46,76119,Not hit
165194,Crystal Hunter Deluxe,2017-09-02,Adventure,AA,19.99,$10-20,Paid,No,No,No,Playable,71900,1191,480,71.3,10.0,193,480134,Not hit
178995,Iron Chronicles 2 2,2021-02-11,Action,AAA,49.99,$40+,Paid,No,No,No,Unsupported,2119000,55511,15566,78.1,,3102,38646408,Not hit
153095,Eternal Protocol II Remastered,2022-12-13,Roguelike,Indie,14.99,$10-20,Paid,No,Yes,No,Playable,22000,338,120,73.9,14.4,94,126590,Not hit
166415,Solar Hunter Deluxe,2025-08-12,Racing,Indie,4.99,< $5,Paid,No,Yes,No,,12200,257,127,67.1,23.5,66,20759,Not hit
136815,Neon Hunter II,2022-04-25,Puzzle,Indie,0.0,Free,Free,No,No,No,Verified,367800,8113,593,93.2,6.5,848,335822,Hit
133633,Shadow Kingdom,2019-07-13,Action,Indie,4.99,< $5,Paid,Yes,Yes,No,Verified,8100,223,80,73.8,7.7,39,16564,Not hit
132597,Wild Colony Remastered,2018-12-25,RPG,AA,24.99,$20-40,Paid,No,Yes,No,Unsupported,33200,339,160,68.1,116.5,106,373129,Not hit
151319,Last Ocean II Remastered,2022-05-05,Roguelike,Indie,2.99,< $5,Paid,Yes,Yes,No,Unsupported,95100,2009,430,82.4,15.1,555,124515,Not hit
116613,Shadow Protocol,2023-03-21,Adventure,Indie,2.99,< $5,Paid,No,No,No,Verified,20300,466,184,71.8,5.7,41,21340,Not hit
128453,Pixel Village 2: Origins: Origins,2023-06-18,RPG,Indie,14.99,$10-20,Paid,No,Yes,No,Verified,163600,4145,400,91.2,41.8,857,977940,Hit
133226,Tiny Hunter II,2025-07-01,Adventure,Indie,2.99,< $5,Paid,No,No,No,Playable,7400,99,30,77.0,13.4,29,8842,Not hit
158201,Neon Chronicles 2,2025-10-11,Survival,AA,24.99,$20-40,Paid,No,Yes,No,Verified,143300,1562,1397,52.8,53.9,580,1526872,Not hit
185951,Wild Odyssey 2,2022-06-19,Action,Indie,9.99,$5-10,Paid,Yes,No,No,Unsupported,7900,96,46,68.1,13.3,27,26445,Not hit
103885,Void Protocol,2017-05-01,Puzzle,AA,29.99,$20-40,Paid,No,No,No,Playable,55300,1048,437,70.6,4.5,142,704842,Not hit
149210,Shadow Tactics II,2021-09-12,Roguelike,AA,29.99,$20-40,Paid,No,Yes,No,Playable,254500,6239,835,88.2,33.1,1775,2753881,Hit
118870,Star Island 2,2025-08-10,Action,Indie,9.99,$5-10,Paid,No,Yes,No,Verified,1900,24,6,81.8,14.3,8,6558,Not hit
172002,Hidden Odyssey Deluxe,2016-10-23,Roguelike,Indie,9.99,$5-10,Paid,No,Yes,Yes,Verified,2600,41,15,73.6,35.0,7,9747,Not hit
164047,Cyber Racer: Origins,2024-10-14,Casual,Indie,9.99,$5-10,Paid,No,No,No,Unsupported,1600,34,21,62.9,8.5,3,5361,Not hit
174148,Last Chronicles Remastered Deluxe,2022-03-01,Action,Indie,4.99,< $5,Paid,No,Yes,No,Verified,39100,963,388,71.3,9.3,175,67484,Not hit
189059,Lost Legends 2 2,2022-03-30,Casual,Indie,0.0,Free,Free,No,No,Yes,Playable,65800,1204,670,64.3,2.7,152,22420,Not hit
174000,Lost Protocol 2,2024-11-20,Sports,Indie,14.99,$10-20,Paid,No,Yes,No,Unsupported,4200,85,49,63.6,110.6,20,25154,Not hit
170744,Last Survivors Remastered,2022-11-04,Strategy,AA,24.99,$20-40,Paid,No,No,No,Verified,160500,2019,1098,64.8,32.4,181,1627843,Not hit
147212,Neon Village Deluxe II,2022-08-31,Action,AA,29.99,$20-40,Paid,No,Yes,No,Unsupported,1021600,14219,4867,74.5,2.9,7771,10031589,Not hit
171077,Rogue Colony II: Origins,2025-01-15,RPG,AA,29.99,$20-40,Paid,No,Yes,No,Unsupported,62700,737,396,65.1,84.8,233,806044,Not hit
104588,Last Kingdom: Origins,2018-12-25,Survival,Indie,9.99,$5-10,Paid,No,Yes,No,Verified,500,5,3,63.6,36.1,3,1682,Not hit
176516,Lost Colony: Origins Deluxe,2024-09-29,Casual,AAA,59.99,$40+,Paid,No,No,No,Unsupported,266000,4417,1357,76.5,6.7,790,5760028,Not hit
102183,Lost Racer,2021-06-14,Simulation,Indie,4.99,< $5,Paid,No,No,No,Verified,24600,403,109,78.9,13.3,91,46310,Not hit
189688,Solar Kingdom Deluxe: Origins,2023-12-25,Simulation,Indie,19.99,$10-20,Paid,No,Yes,No,Playable,2600,26,13,67.0,109.6,5,17152,Not hit
150727,Star Frontier: Origins,2016-05-14,Casual,Indie,4.99,< $5,Paid,No,No,No,Playable,15300,354,114,75.8,7.2,48,24377,Not hit
191094,Hidden Arena: Origins 2,2020-01-24,Survival,Indie,0.99,< $5,Paid,No,No,No,Playable,600,6,5,56.1,61.1,1,226,Not hit
113135,Crystal Ocean Deluxe,2020-06-06,Action,Indie,14.99,$10-20,Paid,No,No,Yes,Playable,8200,143,65,68.8,17.2,25,44831,Not hit
111211,Dark Dungeon Deluxe,2016-12-15,Action,Indie,9.99,$5-10,Paid,No,Yes,No,Playable,41400,954,447,68.1,5.3,234,161890,Not hit
127898,Frozen Factory II,2019-05-05,Survival,Indie,14.99,$10-20,Paid,No,Yes,No,Playable,13400,244,100,71.2,80.0,26,88670,Not hit
165046,Last Hunter Deluxe,2025-05-18,Action,Indie,9.99,$5-10,Paid,No,No,No,Unsupported,13900,419,41,91.2,24.4,14,62630,Not hit
114726,Crystal Colony Remastered,2017-04-17,Adventure,Indie,4.99,< $5,Paid,No,No,No,Playable,209800,7157,831,89.6,7.3,798,461311,Hit
100666,Iron Arena,2025-10-06,Adventure,Indie,14.99,$10-20,Paid,Yes,No,No,Unsupported,28000,872,239,78.5,10.0,43,168117,Not hit
179217,Iron Kingdom II,2025-04-05,RPG,AA,19.99,$10-20,Paid,No,Yes,Yes,Playable,68500,1816,311,85.4,50.5,474,572763,Not hit
108436,Pixel Colony Remastered,2022-10-28,Roguelike,Indie,4.99,< $5,Paid,No,No,No,Verified,2400,53,28,66.1,11.3,6,4050,Not hit
113468,Golden Dungeon,2016-11-03,RPG,AA,29.99,$20-40,Paid,No,Yes,Yes,Verified,508700,5926,5856,50.3,117.8,2574,5551035,Not hit
186432,Dragon Frontier Remastered II,2024-05-31,Action,Indie,14.99,$10-20,Paid,No,No,No,Verified,23300,429,142,75.3,11.7,51,121400,Not hit
170670,Silent Ocean: Origins 2,2023-08-27,Adventure,Indie,24.99,$20-40,Paid,No,Yes,No,Playable,1200,16,8,69.1,15.3,3,11609,Not hit
186136,Frozen Legends II 2,2021-10-12,Horror,AA,24.99,$20-40,Paid,No,No,No,Verified,132400,3090,1350,69.6,3.0,467,1186519,Not hit
177737,Dark Odyssey II Remastered,2021-07-14,Casual,Indie,9.99,$5-10,Paid,No,No,No,Playable,7900,152,64,70.5,8.5,5,35379,Not hit
167303,Broken Protocol Remastered Remastered,2023-07-21,Action,Indie,0.0,Free,Free,Yes,Yes,No,Verified,291400,7161,2772,72.1,6.4,1949,436441,Not hit
170707,Last League Remastered II,2025-07-08,Puzzle,Indie,2.99,< $5,Paid,No,No,No,Unsupported,1400,33,17,66.9,5.0,0,1473,Not hit
156647,Last Tactics Remastered,2022-10-16,Sports,AA,29.99,$20-40,Paid,No,Yes,Yes,Verified,3291100,62455,16204,79.4,12.2,12029,37692242,Not hit
159126,Broken Hunter 2 Remastered,2020-05-07,Racing,Indie,9.99,$5-10,Paid,No,No,No,Unsupported,124600,2634,415,86.4,15.1,128,411509,Hit
128194,Silent Island Remastered,2018-09-30,Puzzle,Indie,24.99,$20-40,Paid,No,No,No,Playable,76400,2207,415,84.2,13.7,81,731041,Not hit
121423,Broken Horizon II,2020-03-15,Roguelike,Indie,14.99,$10-20,Paid,No,No,No,Playable,2800,55,19,74.5,18.7,8,14364,Not hit
142624,Cyber League 2,2024-01-18,Horror,AA,19.99,$10-20,Paid,No,Yes,No,Verified,61000,598,379,61.3,8.4,332,542209,Not hit
170966,Silent Factory: Origins,2016-04-29,Action,Indie,9.99,$5-10,Paid,No,No,No,Unsupported,28500,857,215,80.0,17.3,65,117233,Not hit
159607,Rogue Protocol: Origins,2018-10-04,Action,Indie,14.99,$10-20,Paid,No,No,No,Verified,147000,2429,743,76.6,15.0,334,861477,Not hit
175776,Star Chronicles 2,2022-12-10,Casual,Indie,9.99,$5-10,Paid,No,No,No,Verified,800,19,11,65.8,10.2,0,2855,Not hit
129341,Lost Odyssey,2020-09-01,Sports,AA,29.99,$20-40,Paid,No,Yes,No,Verified,910900,10238,4306,70.4,63.6,3212,9234641,Not hit
167229,Rogue Arena II,2016-06-23,Puzzle,Indie,9.99,$5-10,Paid,Yes,No,No,Verified,26400,865,145,85.7,1.8,62,115823,Not hit
162049,Tiny Empire 2,2016-11-23,Action,Indie,9.99,$5-10,Paid,No,Yes,No,Verified,1300,11,9,59.6,10.0,5,5211,Not hit
151245,Void Legends Remastered,2017-04-17,Simulation,Indie,9.99,$5-10,Paid,No,No,No,Verified,256000,6334,362,94.6,80.9,934,932012,Hit
182954,Mystic Arena: Origins: Origins,2023-01-31,Action,Indie,2.99,< $5,Paid,Yes,No,No,Playable,41500,1135,351,76.4,9.5,27,46481,Not hit
172372,Mystic Survivors Remastered,2022-09-23,RPG,Indie,19.99,$10-20,Paid,No,No,No,Unsupported,2300,61,25,71.9,29.4,4,18795,Not hit
137259,Last Protocol 2,2017-02-13,Action,Indie,0.0,Free,Free,No,No,No,Verified,5400,119,67,64.4,,8,2604,Not hit
183509,Last Chronicles II Deluxe,2021-04-16,Strategy,Indie,14.99,$10-20,Paid,No,Yes,No,Verified,19700,246,129,65.8,142.8,104,125729,Not hit
109694,Golden League: Origins,2016-04-22,Survival,Indie,4.99,< $5,Paid,No,Yes,No,Verified,13600,401,118,77.4,29.3,55,28365,Not hit
115207,Lost Arena,2025-10-11,Survival,Indie,9.99,$5-10,Paid,No,Yes,No,Verified,2100,48,22,69.7,31.0,10,7057,Not hit
156351,Frozen Factory Remastered,2025-05-21,Survival,AA,19.99,$10-20,Paid,No,No,No,Playable,33300,403,99,80.3,85.6,58,237331,Not hit
157683,Iron Tactics Remastered,2018-04-24,Adventure,Indie,2.99,< $5,Paid,No,No,No,Verified,1800,33,15,70.7,21.3,6,2236,Not hit
154723,Hidden Empire II 2,2016-04-28,Horror,AAA,59.99,$40+,Paid,No,No,Yes,Playable,314400,4696,1189,79.8,5.9,655,6487000,Not hit
139664,Mystic Frontier Deluxe,2022-01-06,Simulation,Indie,24.99,$20-40,Paid,No,No,No,Unsupported,9300,216,55,80.0,34.5,29,88215,Not hit
125234,Solar Odyssey Deluxe,2017-10-18,RPG,Indie,2.99,< $5,Paid,No,Yes,No,Verified,7200,129,44,74.7,63.9,19,8928,Not hit
157313,Crystal Dungeon Remastered,2018-07-05,Strategy,Indie,2.99,< $5,Paid,No,Yes,No,Playable,13200,172,52,76.9,171.7,99,15944,Not hit
183731,Golden Kingdom Deluxe,2023-01-26,Simulation,Indie,14.99,$10-20,Paid,No,No,,Playable,4700,106,37,74.4,57.5,6,26728,Not hit
174333,Pixel Frontier 2: Origins,2019-10-02,Strategy,Indie,14.99,$10-20,Paid,No,No,No,Unsupported,1300,21,8,74.4,13.7,3,7393,Not hit
129267,Void Racer,2023-12-23,Casual,Indie,2.99,< $5,Paid,No,No,No,Verified,6900,105,56,65.4,6.3,8,7753,Not hit
146546,Neon Colony,2018-03-06,Casual,Indie,4.99,< $5,Paid,No,No,No,Verified,10400,146,53,73.8,4.3,7,18901,Not hit
144881,Wild Survivors,2023-06-25,Casual,Indie,19.99,$10-20,Paid,No,No,No,Unsupported,6500,141,36,79.7,7.9,21,49904,Not hit
109472,Eternal Chronicles,2024-10-27,Puzzle,AA,24.99,$20-40,Paid,No,No,No,Unsupported,118900,1578,499,76.0,6.9,211,1120242,Not hit
144067,Pixel Protocol Remastered,2024-08-27,Casual,Indie,14.99,$10-20,Paid,No,No,No,Verified,900,12,5,71.6,3.5,0,5113,Not hit
172261,Mystic Kingdom II,2017-04-12,Adventure,AAA,59.99,$40+,Paid,No,No,No,Playable,3329300,74029,24809,74.9,11.9,1677,85621132,Not hit
126233,Golden Colony 2,2024-03-26,Strategy,Indie,14.99,$10-20,Paid,No,No,No,Unsupported,2100,35,16,69.5,8.2,3,13946,Not hit
150172,Crystal Factory Deluxe,2022-12-15,Adventure,Indie,4.99,< $5,Paid,No,No,No,Verified,500,6,4,62.6,6.7,1,1006,Not hit
164565,Rogue Odyssey II,2017-05-26,Horror,AA,19.99,$10-20,Paid,No,No,No,Verified,88100,982,369,72.7,4.1,282,658225,Not hit
189318,Golden Arena Remastered Remastered,2022-01-09,RPG,Indie,0.0,Free,Free,No,No,No,Verified,1400,16,8,67.4,48.4,4,1037,Not hit
154427,Iron Racer: Origins,2022-07-22,Strategy,AA,39.99,$20-40,Paid,No,No,No,Playable,68700,754,303,71.4,30.1,190,1222020,Not hit
183361,Neon Hunter II: Origins,2025-09-10,Survival,Indie,9.99,$5-10,Paid,No,No,No,Playable,3900,96,50,66.1,53.3,10,14147,Not hit
123865,Frozen League Remastered Deluxe,2020-07-30,RPG,Indie,14.99,$10-20,Paid,Yes,Yes,No,Verified,170300,2872,978,74.6,53.2,770,1067880,Not hit
186395,Void Frontier Remastered,2023-08-28,Casual,AA,29.99,$20-40,Paid,No,No,No,Verified,11000,207,59,77.9,2.6,12,111213,Not hit
141736,Dragon Hunter 2,2020-01-17,Simulation,Indie,2.99,< $5,Paid,No,No,No,Playable,14400,325,102,76.3,37.2,14,18896,Not hit
109139,Cyber Kingdom Remastered Deluxe,2018-05-14,Horror,Indie,0.0,Free,Free,No,No,No,Unsupported,10800,211,92,69.9,5.7,15,6270,Not hit
120054,Cyber League Deluxe,2018-07-17,Action,Indie,2.99,< $5,Paid,No,Yes,No,Verified,153000,5298,744,87.7,26.8,284,199730,Hit
178514,Cyber Factory 2,2019-04-23,Horror,AA,29.99,$20-40,Paid,No,No,Yes,Verified,425900,9399,4588,67.2,16.5,880,5303307,Not hit
139294,Wild Racer Remastered,2021-09-14,Adventure,AA,24.99,$20-40,Paid,No,No,No,Playable,11900,193,86,69.3,11.4,37,96738,Not hit
178847,Rogue Kingdom Remastered: Origins,2019-08-06,Puzzle,Indie,14.99,$10-20,Paid,No,No,No,Playable,1200,23,7,77.8,10.6,1,6560,Not hit
101776,Crystal Dungeon,2019-03-28,Simulation,Indie,14.99,$10-20,Paid,No,Yes,No,,51900,1073,416,72.1,40.8,374,343253,Not hit
132264,Solar Colony Remastered,2020-03-07,Survival,AA,19.99,$10-20,Paid,No,Yes,No,Unsupported,20800,447,134,77.1,90.2,123,171734,Not hit
162197,Dark Empire Deluxe,2019-05-22,Casual,Indie,9.99,$5-10,Paid,No,Yes,No,Playable,400,5,5,52.7,7.4,2,1506,Not hit
122866,Mystic Dungeon 2,2022-02-03,RPG,Indie,4.99,< $5,Paid,No,No,No,Unsupported,5100,60,30,67.7,90.0,16,11563,Not hit
121571,Last Racer 2,2023-01-26,Casual,Indie,2.99,< $5,Paid,No,No,No,Playable,3000,67,23,75.1,2.4,10,3257,Not hit
156462,Dragon Village Deluxe,2017-06-27,Casual,Indie,14.99,$10-20,Paid,No,Yes,No,Verified,135100,1936,537,78.3,4.9,552,766852,Not hit
111396,Last Odyssey,2023-06-06,Strategy,AAA,59.99,$40+,Paid,No,No,Yes,Playable,6607900,171365,38900,81.5,98.0,14944,147627765,Hit
158756,Silent Ocean: Origins,2017-06-28,Roguelike,Indie,14.99,$10-20,Paid,No,No,No,Verified,16900,195,105,65.1,38.2,26,111757,Not hit
127306,Golden Empire: Origins,2018-09-16,Casual,Indie,9.99,$5-10,Paid,No,No,No,Unsupported,4400,90,38,70.8,2.5,10,18408,Not hit
190872,Lost Dungeon: Origins,2018-10-15,Sports,Indie,19.99,$10-20,Paid,No,No,No,Playable,1900,26,12,69.6,17.6,6,13171,Not hit
143993,Crystal Chronicles,2021-03-10,Adventure,Indie,14.99,$10-20,Paid,No,No,No,Verified,15500,490,34,93.6,5.2,38,85225,Not hit
131154,Hidden Tactics 2 Deluxe,2025-12-09,Casual,Indie,9.99,$5-10,Paid,No,No,No,Unsupported,1900,23,6,80.3,3.7,4,8094,Not hit
173038,Broken Frontier: Origins,2019-07-16,Casual,Indie,9.99,$5-10,Paid,No,No,No,Verified,6000,156,49,76.2,7.8,7,23866,Not hit
186913,Shadow Kingdom Remastered,2019-12-08,Action,Indie,14.99,$10-20,Paid,No,Yes,No,Playable,1700,29,14,68.1,26.8,5,9373,Not hit
183546,Lost Arena 2: Origins,2020-05-22,Simulation,Indie,4.99,< $5,Paid,No,No,No,Unsupported,301000,3834,989,79.5,39.0,582,588298,Not hit
136334,Steel Odyssey: Origins,2016-12-20,Adventure,Indie,14.99,$10-20,Paid,No,No,No,Playable,13000,256,27,90.5,11.0,22,67278,Not hit
175850,Star Chronicles 2 2,2017-02-05,Adventure,Indie,0.0,Free,Free,No,No,No,Playable,9600,216,74,74.5,18.5,31,8667,Not hit
130747,Iron Legends: Origins,2024-04-11,Simulation,Indie,14.99,$10-20,Paid,No,No,No,Unsupported,6800,187,41,82.3,24.3,24,37535,Not hit
146065,Rogue Hunter 2,2017-11-03,Strategy,Indie,4.99,< $5,Paid,No,No,No,Playable,10200,155,60,72.4,,15,20506,Not hit
110471,Silent Racer,2023-03-10,Action,Indie,19.99,$10-20,Paid,No,No,No,Verified,4200,65,25,73.0,10.6,16,31491,Not hit
186284,Solar Hunter II,2016-08-17,Racing,AA,19.99,$10-20,Paid,No,Yes,No,Verified,211400,6676,1436,82.3,22.3,1619,1364044,Hit
149987,Solar Village II Remastered,2024-09-06,Adventure,Indie,14.99,$10-20,Paid,No,No,No,Playable,93200,2639,534,83.2,12.0,111,582399,Not hit
183213,Tiny Hunter II 2,2021-03-05,Horror,Indie,4.99,< $5,Paid,No,No,Yes,Playable,600,13,9,60.3,3.1,1,1270,Not hit
114060,Frozen League 2,2024-11-05,Strategy,Indie,19.99,$10-20,Paid,No,No,No,Playable,4900,137,48,74.4,29.6,18,32012,Not hit
137370,Silent Colony 2,2021-12-17,Casual,Indie,24.99,$20-40,Paid,No,Yes,No,Verified,13000,309,179,63.4,4.3,56,116103,Not hit
141033,Pixel Hunter Remastered,2019-10-06,Casual,Indie,9.99,$5-10,Paid,No,No,No,Playable,6000,92,58,61.8,9.5,7,19726,Not hit
165231,Wild Racer 2,2021-10-05,Casual,Indie,4.99,< $5,Paid,No,No,No,Verified,2700,49,34,59.7,4.0,7,5924,Not hit
130562,Broken Tactics Remastered,2025-02-06,Strategy,Indie,4.99,< $5,Paid,No,No,No,Verified,900,16,13,58.5,42.4,3,1592,Not hit
134040,Dark League,2022-04-02,RPG,Indie,9.99,$5-10,Paid,No,No,No,Verified,114600,3829,730,84.0,100.9,231,481034,Hit
155722,Cyber Racer Deluxe,2019-05-26,Adventure,AA,24.99,$20-40,Paid,No,No,No,Verified,20200,477,195,71.1,13.8,19,196566,Not hit
145103,Frozen Protocol Remastered: Origins,2017-11-20,RPG,Indie,2.99,< $5,Paid,Yes,No,No,Verified,15900,319,202,61.4,49.8,53,18970,Not hit
173297,Dark Village 2,2018-11-10,Survival,Indie,14.99,$10-20,Paid,No,Yes,No,Verified,53400,1846,264,87.5,29.3,392,274939,Not hit
126455,Silent Island: Origins,2024-07-26,RPG,Indie,0.0,Free,Free,No,No,No,Verified,107500,2687,1225,68.7,52.8,348,54817,Not hit
121460,Last Horizon,2016-02-13,Simulation,Indie,14.99,$10-20,Paid,No,Yes,No,Verified,5200,81,41,66.7,69.2,23,29131,Not hit
100777,Broken Dungeon,2025-10-22,Adventure,Indie,2.99,< $5,Paid,Yes,Yes,No,Playable,51100,832,362,69.7,8.7,109,50701,Not hit
128379,Dark Empire: Origins,2024-10-06,Adventure,AA,29.99,$20-40,Paid,No,No,No,Verified,17400,227,82,73.5,3.3,26,221157,Not hit
102738,Silent Village,2022-10-20,Adventure,AA,24.99,$20-40,Paid,No,No,No,Unsupported,59400,960,489,66.3,3.1,45,664476,Not hit
139627,Crystal Hunter: Origins,2025-04-20,Strategy,Indie,14.99,$10-20,Paid,No,No,No,Verified,21500,482,207,70.1,27.6,58,145962,Not hit
176664,Golden Village Remastered Remastered,2017-07-19,Puzzle,AA,39.99,$20-40,Paid,No,No,No,Playable,28100,375,143,72.5,2.4,28,379124,Not hit
165638,Iron Legends 2 Deluxe,2021-12-11,Action,AA,29.99,$20-40,Paid,No,No,No,Playable,71600,1323,130,91.1,13.1,280,932875,Not hit
175110,Mystic Frontier Remastered,2024-01-09,Puzzle,Indie,24.99,$20-40,Paid,No,Yes,No,Playable,8800,119,30,80.4,8.1,24,83760,Not hit
124864,Neon Kingdom Remastered,2023-02-13,Casual,Indie,9.99,$5-10,Paid,No,No,No,Playable,2200,39,12,77.7,4.5,1,8117,Not hit
165453,Steel Racer: Origins,2017-06-22,Action,Indie,2.99,< $5,Paid,No,No,No,Verified,28400,642,234,73.3,18.8,37,27186,Not hit
167821,Crystal Ocean: Origins,2022-10-24,Action,Indie,0.99,< $5,Paid,No,No,No,Playable,6700,83,33,71.9,25.3,14,2249,Not hit
129711,Broken Chronicles,2021-01-23,Adventure,Indie,2.99,< $5,Paid,No,No,No,Verified,1700,48,18,73.1,13.5,6,2058,Not hit
121349,Hidden Frontier,2018-01-29,Action,Indie,14.99,$10-20,Paid,No,No,No,Playable,8800,227,28,89.1,8.1,26,48787,Not hit
124753,Pixel Kingdom 2,2025-02-17,Horror,Indie,14.99,$10-20,Paid,Yes,No,No,Playable,500,8,9,52.5,4.5,0,3395,Not hit
171706,Golden Village 2 Remastered: Origins,2023-03-17,Action,AA,24.99,$20-40,Paid,No,Yes,No,Unsupported,726900,15818,6244,71.7,9.8,1215,6041824,Not hit
131672,Last Empire,2019-11-17,Simulation,Indie,2.99,< $5,Paid,No,No,No,Playable,50100,1025,361,74.0,28.5,168,52589,Not hit
131302,Silent Chronicles: Origins,2023-11-16,Adventure,AAA,49.99,$40+,Paid,No,No,Yes,Unsupported,2158600,45318,16256,73.6,11.5,7906,43107792,Not hit
155574,Dragon Colony Deluxe,2024-03-02,Strategy,Indie,0.99,< $5,Paid,No,No,No,Playable,7500,227,65,77.8,34.1,27,2546,Not hit
104810,Neon Tower,2022-10-28,Adventure,AA,19.99,$10-20,Paid,No,Yes,No,Unsupported,8200,139,82,63.3,34.6,25,64325,Not hit
189651,Lost Tower Deluxe: Origins,2025-04-26,Simulation,Indie,0.99,< $5,Paid,No,No,No,Verified,74500,1068,122,89.8,23.0,238,25404,Not hit
152355,Steel Colony 2,2022-07-18,Simulation,AAA,49.99,$40+,Paid,No,No,Yes,Playable,456000,10018,3502,74.1,16.6,1224,10315051,Not hit
117427,Frozen Kingdom,2025-09-03,Simulation,Indie,9.99,$5-10,Paid,No,No,No,Playable,3300,73,30,71.1,24.2,6,12271,Not hit
159274,Tiny Factory: Origins,2020-04-01,Simulation,AAA,0.0,Free,Free,No,Yes,No,Verified,1066400,14667,4066,78.3,32.1,3553,1701447,Not hit
103108,Mystic Hunter,2019-08-17,Adventure,AA,0.0,Free,Free,No,No,No,Playable,671100,12139,3267,78.8,9.5,2591,1082457,Not hit
123310,Dark Legends Deluxe,2021-05-13,RPG,Indie,4.99,< $5,Paid,No,No,Yes,Playable,338400,9133,1525,85.7,84.4,434,653338,Hit
168598,Dragon League 2 Remastered,2021-04-24,Action,Indie,4.99,< $5,Paid,No,No,No,Playable,84200,2678,462,85.3,59.9,245,166972,Not hit
155648,Rogue Empire Deluxe,2025-09-20,Survival,Indie,24.99,$20-40,Paid,No,No,No,Verified,897600,26155,265,99,33.1,720,7117577,Hit
141255,Iron Legends 2: Origins,2019-11-01,Casual,Indie,19.99,$10-20,Paid,No,No,No,Verified,10000,138,15,90.3,3.0,26,89448,Not hit
174851,Last League Remastered 2,2022-11-12,Adventure,Indie,2.99,< $5,Paid,No,No,No,Playable,10600,196,107,64.9,8.6,17,10108,Not hit
112913,Pixel Island,2021-11-25,Horror,Indie,2.99,< $5,Paid,No,No,No,Unsupported,3100,43,8,85.4,4.1,11,3629,Not hit
140367,Frozen Colony Remastered,2020-10-16,Action,Indie,9.99,$5-10,Paid,No,Yes,No,Playable,130300,3732,568,86.8,25.8,157,470824,Hit
112210,Shadow League,2025-12-16,Horror,AAA,59.99,$40+,Paid,No,No,Yes,Playable,1388700,30044,7843,79.3,3.4,3705,26350261,Not hit
160606,Neon Legends Remastered,2022-12-21,Strategy,Indie,4.99,< $5,Paid,Yes,Yes,No,Unsupported,3000,41,23,65.6,43.9,5,6645,Not hit
101702,Tiny Racer,2022-07-14,Adventure,Indie,9.99,$5-10,Paid,No,No,No,Verified,34800,811,111,88.0,6.8,28,157110,Not hit
157609,Lost Factory 2,2020-11-28,Casual,Indie,9.99,$5-10,Paid,No,No,No,Unsupported,2300,58,32,64.8,8.8,1,8857,Not hit
131043,Pixel Island Deluxe,2021-12-26,Simulation,Indie,9.99,$5-10,Paid,Yes,No,No,Playable,200,3,3,54.2,26.8,0,861,Not hit
132153,Rogue Dungeon 2,2024-12-16,Casual,Indie,0.99,< $5,Paid,No,No,No,Unsupported,700,17,10,65.5,1.3,1,268,Not hit
101813,Steel Kingdom,2025-05-11,Roguelike,AA,0.0,Free,Free,No,No,Yes,Playable,261000,5443,2792,66.1,19.6,211,138422,Not hit
178144,Cyber Hunter Deluxe Remastered,2024-09-26,Adventure,Indie,4.99,< $5,Paid,No,No,No,Verified,12100,199,130,60.5,4.2,21,25459,Not hit
155537,Broken Kingdom Deluxe 2,2023-04-23,Adventure,AA,39.99,$20-40,Paid,No,No,No,Unsupported,310300,9574,1948,83.1,4.0,416,5239784,Hit
173371,Pixel Racer: Origins,2017-01-18,Adventure,Indie,4.99,< $5,Paid,No,No,No,Verified,22300,376,138,73.3,8.6,20,42985,Not hit
136630,Hidden Empire II,2021-12-13,Action,Indie,9.99,$5-10,Paid,No,No,No,Playable,3800,51,9,86.4,10.0,3,11988,Not hit
113172,Dragon Island II,2022-05-08,Action,Indie,14.99,$10-20,Paid,No,Yes,No,Verified,203500,2802,487,85.2,22.8,1012,1247268,Hit
121164,Dragon Racer II,2021-09-05,Roguelike,Indie,0.0,Free,Free,No,No,No,Verified,379000,10703,2727,79.7,33.2,818,545356,Not hit
188134,Dragon Empire 2,2019-02-23,Simulation,Indie,4.99,< $5,Paid,No,No,No,Playable,51600,1959,20,99,22.8,134,91425,Not hit
178662,Lost Hunter Remastered Deluxe,2018-08-12,Simulation,Indie,9.99,$5-10,Paid,No,No,No,Playable,15300,284,51,85.0,39.7,33,67023,Not hit
151430,Wild Ocean II,2018-08-25,Horror,Indie,0.99,< $5,Paid,Yes,Yes,No,Unsupported,9000,107,69,61.1,16.2,41,3290,Not hit
103145,Broken Hunter,2024-11-28,Action,Indie,4.99,< $5,Paid,No,Yes,No,Playable,18400,386,138,73.8,29.2,88,28964,Not hit
157794,Dark Island: Origins Remastered,2023-02-28,Casual,Indie,4.99,< $5,Paid,No,No,No,Playable,36700,1078,376,74.2,4.1,21,79225,Not hit
136408,Steel Ocean: Origins,2023-09-18,Horror,Indie,19.99,$10-20,Paid,No,Yes,No,Playable,1000,10,5,68.4,8.5,2,7461,Not hit
112654,Lost Village,2021-10-28,Simulation,Indie,14.99,$10-20,Paid,No,No,No,Playable,19400,467,173,73.0,28.7,55,111705,Not hit
172668,Neon Island 2: Origins,2022-07-08,Casual,Indie,2.99,< $5,Paid,No,No,No,Unsupported,111000,1271,963,56.9,2.8,154,131630,Not hit
126640,Mystic Tactics Deluxe 2,2018-12-14,RPG,Indie,9.99,$5-10,Paid,No,Yes,No,Unsupported,6800,95,44,69.0,63.6,50,28818,Not hit
158386,Broken Island Deluxe,2016-03-15,Simulation,Indie,4.99,< $5,Paid,No,No,No,Playable,800,19,7,73.3,24.7,0,1460,Not hit
153428,Solar Racer: Origins,2016-11-14,Survival,Indie,2.99,< $5,Paid,Yes,No,Yes,Verified,6600,110,73,60.5,20.3,8,7357,Not hit
186876,Tiny Legends Deluxe,2019-03-31,RPG,Indie,9.99,$5-10,Paid,No,Yes,No,Unsupported,26400,314,279,53.1,93.3,104,87932,Not hit
149173,Silent League,2023-12-05,Action,Indie,0.99,< $5,Paid,Yes,Yes,No,Verified,60800,1868,546,77.4,21.0,234,19399,Not hit
156943,Golden Horizon Remastered,2024-06-30,Action,Indie,14.99,$10-20,Paid,No,No,No,Verified,61500,842,125,87.1,6.6,201,362917,Not hit
140774,Neon Survivors,2025-08-06,Action,Indie,9.99,$5-10,Paid,Yes,No,No,Playable,200,3,3,63.0,10.7,0,897,Not hit
177108,Golden Village Remastered: Origins,2020-05-12,Puzzle,Indie,9.99,$5-10,Paid,No,No,No,Verified,16300,225,70,76.3,18.4,56,52142,Not hit
113653,Broken Hunter Remastered,2020-02-06,Casual,AAA,69.99,$40+,Paid,No,No,Yes,Verified,340500,3784,2349,61.7,5.1,912,8439767,Not hit
126714,Mystic Arena: Origins,2024-02-10,Sports,Indie,9.99,$5-10,Paid,No,Yes,No,Unsupported,26800,361,193,65.3,17.2,197,96765,Not hit
101221,Wild Chronicles,2025-07-25,RPG,Indie,4.99,< $5,Paid,No,Yes,No,Verified,2300,75,15,83.4,52.2,7,3990,Not hit
110582,Iron Hunter,2018-07-24,Action,AA,39.99,$20-40,Paid,No,No,No,Unsupported,183200,2695,375,87.8,14.6,121,3249155,Hit
161161,Lost Frontier,2016-08-29,RPG,Indie,24.99,$20-40,Paid,No,No,No,Verified,3600,100,34,74.8,62.0,3,33048,Not hit
106401,Pixel League,2019-08-20,Action,Indie,4.99,< $5,Paid,No,No,No,Verified,24000,651,275,70.4,9.7,80,51765,Not hit
132560,Mystic Racer 2,2021-02-02,Strategy,Indie,19.99,$10-20,Paid,Yes,No,No,Verified,135800,5028,226,95.7,35.1,419,1217580,Hit
121090,Tiny Dungeon Remastered,2022-07-14,Adventure,Indie,9.99,$5-10,Paid,No,No,No,Verified,500,4,5,50.4,6.5,0,2082,Not hit
144252,Star Ocean Remastered,2022-09-09,Simulation,AA,19.99,$10-20,Paid,No,No,No,Playable,3095000,88013,34228,72.0,19.1,10874,22149532,Not hit
102849,Golden Hunter,2022-01-18,Simulation,Indie,19.99,$10-20,Paid,Yes,No,No,Playable,27300,700,222,76.0,17.2,73,216300,Not hit
151874,Lost Village 2: Origins Remastered,2017-09-21,Action,Indie,2.99,< $5,Paid,No,No,No,Verified,2900,44,24,65.9,38.7,9,3208,Not hit
124568,Silent Tactics,2021-04-01,Simulation,Indie,9.99,$5-10,Paid,No,Yes,No,Playable,39500,1125,253,81.7,43.9,105,178600,Not hit
187098,Eternal Chronicles: Origins: Origins,2024-05-23,Action,Indie,19.99,$10-20,Paid,No,No,No,Playable,1500,23,11,70.2,19.8,2,12455,Not hit
142476,Hidden Ocean Remastered Deluxe,2016-05-21,Action,Indie,14.99,$10-20,Paid,No,No,No,Playable,1400,19,11,64.5,6.6,2,7452,Not hit
186247,Solar Frontier: Origins Deluxe: Origins,2022-01-29,Casual,AA,29.99,$20-40,Paid,No,Yes,No,Unsupported,3600,53,65,45.6,4.4,12,43240,Not hit
142550,Golden Protocol 2,2022-03-17,Casual,Indie,4.99,< $5,Paid,No,No,No,Unsupported,18700,413,187,68.9,9.6,26,41282,Not hit
186025,Broken Empire Deluxe,2024-12-17,Strategy,Indie,14.99,$10-20,Paid,No,No,Yes,Verified,7700,124,58,68.3,33.2,11,37582,Not hit
176294,Wild Kingdom: Origins II,2021-12-06,Simulation,Indie,9.99,$5-10,Paid,No,No,No,Verified,21200,362,134,73.0,38.9,80,94195,Not hit
187320,Rogue Ocean: Origins II,2023-06-02,Action,Indie,9.99,$5-10,Paid,No,No,No,Unsupported,26300,525,150,77.9,13.6,59,110436,Not hit
144733,Iron Legends Remastered II,2022-09-27,Puzzle,Indie,9.99,$5-10,Paid,No,No,No,Unsupported,2700,54,27,67.4,12.7,1,9338,Not hit
103330,Golden Island,2022-07-19,Action,AA,29.99,$20-40,Paid,No,No,No,Unsupported,167800,2581,216,92.3,4.0,479,1605953,Hit
132893,Frozen Island,2022-11-14,RPG,Indie,0.0,Free,Free,No,No,No,Playable,22200,240,98,71.2,25.0,53,5497,Not hit
164750,Cyber Tactics: Origins,2024-12-05,Casual,Indie,9.99,$5-10,Paid,No,No,No,Unsupported,600,14,7,67.8,8.0,1,1965,Not hit
132708,Tiny Frontier 2,2018-08-22,Strategy,AAA,0.0,Free,Free,No,Yes,No,Verified,35180200,534182,95750,84.8,63.3,71360,35029917,Hit
189910,Cyber Ocean 2,2024-02-18,Strategy,Indie,0.99,< $5,Paid,No,Yes,No,Playable,37400,756,280,73.0,131.7,92,15265,Not hit
140478,Iron Legends 2,2022-05-27,Roguelike,Indie,19.99,$10-20,Paid,No,No,No,Verified,12900,203,60,77.5,15.5,28,102215,Not hit
124087,Pixel Factory 2,2022-02-14,Casual,Indie,9.99,$5-10,Paid,No,No,No,Verified,200,5,2,73.4,5.4,0,862,Not hit
168857,Lost Frontier Remastered,2024-10-19,Strategy,Indie,9.99,$5-10,Paid,No,No,No,Playable,400,5,4,63.4,83.6,1,1507,Not hit
190576,Iron Survivors Deluxe Deluxe,2025-12-09,Casual,Indie,24.99,$20-40,Paid,No,No,No,Playable,1200,31,12,72.2,11.6,1,11184,Not hit
105883,Rogue Odyssey,2020-04-16,RPG,Indie,19.99,$10-20,Paid,No,No,No,Verified,4300,56,26,68.9,99.9,3,33899,Not hit
145029,Frozen Chronicles II,2025-08-25,Roguelike,AA,19.99,$10-20,Paid,No,No,No,Playable,90400,2374,929,71.9,58.9,269,815746,Not hit
147360,Tiny Colony,2020-07-21,Casual,Indie,9.99,$5-10,Paid,No,No,No,Playable,11600,207,69,75.0,5.5,6,52328,Not hit
101184,Steel Tactics,2023-12-23,Strategy,Indie,2.99,< $5,Paid,No,No,No,Playable,25500,711,229,75.7,47.8,30,25684,Not hit
153761,Lost Legends Remastered,2024-03-18,Action,Indie,9.99,$5-10,Paid,No,No,No,Verified,39600,1090,181,85.8,9.4,133,153265,Not hit
131487,Shadow Village: Origins,2021-05-22,Strategy,Indie,14.99,$10-20,Paid,Yes,Yes,No,Unsupported,20400,239,81,74.7,63.9,20,104420,Not hit
102997,Frozen Factory 2,2024-05-24,Action,AAA,49.99,$40+,Paid,No,Yes,No,Playable,4371700,82104,7923,91.2,9.6,13464,72057686,Hit
181733,Pixel Chronicles 2 2,2025-02-21,RPG,Indie,0.0,Free,Free,No,Yes,No,Verified,51200,700,315,69.0,63.9,75,50483,Not hit
129933,Dragon Kingdom Remastered,2022-01-22,Action,Indie,19.99,$10-20,Paid,No,No,No,Unsupported,66600,910,453,66.8,16.6,184,529785,Not hit
187801,Crystal Kingdom Remastered,2022-02-12,Casual,AA,39.99,$20-40,Paid,No,No,No,Unsupported,12800,213,35,86.1,2.8,10,195085,Not hit
126270,Dark Factory II,2022-09-03,Casual,Indie,4.99,< $5,Paid,Yes,Yes,No,Playable,10300,110,66,62.5,7.6,29,18645,Not hit
191242,Lost Dungeon Deluxe,2017-02-23,Action,Indie,2.99,< $5,Paid,No,No,No,Unsupported,6500,205,24,89.9,8.9,23,8082,Not hit
153280,Star Arena Remastered,2019-02-23,Action,Indie,0.99,< $5,Paid,No,No,No,Playable,12400,144,42,77.5,14.5,10,5371,Not hit
133374,Void Racer Deluxe,2020-09-29,Simulation,Indie,2.99,< $5,Paid,No,No,No,Verified,53300,1631,414,79.8,42.2,44,61477,Not hit
100740,Silent Protocol,2024-02-23,RPG,AA,0.0,Free,Free,No,No,No,Playable,583400,9937,4000,71.3,103.9,450,498683,Not hit
129489,Eternal Horizon,2022-10-07,Horror,Indie,14.99,$10-20,Paid,Yes,No,No,Playable,5000,60,39,61.2,5.7,13,30123,Not hit
121016,Dark Chronicles: Origins,2023-06-13,Casual,AA,39.99,$20-40,Paid,No,No,Yes,Verified,32100,597,463,56.4,4.4,56,502651,Not hit
121645,Eternal Island Remastered,2017-01-27,Simulation,Indie,4.99,< $5,Paid,No,No,No,Verified,6600,111,65,63.4,34.7,13,12272,Not hit
174740,Pixel Survivors Remastered,2022-02-22,Survival,Indie,14.99,$10-20,Paid,Yes,Yes,No,Verified,2100,43,13,78.5,80.9,12,11629,Not hit
120128,Star Empire,2017-04-11,Racing,Indie,19.99,$10-20,Paid,No,No,No,Playable,22300,504,85,85.6,33.6,87,161163,Not hit
154057,Star Legends 2,2021-03-02,Puzzle,Indie,9.99,$5-10,Paid,Yes,No,No,Playable,4700,64,23,74.5,6.1,8,17140,Not hit
167710,Mystic Island 2,2020-05-03,Adventure,Indie,0.99,< $5,Paid,No,No,No,Playable,135600,1757,732,70.6,7.7,134,57830,Not hit
124383,Hidden Tactics 2,2018-10-31,Action,Indie,9.99,$5-10,Paid,No,Yes,No,Playable,2100,54,26,68.5,21.7,15,9020,Not hit
127602,Star Island: Origins,2024-05-26,RPG,Indie,0.99,< $5,Paid,No,Yes,No,Playable,4700,134,44,75.4,37.4,30,1642,Not hit
161864,Star Empire Remastered Remastered,2024-12-20,RPG,Indie,2.99,< $5,Paid,No,No,No,Verified,209400,5662,1597,78.0,58.3,789,198005,Not hit
111951,Cyber Factory II,2025-08-19,Adventure,AAA,69.99,$40+,Paid,No,No,No,Unsupported,2203300,28583,6969,80.4,9.7,3072,55059616,Hit
103145,Broken Hunter,2024-11-28,Action,Indie,4.99,< $5,Paid,No,Yes,No,Playable,18400,386,138,73.8,29.2,88,28964,Not hit
128675,Solar Village II,2020-08-20,Simulation,Indie,24.99,$20-40,Paid,Yes,No,No,Verified,10800,165,56,75.1,20.5,41,87831,Not hit
129637,Frozen Village,2024-12-14,Adventure,Indie,14.99,$10-20,Paid,No,No,No,Unsupported,1000,8,9,50.8,11.7,3,5496,Not hit
145510,Solar Protocol: Origins,2025-08-16,Horror,Indie,4.99,< $5,Paid,No,No,No,Verified,31700,809,163,83.3,5.7,45,52382,Not hit
123902,Pixel Factory,2023-09-28,Adventure,Indie,14.99,$10-20,Paid,Yes,Yes,No,Playable,4600,110,49,69.6,8.4,34,28945,Not hit
185803,Pixel Island Deluxe 2,2020-07-31,Horror,AAA,49.99,$40+,Paid,No,No,Yes,Playable,2828500,64307,7385,89.7,10.5,10686,53355768,Hit
138813,Eternal Tower: Origins,2021-03-18,Simulation,Indie,2.99,< $5,Paid,Yes,No,No,Verified,12400,262,68,79.5,90.5,43,12244,Not hit
114874,Silent Frontier: Origins,2016-11-22,Strategy,Indie,9.99,$5-10,Paid,No,No,No,Playable,840000,26948,2408,91.8,83.4,671,3514799,Hit
128231,Crystal Empire II,2019-04-02,Casual,AA,19.99,$10-20,Paid,No,No,No,Unsupported,42700,668,341,66.3,2.6,109,293349,Not hit
176109,Broken Arena: Origins,2023-02-11,Action,AA,39.99,$20-40,Paid,No,No,No,Playable,334400,4454,2442,64.6,10.1,555,5724282,Not hit
182510,Dark Legends 2,2023-01-22,Action,Indie,0.99,< $5,Paid,No,Yes,No,Playable,14400,308,190,62.0,6.0,59,5216,Not hit
138221,Star Protocol Remastered Remastered Remastered,2024-03-28,Simulation,Indie,14.99,$10-20,Paid,No,No,No,Playable,6000,142,74,66.1,40.7,7,30535,Not hit
128712,Neon Island,2021-04-22,RPG,Indie,2.99,< $5,Paid,No,Yes,Yes,Verified,33600,855,357,70.6,95.6,43,45231,Not hit
123384,Iron Tower II,2024-12-07,Simulation,Indie,0.0,Free,Free,No,Yes,No,Unsupported,1431600,24316,7305,76.9,20.9,6059,940439,Not hit
160199,Frozen Colony Remastered Deluxe,2016-08-25,Action,Indie,2.99,< $5,Paid,No,No,No,,15300,365,78,82.4,39.1,21,18878,Not hit
175998,Lost Island: Origins,2021-11-19,Casual,Indie,9.99,$5-10,Paid,No,No,No,Playable,28000,427,154,73.5,6.4,45,111162,Not hit
186987,Void Colony Deluxe,2021-10-13,Strategy,Indie,19.99,$10-20,Paid,No,No,No,Playable,16700,233,113,67.5,48.1,63,131190,Not hit
135594,Dark Arena Deluxe: Origins,2025-11-05,RPG,Indie,14.99,$10-20,Paid,No,No,No,Playable,2000,43,20,68.4,48.8,5,12364,Not hit
191649,Rogue Arena: Origins,2021-06-13,Simulation,AA,19.99,$10-20,Paid,No,No,No,Verified,7600,86,33,72.7,17.2,26,66372,Not hit
127010,Neon Legends,2022-07-06,RPG,Indie,14.99,$10-20,Paid,No,No,No,Verified,4200,76,33,70.6,,14,23604,Not hit
170485,Neon Legends Remastered II,2022-07-06,Roguelike,Indie,24.99,$20-40,Paid,No,No,No,Playable,113800,4013,103,97.5,77.9,61,1051416,Hit
120387,Frozen Chronicles Deluxe,2023-10-15,Adventure,AA,19.99,$10-20,Paid,No,No,No,Playable,4600,51,25,67.8,6.0,3,39545,Not hit
139701,Wild Tactics,2020-09-26,Simulation,AA,29.99,$20-40,Paid,No,No,No,Unsupported,66200,772,245,76.0,20.8,159,654054,Not hit
152207,Crystal Empire II 2,2023-07-25,Strategy,Indie,2.99,< $5,Paid,No,Yes,No,Verified,3600,96,34,74.3,96.9,22,4699,Not hit
110767,Crystal Island 2,2024-05-27,Survival,Indie,4.99,< $5,Paid,No,Yes,No,Playable,30500,590,167,78.0,39.7,186,64489,Not hit
152466,Rogue Island Remastered,2019-12-24,RPG,Indie,9.99,$5-10,Paid,Yes,No,No,Verified,2300,32,34,48.9,50.3,2,9462,Not hit
176072,Golden Village: Origins Remastered,2023-04-08,Simulation,AA,39.99,$20-40,Paid,No,No,No,Unsupported,49700,952,494,65.9,37.1,33,773389,Not hit
189984,Eternal Empire: Origins,2021-05-22,Adventure,Indie,14.99,$10-20,Paid,No,No,No,Verified,5500,168,48,77.8,7.9,12,33181,Not hit
179069,Pixel Protocol II,2019-01-25,Casual,Indie,9.99,$5-10,Paid,Yes,No,No,Playable,1700,36,22,63.1,8.7,5,6059,Not hit
115244,Void Survivors,2024-07-14,Simulation,Indie,0.0,Free,Free,No,No,No,Verified,392700,8395,2874,74.5,18.0,1219,113743,Not hit
156721,Wild Tactics 2,2022-03-21,Survival,Indie,9.99,$5-10,Paid,No,No,No,Unsupported,2300,74,6,93.3,49.8,8,7645,Not hit
178292,Mystic Island Remastered,2019-09-12,Sports,Indie,4.99,< $5,Paid,No,Yes,No,Playable,4700,47,26,65.0,38.8,10,8747,Not hit
112728,Iron Village Remastered,2023-11-25,Action,AA,19.99,$10-20,Paid,No,No,Yes,Playable,93000,1603,606,72.6,38.6,368,809940,Not hit
180919,Solar Kingdom Remastered Remastered,2024-10-27,Roguelike,AA,24.99,$20-40,Paid,No,No,No,Playable,27200,333,185,64.4,67.0,88,249744,Not hit
108917,Hidden Arena,2025-11-10,Puzzle,Indie,9.99,$5-10,Paid,No,No,No,Playable,600,14,3,83.3,5.8,2,2450,Not hit
107474,Broken Tower Deluxe,2024-05-23,Sports,AA,39.99,$20-40,Paid,No,Yes,Yes,Verified,2090300,35327,3752,90.4,32.4,10781,33524632,Hit
161790,Solar Racer 2,2025-03-19,Casual,Indie,2.99,< $5,Paid,No,No,No,Unsupported,3700,50,32,61.9,8.2,5,3870,Not hit
167081,Broken Kingdom: Origins,2024-03-09,RPG,AAA,0.0,Free,Free,No,No,Yes,Unsupported,208100,4375,2967,59.6,82.3,354,122640,Not hit
116465,Hidden Village Remastered,2016-08-16,RPG,Indie,14.99,$10-20,Paid,No,Yes,No,Playable,45500,832,219,79.2,45.6,183,305817,Not hit
102664,Wild Legends,2016-09-29,Casual,Indie,9.99,$5-10,Paid,No,No,No,Playable,4900,98,23,81.2,3.6,14,17544,Not hit
113320,Dragon Protocol: Origins,2022-11-07,Strategy,Indie,19.99,$10-20,Paid,No,Yes,No,Playable,16100,548,26,95.6,33.9,113,119162,Not hit
135002,Rogue Empire,2025-04-03,Simulation,AA,39.99,$20-40,Paid,No,No,No,Verified,63100,891,212,80.8,26.9,99,1036487,Not hit
149617,Shadow Arena: Origins,2017-08-30,Adventure,Indie,2.99,< $5,Paid,No,No,No,Unsupported,88100,2332,662,77.9,15.5,230,102005,Not hit
103552,Rogue League,2024-06-20,Simulation,AA,39.99,$20-40,Paid,No,No,No,Verified,64800,918,239,79.4,31.9,234,1164944,Not hit
153206,Hidden Dungeon 2,2022-04-21,Horror,Indie,19.99,$10-20,Paid,No,No,No,Playable,13800,377,160,70.3,3.1,31,117100,Not hit
183287,Silent Odyssey Remastered Deluxe,2022-05-20,Action,Indie,2.99,< $5,Paid,No,No,No,Playable,41100,899,333,73.0,21.5,163,40939,Not hit
120868,Cyber Protocol II 2,2017-12-05,Adventure,Indie,9.99,$5-10,Paid,No,No,No,Playable,10300,256,109,70.4,9.6,15,40174,Not hit
116243,Frozen Arena,2025-11-05,Simulation,Indie,9.99,$5-10,Paid,No,No,No,Verified,5200,86,38,69.4,9.0,5,17050,Not hit
155093,Steel Kingdom Remastered: Origins,2025-01-14,Sports,Indie,4.99,< $5,Paid,No,Yes,No,Playable,71500,1068,589,64.5,82.4,305,129834,Not hit
120831,Lost Tower,2021-08-07,Strategy,Indie,4.99,< $5,Paid,No,No,No,Verified,1100,19,13,60.7,38.7,0,2051,Not hit
122311,Hidden Racer Deluxe,2024-11-26,Adventure,Indie,4.99,< $5,Paid,No,Yes,No,Unsupported,46900,1019,370,73.4,15.3,334,80159,Not hit
180179,Cyber Racer 2,2022-04-09,Puzzle,Indie,9.99,$5-10,Paid,No,No,Yes,Unsupported,1000,24,5,82.8,3.0,3,3364,Not hit
109546,Iron Protocol,2025-04-10,RPG,Indie,14.99,$10-20,Paid,No,No,No,Unsupported,9900,167,73,69.9,142.5,26,49338,Not hit
137481,Broken Legends 2,2022-12-01,Simulation,AA,24.99,$20-40,Paid,No,No,No,Unsupported,160400,4255,897,82.6,48.0,475,1651689,Hit
169116,Steel Racer: Origins 2,2020-11-25,Adventure,Indie,9.99,$5-10,Paid,No,No,No,Playable,3100,100,20,84.0,23.5,5,13936,Not hit
182584,Solar Kingdom Deluxe,2025-03-31,Racing,Indie,9.99,$5-10,Paid,No,Yes,No,Unsupported,17900,272,111,71.2,57.3,38,73755,Not hit
154760,Iron Island: Origins,2024-02-09,Strategy,Indie,14.99,$10-20,Paid,No,No,No,Playable,7600,92,37,71.7,40.7,8,36648,Not hit
145732,Void Horizon 2 II,2017-12-01,Horror,Indie,2.99,< $5,Paid,No,No,No,Playable,435800,10401,1908,84.5,6.1,639,428564,Hit
139553,Dark League Remastered,2016-05-31,Horror,AA,19.99,$10-20,Paid,No,No,Yes,Verified,35500,701,254,73.5,5.9,84,279235,Not hit
140811,Star Dungeon,2024-07-22,Adventure,Indie,9.99,$5-10,Paid,Yes,No,No,Verified,34600,862,124,87.5,10.0,34,142605,Not hit
104107,Rogue Hunter,2016-06-04,Adventure,Indie,14.99,$10-20,Paid,No,Yes,No,Playable,25700,352,126,73.8,6.4,112,127415,Not hit
114356,Wild Ocean: Origins,2022-09-16,Simulation,AA,19.99,$10-20,Paid,No,No,No,Playable,672900,17314,4088,80.9,8.1,2151,4334729,Hit
182325,Mystic Tower 2 2,2021-03-23,Adventure,Indie,2.99,< $5,Paid,No,No,No,Verified,6200,151,77,66.4,5.8,17,5960,Not hit
137000,Broken Factory Remastered,2023-07-01,Adventure,AA,24.99,$20-40,Paid,No,No,No,Verified,835300,13422,233,98.3,9.4,1043,7538629,Hit
115355,Star Chronicles Deluxe,2021-08-12,Adventure,Indie,14.99,$10-20,Paid,No,No,Yes,Playable,11100,223,62,78.3,2.8,20,65195,Not hit
174444,Dark Odyssey Remastered Remastered,2022-06-13,Action,Indie,2.99,< $5,Paid,No,No,No,Verified,1900,24,19,56.5,24.9,4,2185,Not hit
108214,Tiny Survivors,2019-05-13,Puzzle,AA,19.99,$10-20,Paid,No,No,No,Verified,144000,3065,1210,71.7,3.5,552,1248964,Not hit
101073,Mystic Factory,2020-09-02,Strategy,Indie,0.0,Free,Free,No,No,No,Playable,957300,20742,6444,76.3,61.4,682,1462207,Not hit
172039,Hidden Chronicles Deluxe,2023-08-12,Survival,Indie,9.99,$5-10,Paid,No,Yes,No,Verified,5000,112,6,95.6,67.8,29,16891,Not hit
167192,Eternal Survivors Deluxe,2023-02-13,Casual,Indie,19.99,$10-20,Paid,No,No,,Playable,9200,163,36,82.0,7.8,14,60972,Not hit
155833,Dragon Arena,2025-08-18,Roguelike,Indie,0.99,< $5,Paid,No,No,No,Playable,300,5,3,67.6,29.4,0,120,Not hit
152688,Hidden Arena: Origins,2020-07-20,RPG,Indie,2.99,< $5,Paid,Yes,No,No,Verified,14800,378,46,89.2,26.6,28,16266,Not hit
177330,Broken Village: Origins Deluxe,2018-08-07,Action,Indie,0.0,Free,Free,No,No,No,Unsupported,395600,6371,3041,67.7,4.5,1416,416591,Not hit
168746,Eternal Colony II,2021-09-01,Adventure,Indie,4.99,< $5,Paid,No,No,No,Playable,13100,355,103,77.7,9.0,10,29030,Not hit
172742,Last Island 2 II,2018-11-12,Action,Indie,0.0,Free,Free,Yes,No,No,Verified,43600,1020,393,72.2,17.1,137,16467,Not hit
188726,Hidden Arena Deluxe,2018-02-16,Strategy,Indie,2.99,< $5,Paid,No,No,No,Unsupported,7100,102,63,62.0,21.4,17,6732,Not hit
143105,Last Tactics Deluxe,2024-05-08,RPG,Indie,19.99,$10-20,Paid,No,Yes,No,Playable,6700,130,65,66.8,61.2,17,54098,Not hit
124050,Iron Arena Deluxe,2021-05-16,Adventure,AA,19.99,$10-20,Paid,No,No,No,Playable,130600,3212,1478,68.5,5.4,203,1108193,Not hit
148988,Hidden Survivors Deluxe,2025-05-07,Adventure,Indie,9.99,$5-10,Paid,No,No,No,Verified,1400,21,7,78.3,18.6,0,4566,Not hit
172779,Solar Colony Deluxe,2024-10-05,Survival,Indie,2.99,< $5,Paid,No,Yes,No,Verified,1234100,41263,417,99,67.0,5326,1558123,Hit
182806,Void Kingdom,2025-12-22,RPG,Indie,19.99,$10-20,Paid,No,No,No,Verified,2900,59,26,70.3,38.8,2,26055,Not hit
166970,Frozen Odyssey II II,2023-03-15,RPG,Indie,9.99,$5-10,Paid,No,No,No,Playable,52200,1258,87,93.6,28.2,69,172465,Not hit
112099,Star Village,2021-02-07,Survival,Indie,9.99,$5-10,Paid,Yes,No,No,Playable,75600,1105,199,84.8,13.9,56,242490,Not hit
132449,Frozen Protocol: Origins,2021-07-05,Puzzle,Indie,4.99,< $5,Paid,No,No,No,Playable,200,2,2,64.2,1.3,0,355,Not hit
170522,Star Dungeon: Origins,2017-10-14,Simulation,Indie,0.0,Free,Free,No,No,No,Unsupported,38800,905,524,63.4,23.5,69,40243,Not hit
175258,Wild Tactics: Origins,2021-12-08,Sports,Indie,4.99,< $5,Paid,No,Yes,No,Unsupported,6600,146,68,68.6,10.6,17,12395,Not hit
164010,Frozen Odyssey: Origins II,2022-07-29,Simulation,Indie,0.99,< $5,Paid,No,No,No,Verified,900,13,6,71.7,37.3,3,306,Not hit
169634,Rogue Frontier II Remastered,2020-05-10,Adventure,Indie,9.99,$5-10,Paid,No,No,No,Playable,12900,450,57,88.8,8.8,31,45073,Not hit
148507,Star Odyssey: Origins,2025-02-01,RPG,Indie,14.99,$10-20,Paid,No,No,No,Playable,23200,638,177,78.4,53.0,79,129132,Not hit
138406,Star Protocol Remastered Remastered II,2017-12-26,Puzzle,Indie,9.99,$5-10,Paid,No,No,No,Verified,4000,69,34,67.8,6.9,8,16487,Not hit
134817,Dark Colony: Origins,2016-07-31,Casual,AAA,59.99,$40+,Paid,No,No,No,,64200,648,402,61.8,9.7,199,1323617,Not hit
168413,Steel League Deluxe,2024-02-25,Casual,Indie,14.99,$10-20,Paid,No,No,No,Verified,500,9,6,65.3,5.9,0,2567,Not hit
184767,Broken Racer Remastered Remastered,2020-03-31,Action,Indie,2.99,< $5,Paid,No,No,No,Playable,42000,811,134,85.9,14.0,119,54989,Not hit
180845,Hidden Horizon Deluxe,2018-11-02,Action,AA,24.99,$20-40,Paid,No,No,No,Playable,354600,4590,2334,66.3,12.2,473,2850441,Not hit
159200,Rogue Horizon 2,2024-03-04,Casual,Indie,2.99,< $5,Paid,No,No,No,Verified,600,7,4,68.9,9.5,1,666,Not hit
141403,Rogue Factory,2025-10-20,Action,Indie,19.99,$10-20,Paid,No,No,No,Playable,17600,384,47,89.2,10.4,54,116337,Not hit
154464,Cyber Colony: Origins,2019-02-02,Adventure,Indie,9.99,$5-10,Paid,No,No,No,Playable,1400,22,13,65.5,11.6,3,5361,Not hit
160791,Star Tower Remastered,2017-07-01,Action,Indie,4.99,< $5,Paid,No,Yes,No,Playable,454700,6532,1199,84.5,15.5,845,943500,Hit
160902,Void Empire 2 2,2025-05-04,Simulation,Indie,9.99,$5-10,Paid,No,No,No,Playable,3800,57,8,87.9,15.4,12,14638,Not hit
140922,Void Tower 2,2018-02-11,Action,AA,0.0,Free,Free,No,Yes,No,Verified,18619500,377580,66632,85.0,19.5,116516,12615629,Hit
187875,Cyber Protocol Deluxe,2021-12-06,Strategy,Indie,14.99,$10-20,Paid,No,Yes,No,Playable,213700,4109,42,99,69.5,549,1041717,Hit
155944,Hidden Tower 2,2017-05-31,Survival,Indie,9.99,$5-10,Paid,No,Yes,No,Verified,85500,1336,215,86.2,74.3,405,360948,Not hit
171965,Dark Kingdom Deluxe,2017-02-25,Action,AA,29.99,$20-40,Paid,No,No,No,Playable,1619700,48039,11637,80.5,8.7,1650,17712592,Hit
190909,Mystic Village: Origins,2020-06-26,Action,Indie,14.99,$10-20,Paid,Yes,Yes,No,Playable,80300,1536,516,74.9,19.1,203,392900,Not hit
113579,Crystal Hunter,2024-05-04,Strategy,Indie,19.99,$10-20,Paid,No,No,No,Unsupported,2500,40,13,75.8,54.4,7,18411,Not hit
188763,Steel Village Remastered,2018-06-16,Horror,Indie,4.99,< $5,Paid,No,Yes,No,Playable,3200,81,26,76.1,11.0,13,5430,Not hit
157868,Tiny Island Deluxe,2017-11-25,Action,Indie,0.99,< $5,Paid,No,Yes,No,Playable,34200,763,133,85.2,19.1,56,14612,Not hit
169856,Crystal League 2 2,2021-07-16,Action,Indie,0.0,Free,Free,Yes,No,No,Playable,107300,1591,1027,60.8,30.2,82,31576,Not hit
101924,Golden Racer,2017-07-15,Action,Indie,4.99,< $5,Paid,No,No,No,Unsupported,500,9,8,56.5,6.3,1,932,Not hit
189762,Silent Tower II,2019-01-27,Sports,Indie,2.99,< $5,Paid,Yes,Yes,No,Verified,30000,529,365,59.2,13.0,223,33035,Not hit
136371,Cyber Colony Remastered,2021-11-10,Simulation,AA,29.99,$20-40,Paid,No,No,No,Playable,10400,226,130,63.6,7.8,36,101390,Not hit
178625,Crystal Survivors: Origins,2023-12-23,Horror,Indie,9.99,$5-10,Paid,No,No,No,Verified,800,15,10,63.6,23.2,0,2727,Not hit
111507,Void Frontier,2019-03-29,Action,Indie,19.99,$10-20,Paid,Yes,Yes,No,Unsupported,11700,169,39,81.7,9.3,18,101710,Not hit
179883,Dragon Colony Deluxe II,2024-03-13,Action,Indie,9.99,$5-10,Paid,No,No,No,Playable,8000,83,37,69.9,3.7,24,27558,Not hit
143290,Hidden Village 2,2018-06-26,RPG,Indie,9.99,$5-10,Paid,No,Yes,No,Playable,7300,84,33,72.4,125.0,35,24018,Not hit
104847,Crystal Frontier,2021-05-21,Strategy,Indie,4.99,< $5,Paid,Yes,Yes,Yes,Playable,23100,648,223,74.4,27.2,167,40701,Not hit
130007,Frozen Kingdom II,2020-07-04,Action,Indie,14.99,$10-20,Paid,No,Yes,No,Playable,30900,1007,100,91.0,16.5,126,183298,Not hit
112247,Lost Empire,2019-05-10,Puzzle,Indie,0.99,< $5,Paid,No,No,No,Playable,3500,41,14,75.6,10.0,12,1200,Not hit
112284,Dark Survivors,2023-03-17,Casual,AA,24.99,$20-40,Paid,No,No,No,Verified,160200,3352,1292,72.2,5.6,379,1609746,Not hit
112617,Wild Hunter,2021-07-26,RPG,Indie,19.99,$10-20,Paid,No,No,No,Playable,300,3,4,44.0,61.8,0,1958,Not hit
184064,Wild Frontier: Origins,2021-06-01,RPG,Indie,14.99,$10-20,Paid,No,No,No,Verified,116800,3819,288,93.0,13.1,288,619439,Hit
131598,Crystal Colony 2,2018-04-05,Casual,Indie,4.99,< $5,Paid,No,No,No,Playable,2300,54,18,75.4,10.7,1,5013,Not hit
161938,Silent Racer: Origins,2023-10-17,RPG,AA,0.0,Free,Free,No,No,Yes,Unsupported,32600,451,297,60.4,40.7,19,24186,Not hit
173186,Frozen Island: Origins 2,2025-02-07,Simulation,Indie,4.99,< $5,Paid,No,No,No,Unsupported,17300,303,86,78.1,43.2,10,38851,Not hit
120313,Rogue Hunter: Origins,2022-04-30,Action,Indie,19.99,$10-20,Paid,Yes,No,No,Unsupported,68600,1364,394,77.6,14.6,174,608469,Not hit
119832,Void Survivors 2,2025-11-15,Action,AA,29.99,$20-40,Paid,No,No,No,Playable,287200,6128,2806,68.6,22.6,384,3095396,Not hit
107955,Steel Protocol,2023-07-01,Simulation,Indie,0.0,Free,Free,Yes,No,Yes,Verified,51700,1079,611,63.9,30.7,137,30059,Not hit
117723,Wild Dungeon Deluxe,2018-03-27,Action,Indie,0.0,Free,Free,Yes,Yes,No,Playable,50000,892,713,55.6,14.3,228,51663,Not hit
157424,Neon Dungeon II,2019-09-23,Strategy,Indie,14.99,$10-20,Paid,No,Yes,No,Playable,32800,1085,54,95.3,55.5,233,198558,Not hit
168450,Dragon Dungeon Remastered,2022-05-10,Strategy,Indie,0.99,< $5,Paid,No,No,No,Unsupported,11400,142,59,70.9,51.7,22,4433,Not hit
158608,Mystic Colony: Origins,2021-03-06,Roguelike,Indie,14.99,$10-20,Paid,No,No,No,Unsupported,3000,40,15,73.8,16.3,4,15517,Not hit
141921,Star Island 2: Origins,2016-12-15,Simulation,Indie,14.99,$10-20,Paid,No,No,No,Unsupported,22800,294,67,81.5,41.6,46,118476,Not hit
119351,Rogue League II: Origins,2024-11-18,Survival,Indie,0.99,< $5,Paid,No,Yes,No,Playable,1800,39,10,80.4,20.4,10,781,Not hit
153909,Silent Arena: Origins Remastered,2024-10-03,Adventure,Indie,0.0,Free,Free,No,No,No,Unsupported,117300,3430,816,80.8,2.9,63,174295,Hit
165860,Rogue Chronicles: Origins,2024-08-13,Puzzle,AA,19.99,$10-20,Paid,No,No,Yes,Unsupported,74500,2061,295,87.5,11.5,71,546535,Not hit
166526,Crystal Chronicles Remastered,2025-07-08,Adventure,Indie,24.99,$20-40,Paid,No,Yes,No,Unsupported,22300,356,52,87.3,17.1,161,218705,Not hit
180105,Pixel Survivors 2,2019-05-22,Simulation,AAA,69.99,$40+,Paid,No,No,No,Playable,26186400,455742,54608,89.3,112.1,55190,819588649,Hit
101961,Mystic Tower,2024-04-09,Roguelike,Indie,0.0,Free,Free,Yes,No,No,Unsupported,700,6,9,40.1,20.3,0,803,Not hit
163085,Frozen Hunter 2,2020-09-12,RPG,Indie,14.99,$10-20,Paid,No,No,No,Playable,3000,39,20,67.6,45.9,7,18937,Not hit
111285,Silent Colony: Origins Remastered,2021-07-30,Action,Indie,2.99,< $5,Paid,No,No,Yes,Playable,9100,214,98,68.7,11.1,14,9972,Not hit
148877,Lost Kingdom II,2021-05-23,Action,Indie,4.99,< $5,Paid,No,Yes,No,Unsupported,275900,7546,1947,79.5,19.1,1312,535337,Not hit
162493,Wild Odyssey Deluxe,2023-02-20,Strategy,Indie,24.99,$20-40,Paid,No,No,No,Unsupported,4400,119,2,99,23.2,6,45634,Not hit
178033,Golden Racer Remastered,2021-05-26,Action,Indie,19.99,$10-20,Paid,No,Yes,No,Playable,29000,876,144,85.9,22.7,81,255529,Not hit
103774,Solar Legends,2019-12-04,Casual,Indie,4.99,< $5,Paid,No,No,Yes,Verified,500,10,8,60.3,7.2,0,905,Not hit
138850,Rogue Arena Deluxe Deluxe,2025-06-12,Adventure,Indie,4.99,< $5,Paid,No,No,No,Playable,21400,315,60,84.2,3.7,14,34432,Not hit
101369,Cyber Tower,2020-07-28,Adventure,Indie,4.99,< $5,Paid,No,No,No,Unsupported,4400,118,42,74.1,20.1,10,7659,Not hit
109953,Dragon Factory II,2019-03-18,Action,AA,29.99,$20-40,Paid,No,No,No,Verified,236100,3919,792,83.2,14.9,358,2523588,Hit
118981,Dragon Tower,2016-07-23,Strategy,Indie,14.99,$10-20,Paid,No,No,No,Unsupported,3400,37,25,60.5,12.0,5,16424,Not hit
118796,Tiny League 2,2022-06-21,Strategy,Indie,9.99,$5-10,Paid,No,No,No,Playable,3100,54,25,69.4,60.4,3,9763,Not hit
113246,Steel Kingdom Deluxe 2,2020-05-12,Horror,Indie,9.99,$5-10,Paid,No,No,No,Unsupported,3300,70,41,63.4,5.0,3,12774,Not hit
148655,Solar Dungeon Remastered 2,2016-11-20,Casual,Indie,14.99,$10-20,Paid,No,No,No,Playable,1600,34,10,78.5,8.7,4,9214,Not hit
144955,Frozen Kingdom Deluxe,2020-03-05,Casual,AAA,49.99,$40+,Paid,No,No,No,Verified,4696500,73349,19852,78.7,7.9,5657,102252352,Not hit
175036,Neon Kingdom: Origins 2,2022-06-10,Simulation,AAA,69.99,$40+,Paid,No,No,No,Verified,164500,3485,932,78.9,38.6,467,4166898,Not hit
121238,Pixel Chronicles,2025-11-20,Simulation,Indie,0.0,Free,Free,No,No,No,Unsupported,9600,181,128,58.8,31.1,11,11786,Not hit
169264,Neon Horizon II,2016-04-08,RPG,AAA,0.0,Free,Free,No,No,No,Verified,426600,9469,4623,67.2,69.5,1113,689560,Not hit
123162,Lost Arena 2,2025-07-29,Casual,Indie,9.99,$5-10,Paid,No,No,No,Unsupported,16100,205,41,83.5,6.1,59,68057,Not hit
129452,Dragon Hunter II,2021-03-03,Adventure,Indie,9.99,$5-10,Paid,No,No,No,Playable,11800,304,50,86.1,8.5,45,40436,Not hit
103959,Dark Legends,2019-07-07,Puzzle,AA,39.99,$20-40,Paid,No,Yes,No,Verified,29600,569,321,64.0,6.1,232,495624,Not hit
115059,Mystic Dungeon Remastered,2025-11-06,Casual,Indie,0.0,Free,Free,No,No,No,Playable,1914900,43687,6994,86.2,2.0,1850,969911,Hit
102775,Steel Frontier,2020-08-21,Casual,Indie,0.0,Free,Free,No,No,No,Unsupported,11800,172,153,53.0,15.3,17,6232,Not hit
163048,Steel Chronicles Remastered,2021-12-15,Casual,AAA,59.99,$40+,Paid,No,No,Yes,Verified,20400,270,143,65.5,9.4,69,438200,Not hit
184027,Last League Remastered 2: Origins,2020-07-14,Adventure,Indie,4.99,< $5,Paid,No,No,No,Unsupported,3500,59,28,68.7,9.7,6,7023,Not hit
147582,Wild Ocean 2 2,2020-10-24,Action,Indie,14.99,$10-20,Paid,No,No,No,Playable,200,3,2,60.2,13.9,0,1115,Not hit
192389,Last Factory II 2,2021-03-25,Strategy,Indie,9.99,$5-10,Paid,Yes,No,,Playable,3300,50,24,68.9,65.0,7,11298,Not hit
116576,Frozen Legends,2025-09-19,Roguelike,AA,39.99,$20-40,Paid,No,Yes,No,Verified,15200,326,261,55.6,29.3,84,236822,Not hit
152392,Pixel Odyssey: Origins,2025-03-29,Puzzle,Indie,19.99,$10-20,Paid,No,No,No,Playable,3500,78,24,77.1,1.9,3,22689,Not hit
175628,Crystal Village Remastered,2020-01-12,RPG,Indie,9.99,$5-10,Paid,No,Yes,No,Unsupported,34800,594,102,85.4,161.5,130,136593,Not hit
190835,Cyber League: Origins II II,2017-08-24,RPG,Indie,19.99,$10-20,Paid,No,No,No,Playable,114600,3119,667,82.4,74.5,319,798332,Hit
142994,Last Odyssey 2,2023-02-26,Casual,AAA,69.99,$40+,Paid,No,No,No,Playable,311800,6438,2618,71.1,3.0,633,8299662,Not hit
105106,Mystic Tower: Origins,2024-12-09,Horror,Indie,9.99,$5-10,Paid,No,No,No,Unsupported,4400,57,29,66.6,4.7,11,18532,Not hit
127787,Golden Island II,2022-12-10,RPG,Indie,9.99,$5-10,Paid,No,No,No,,9400,254,35,88.0,23.7,29,34086,Not hit
107585,Solar Horizon Deluxe,2024-07-02,Roguelike,AA,29.99,$20-40,Paid,No,Yes,No,Unsupported,324900,6725,1050,86.5,24.1,1561,3478762,Hit
161087,Broken Kingdom Remastered,2023-02-18,RPG,Indie,4.99,< $5,Paid,No,No,No,Unsupported,2800,68,19,78.4,57.2,1,4705,Not hit
129859,Hidden Survivors,2022-12-17,RPG,Indie,19.99,$10-20,Paid,No,Yes,No,Verified,91900,1835,425,81.2,35.9,553,675792,Not hit
170633,Neon Survivors Remastered,2021-12-30,Simulation,AA,24.99,$20-40,Paid,No,No,No,Playable,502900,11797,7800,60.2,66.1,1611,4101842,Not hit
158238,Cyber Factory: Origins Deluxe,2025-08-30,Roguelike,Indie,9.99,$5-10,Paid,Yes,Yes,No,Verified,4600,73,29,71.7,34.6,33,20407,Not hit
156018,Lost Kingdom II Remastered,2017-04-14,Adventure,Indie,14.99,$10-20,Paid,No,No,No,Verified,7300,187,33,85.1,7.8,17,41002,Not hit
116798,Dark Protocol II,2019-04-26,Simulation,AAA,69.99,$40+,Paid,No,No,Yes,Unsupported,3493300,63477,18535,77.4,21.0,5581,92334823,Not hit
123236,Neon Kingdom: Origins,2023-07-31,Action,Indie,9.99,$5-10,Paid,No,Yes,No,Playable,337300,4373,1191,78.6,27.4,1593,1504391,Not hit
100925,Cyber Factory,2023-06-11,Casual,AA,19.99,$10-20,Paid,No,No,No,Unsupported,864000,19321,7740,71.4,5.7,892,7781601,Not hit
186728,Dark Hunter: Origins II Deluxe,2023-06-03,Simulation,Indie,19.99,$10-20,Paid,Yes,No,No,Playable,44500,1111,310,78.2,12.0,112,396724,Not hit
107289,Dark Horizon,2025-09-11,Sports,Indie,2.99,< $5,Paid,No,Yes,No,Verified,22500,285,92,75.6,23.0,52,27337,Not hit
110397,Golden Factory: Origins,2021-03-08,RPG,Indie,9.99,$5-10,Paid,No,No,No,Playable,13000,298,77,79.6,51.3,11,45209,Not hit
186580,Pixel Chronicles Deluxe Deluxe,2025-01-15,Casual,Indie,9.99,$5-10,Paid,No,No,No,Verified,5000,110,21,84.4,9.3,12,17334,Not hit
112543,Star Island Deluxe,2025-04-06,Horror,Indie,14.99,$10-20,Paid,No,Yes,No,Verified,3100,50,24,68.1,10.6,24,19764,Not hit
190613,Void Odyssey Deluxe Deluxe,2022-01-28,Survival,Indie,2.99,< $5,Paid,No,No,Yes,Verified,4800,111,70,61.8,26.3,7,4969,Not hit
131709,Hidden Empire: Origins,2022-05-06,Simulation,Indie,4.99,< $5,Paid,No,No,No,Unsupported,900,24,11,69.6,21.4,1,1475,Not hit
133929,Shadow Tower,2017-01-06,Strategy,Indie,4.99,< $5,Paid,No,No,No,Verified,2100,32,12,74.6,48.3,5,3528,Not hit
114393,Shadow Island: Origins,2016-03-08,Roguelike,AA,39.99,$20-40,Paid,No,Yes,No,Playable,83800,2059,926,69.0,9.2,291,1259252,Not hit
183620,Dragon Ocean: Origins,2023-07-14,Strategy,AA,29.99,$20-40,Paid,No,Yes,Yes,Playable,488000,15961,1657,90.6,26.0,1881,5822747,Hit
117242,Dark Chronicles,2017-12-27,Action,Indie,19.99,$10-20,Paid,No,No,No,Playable,24800,525,99,84.2,8.1,96,204670,Not hit
177182,Pixel Hunter Remastered 2,2017-05-13,Action,Indie,0.99,< $5,Paid,No,No,No,Playable,3900,58,29,67.6,9.5,11,1227,Not hit
146768,Golden Horizon,2018-11-13,Horror,Indie,4.99,< $5,Paid,No,Yes,No,Playable,557700,6616,1770,78.9,1.1,2322,886196,Not hit
178218,Golden Island Deluxe 2 Remastered,2023-10-14,Simulation,AAA,59.99,$40+,Paid,No,No,Yes,Playable,462800,7611,4356,63.6,27.1,822,11331816,Not hit
156092,Dark Survivors: Origins,2022-04-29,Adventure,Indie,14.99,$10-20,Paid,No,No,No,Playable,7800,176,117,60.4,20.9,13,45308,Not hit
172298,Eternal Chronicles 2 Remastered 2,2018-02-18,Survival,Indie,2.99,< $5,Paid,Yes,No,No,Verified,55500,1243,503,71.2,18.7,189,65514,Not hit
119092,Solar Legends: Origins,2018-11-15,Strategy,Indie,0.0,Free,Free,No,No,No,Unsupported,38200,1034,377,73.3,73.6,114,29691,Not hit
127232,Mystic Frontier,2021-02-15,Simulation,AA,24.99,$20-40,Paid,No,No,No,,62000,1167,555,67.8,46.2,179,572237,Not hit
118722,Star Protocol 2,2021-12-04,Casual,Indie,2.99,< $5,Paid,No,No,No,Playable,900,13,6,70.5,6.7,0,1101,Not hit
182547,Cyber Dungeon II,2023-11-11,Adventure,Indie,0.99,< $5,Paid,Yes,No,No,Playable,5100,55,34,62.7,11.1,9,1965,Not hit
188985,Solar Hunter Deluxe Remastered: Origins,2022-01-03,Action,Indie,4.99,< $5,Paid,No,No,No,Playable,3700,89,52,63.7,9.9,7,7805,Not hit
105994,Mystic Racer,2017-02-07,Action,Indie,2.99,< $5,Paid,No,No,No,Verified,1600,41,13,76.6,7.9,3,2175,Not hit
109620,Crystal Colony II,2020-08-01,Adventure,Indie,9.99,$5-10,Paid,No,No,No,Verified,65500,1386,387,78.2,15.7,256,214045,Not hit
111803,Rogue Tower,2022-07-02,Simulation,Indie,19.99,$10-20,Paid,No,No,No,Verified,200,2,2,64.0,23.0,0,1742,Not hit
151726,Star Village Deluxe,2024-09-02,Survival,Indie,4.99,< $5,Paid,No,Yes,No,Playable,6200,130,44,75.2,78.0,28,13645,Not hit
133559,Wild Colony 2,2025-03-07,Simulation,Indie,4.99,< $5,Paid,No,No,No,Verified,2900,55,26,68.4,8.6,3,6520,Not hit
116095,Pixel Kingdom,2021-09-03,Adventure,AA,39.99,$20-40,Paid,No,Yes,No,Unsupported,446300,9036,2609,77.6,23.6,844,7880921,Not hit
117353,Silent Frontier 2,2022-02-10,Adventure,Indie,4.99,< $5,Paid,Yes,No,No,Playable,1100,20,11,64.7,6.2,0,1912,Not hit
187024,Shadow Ocean 2 2,2021-11-09,Roguelike,Indie,14.99,$10-20,Paid,No,No,No,Unsupported,2200,44,20,69.5,,2,10551,Not hit
138369,Neon Ocean Deluxe Remastered,2018-10-21,Action,Indie,14.99,$10-20,Paid,No,No,No,Unsupported,75200,2082,39,98.2,36.4,260,405409,Not hit
132634,Pixel Horizon,2019-10-23,Action,Indie,2.99,< $5,Paid,No,No,No,Verified,2500,67,32,68.6,18.5,1,2377,Not hit
152540,Tiny Tower II Remastered,2025-10-13,RPG,Indie,4.99,< $5,Paid,No,No,No,Playable,43800,1367,344,79.9,54.8,116,72226,Not hit
106216,Shadow Chronicles 2,2019-11-19,Casual,Indie,14.99,$10-20,Paid,No,No,No,Playable,900,13,5,72.4,7.0,1,4935,Not hit
151504,Tiny Factory,2019-12-01,Sports,Indie,2.99,< $5,Paid,Yes,Yes,No,Playable,6000,87,38,70.0,17.7,33,7451,Not hit
126862,Dark Legends II,2018-03-03,Survival,Indie,2.99,< $5,Paid,No,Yes,No,Playable,3900,46,26,64.0,34.0,27,4721,Not hit
181067,Pixel Racer 2: Origins,2025-02-16,Action,Indie,19.99,$10-20,Paid,No,No,No,Verified,1500,36,19,66.4,9.9,4,11872,Not hit
103848,Eternal Island,2018-02-24,Adventure,AA,24.99,$20-40,Paid,No,No,No,Playable,253300,5619,1432,79.7,4.2,353,2598280,Not hit
105476,Cyber Village Deluxe,2019-10-14,Adventure,Indie,4.99,< $5,Paid,No,No,No,Verified,13600,350,82,81.2,9.5,48,23462,Not hit
165971,Golden League Deluxe,2018-12-14,RPG,Indie,4.99,< $5,Paid,No,No,No,Verified,176200,4503,1400,76.3,65.9,199,386670,Not hit
117538,Void League: Origins,2024-11-17,Action,Indie,19.99,$10-20,Paid,Yes,Yes,No,Verified,6700,142,47,75.4,24.0,42,48916,Not hit
120646,Rogue League: Origins: Origins,2017-08-29,Puzzle,Indie,9.99,$5-10,Paid,No,No,No,Verified,10200,161,38,81.0,6.2,9,43006,Not hit
116021,Pixel Protocol 2,2023-04-22,Puzzle,Indie,9.99,$5-10,Paid,Yes,No,No,Unsupported,4600,122,39,76.3,4.5,6,16683,Not hit
174222,Cyber Village II 2,2024-05-05,Roguelike,Indie,4.99,< $5,Paid,No,No,No,Playable,381000,11523,3404,77.2,50.7,617,781480,Not hit
128268,Solar Horizon II 2,2023-07-12,RPG,Indie,14.99,$10-20,Paid,No,No,No,Playable,10400,309,99,75.9,91.9,12,68235,Not hit
128083,Last Dungeon II,2020-12-03,Puzzle,Indie,9.99,$5-10,Paid,No,No,No,Verified,4500,89,77,54.2,8.1,6,16865,Not hit
110360,Eternal Tactics,2024-12-29,Puzzle,AA,39.99,$20-40,Paid,No,No,No,Verified,73800,2097,548,79.3,7.2,286,1331270,Not hit
134706,Shadow Kingdom Deluxe,2022-12-17,Strategy,Indie,14.99,$10-20,Paid,No,No,No,Verified,3400,79,10,89.1,93.8,2,22425,Not hit
169079,Lost Tactics Deluxe Remastered,2023-08-29,Survival,Indie,9.99,$5-10,Paid,No,Yes,No,Verified,233800,7644,1667,82.1,56.5,1486,890616,Hit
154834,Shadow Frontier II,2025-07-12,Horror,Indie,14.99,$10-20,Paid,No,No,No,Playable,12500,313,149,67.9,1.5,43,72082,Not hit
158867,Solar Factory,2019-02-26,Adventure,AA,0.0,Free,Free,No,No,No,Playable,1672300,26939,14190,65.5,3.7,3157,585832,Not hit
151134,Golden Chronicles 2 Remastered,2024-09-03,Sports,AA,39.99,$20-40,Paid,No,No,No,Playable,619900,15359,7984,65.8,8.4,2378,10675873,Not hit
168080,Dark Survivors II: Origins,2017-02-20,Sports,Indie,0.0,Free,Free,No,Yes,No,Unsupported,4500,65,71,47.8,81.2,18,5412,Not hit
155907,Wild Frontier Deluxe,2024-08-05,Puzzle,AAA,49.99,$40+,Paid,No,No,No,Playable,33200,469,229,67.3,5.5,19,577898,Not hit
140700,Wild Legends: Origins,2024-03-26,Casual,Indie,2.99,< $5,Paid,No,No,No,Verified,200,2,3,55.3,5.0,0,238,Not hit
141440,Golden Survivors Deluxe,2019-02-22,Adventure,Indie,2.99,< $5,Paid,No,No,No,Verified,110200,3771,246,93.9,31.2,347,117684,Hit
135742,Steel Protocol: Origins 2,2018-01-13,Adventure,Indie,14.99,$10-20,Paid,No,No,No,Unsupported,3700,77,59,56.8,10.9,13,19553,Not hit
169745,Lost Dungeon Remastered II,2023-01-20,RPG,Indie,4.99,< $5,Paid,No,No,No,Verified,23600,678,147,82.2,59.2,22,44314,Not hit
105772,Dragon League: Origins,2023-12-14,RPG,Indie,9.99,$5-10,Paid,No,No,No,Unsupported,1400,15,10,61.7,28.6,1,5185,Not hit
146620,Pixel League Deluxe 2,2022-07-26,Action,Indie,9.99,$5-10,Paid,No,No,No,Verified,900,15,9,64.9,12.1,3,3360,Not hit
165601,Lost Ocean 2,2023-04-30,Adventure,Indie,24.99,$20-40,Paid,Yes,No,No,Playable,47600,699,42,94.4,5.1,73,436869,Not hit
151689,Void Colony: Origins,2020-02-06,Survival,Indie,9.99,$5-10,Paid,Yes,Yes,No,Playable,94200,3180,244,92.9,38.1,382,315466,Not hit
134632,Iron Tower 2,2021-01-31,Puzzle,Indie,0.0,Free,Free,No,No,No,Unsupported,14200,332,48,87.5,4.1,31,18537,Not hit
118278,Star Protocol: Origins,2024-01-19,Survival,Indie,14.99,$10-20,Paid,No,Yes,No,Playable,20000,467,122,79.3,32.2,115,127865,Not hit
130414,Golden Arena Remastered,2023-06-06,Casual,AAA,59.99,$40+,Paid,No,No,Yes,Unsupported,936100,10808,4834,69.1,10.8,2760,25065985,Not hit
135927,Last Hunter: Origins,2023-10-15,Adventure,AA,24.99,$20-40,Paid,No,No,No,Verified,299300,7513,1683,81.7,9.7,823,3302151,Hit
129378,Neon League,2024-10-20,Puzzle,Indie,14.99,$10-20,Paid,No,No,No,Verified,500,13,6,71.6,4.1,1,2857,Not hit
152318,Broken Colony 2 2,2020-05-11,Action,Indie,14.99,$10-20,Paid,No,No,No,Playable,41800,1371,228,85.8,18.5,148,240899,Not hit
130821,Hidden Chronicles,2017-11-23,Simulation,Indie,14.99,$10-20,Paid,Yes,No,No,Playable,47800,1095,238,82.2,55.3,190,302831,Not hit
120720,Silent Factory,2021-05-05,RPG,Indie,0.0,Free,Free,No,No,No,Verified,189100,5119,1962,72.3,119.4,171,94179,Not hit
166341,Wild Tactics Remastered,2018-08-08,Puzzle,Indie,14.99,$10-20,Paid,No,No,No,Verified,1400,23,7,77.1,5.4,3,7359,Not hit
123273,Wild Island Remastered,2025-11-26,Puzzle,Indie,19.99,$10-20,Paid,Yes,No,No,Playable,27800,588,109,84.4,5.1,19,191766,Not hit
177367,Void Dungeon: Origins II,2017-01-18,Action,Indie,19.99,$10-20,Paid,Yes,No,No,Playable,7900,178,27,87.1,43.0,29,67831,Not hit
174370,Hidden Dungeon Deluxe II,2017-05-20,Action,Indie,14.99,$10-20,Paid,No,No,No,Playable,6900,84,24,78.2,4.6,23,37094,Not hit
144437,Frozen Hunter,2024-02-26,Action,Indie,0.0,Free,Free,No,No,No,Unsupported,62900,1212,332,78.5,12.8,161,32668,Not hit
152022,Void Survivors II Deluxe,2017-10-26,Puzzle,Indie,0.0,Free,Free,No,No,No,Verified,1468500,31783,2503,92.7,5.4,3626,414786,Hit
139775,Iron Ocean Deluxe,2019-03-28,Racing,Indie,9.99,$5-10,Paid,No,No,No,Playable,200,2,3,55.1,42.3,0,802,Not hit
108806,Hidden Dungeon Deluxe,2020-05-01,Adventure,Indie,2.99,< $5,Paid,No,No,No,Playable,62400,1999,95,95.5,25.3,36,79530,Not hit
125049,Broken Dungeon Remastered: Origins,2025-01-31,Strategy,Indie,9.99,$5-10,Paid,No,Yes,No,Verified,200,3,2,61.2,29.2,0,846,Not hit
131376,Lost Dungeon 2,2025-03-12,Adventure,Indie,0.99,< $5,Paid,No,No,No,Playable,22400,469,115,80.4,54.2,80,9406,Not hit
114689,Last Island II,2022-03-03,Adventure,AA,24.99,$20-40,Paid,No,Yes,Yes,Playable,34000,801,454,63.9,11.1,176,280039,Not hit
158682,Mystic Racer: Origins II,2020-07-26,Puzzle,Indie,0.0,Free,Free,No,No,No,Unsupported,18900,511,234,68.7,2.9,57,21426,Not hit
129563,Wild Colony,2022-09-28,Survival,Indie,19.99,$10-20,Paid,No,Yes,No,Playable,4500,102,59,63.4,96.8,32,33305,Not hit
166082,Solar Factory: Origins,2023-10-07,Simulation,Indie,2.99,< $5,Paid,No,Yes,No,Unsupported,5500,93,54,63.4,35.9,17,6722,Not hit
185507,Broken Tower 2 Deluxe,2016-06-28,Horror,AA,19.99,$10-20,Paid,No,No,No,Verified,154400,3620,1016,78.1,3.3,106,1052561,Not hit
129822,Broken Factory Deluxe,2017-08-05,Action,Indie,0.99,< $5,Paid,No,Yes,,Playable,15600,350,109,76.4,6.4,75,5435,Not hit
175443,Dark Frontier II,2019-04-27,Casual,Indie,0.0,Free,Free,Yes,No,No,Verified,67700,1315,495,72.7,4.8,154,93995,Not hit
166008,Iron Arena II 2 II,2017-06-30,Action,Indie,14.99,$10-20,Paid,No,No,No,Verified,98200,1496,701,68.1,11.5,238,629172,Not hit
158312,Last Chronicles: Origins,2021-11-29,Action,Indie,2.99,< $5,Paid,No,No,No,Playable,200,3,2,68.3,15.9,0,232,Not hit
123828,Silent Village: Origins,2023-07-03,Action,Indie,14.99,$10-20,Paid,No,No,No,Verified,1200,21,15,60.2,14.4,1,8007,Not hit
116354,Dark Survivors II,2023-12-16,Action,AA,29.99,$20-40,Paid,No,Yes,Yes,Playable,361000,9803,3374,74.4,14.1,479,3850664,Not hit
145991,Dark Arena 2,2021-11-20,Strategy,Indie,14.99,$10-20,Paid,No,No,No,Verified,8900,256,51,83.6,29.6,33,58586,Not hit
179513,Shadow Arena Deluxe,2022-03-27,Racing,Indie,14.99,$10-20,Paid,No,No,No,Unsupported,2600,31,23,58.0,10.6,9,17441,Not hit
179698,Golden Arena 2 II,2023-02-04,Puzzle,Indie,2.99,< $5,Paid,No,No,No,Playable,45400,950,291,76.6,12.7,23,59440,Not hit
169449,Lost Odyssey Remastered II,2016-12-13,Simulation,Indie,14.99,$10-20,Paid,No,No,No,Unsupported,500,5,3,66.5,66.3,1,2726,Not hit
108362,Star Colony,2020-01-03,Simulation,Indie,4.99,< $5,Paid,No,No,No,Playable,7100,90,31,74.8,36.3,21,12615,Not hit
173815,Golden Arena: Origins II,2016-10-15,RPG,Indie,2.99,< $5,Paid,No,No,No,Verified,50500,1295,566,69.6,20.5,107,55989,Not hit
106475,Crystal Island,2021-01-19,Survival,Indie,14.99,$10-20,Paid,No,Yes,No,Verified,500,9,4,70.2,24.7,1,3055,Not hit
137703,Crystal Tower,2018-02-12,Casual,Indie,4.99,< $5,Paid,No,No,No,Verified,3500,44,21,67.7,9.6,2,6982,Not hit
111063,Pixel Protocol,2023-05-07,Casual,Indie,9.99,$5-10,Paid,Yes,No,No,Playable,4900,57,33,63.8,17.0,12,17016,Not hit
123569,Solar Odyssey: Origins,2023-09-03,RPG,Indie,9.99,$5-10,Paid,No,Yes,No,Playable,11400,234,42,85.0,74.8,12,44036,Not hit
126825,Eternal Hunter: Origins,2020-05-02,Simulation,Indie,4.99,< $5,Paid,Yes,No,No,Verified,8100,140,52,73.0,24.5,16,15206,Not hit
129748,Dark Tactics Deluxe,2019-02-01,Horror,Indie,2.99,< $5,Paid,No,Yes,No,Unsupported,23800,660,186,78.1,4.2,89,30088,Not hit
125715,Lost Survivors: Origins II,2020-05-01,Action,Indie,9.99,$5-10,Paid,No,No,No,Playable,1100,24,14,64.9,6.0,1,3547,Not hit
156499,Cyber Protocol: Origins,2025-09-05,Horror,AA,24.99,$20-40,Paid,No,No,No,Playable,42600,1070,337,76.1,6.6,115,367844,Not hit
182621,Solar Horizon II Remastered,2024-02-05,Action,Indie,4.99,< $5,Paid,No,No,No,Verified,2500,65,28,70.0,23.7,5,4661,Not hit
178477,Frozen Island 2,2020-02-19,Casual,AAA,69.99,$40+,Paid,No,Yes,Yes,Verified,425300,7008,1909,78.6,5.8,2048,10047843,Not hit
113431,Steel Horizon,2024-05-12,Strategy,Indie,14.99,$10-20,Paid,No,No,No,Unsupported,2200,36,12,75.6,33.2,8,10570,Not hit
186839,Eternal Village Deluxe,2024-12-18,Action,Indie,14.99,$10-20,Paid,No,No,No,Verified,11900,312,81,79.6,26.9,42,79109,Not hit
120091,Tiny Horizon II,2023-03-21,RPG,AAA,49.99,$40+,Paid,No,No,Yes,Playable,1136600,15084,3654,80.5,59.1,894,19252777,Hit
155463,Pixel Ocean II,2022-06-24,Adventure,Indie,9.99,$5-10,Paid,No,No,No,Playable,6200,67,40,63.5,24.3,21,21017,Not hit
100074,Pixel Village,2022-10-05,Racing,Indie,0.0,Free,Free,No,No,No,Verified,48100,737,164,81.8,4.4,182,69061,Not hit
180216,Star Colony: Origins,2016-11-25,Adventure,AAA,59.99,$40+,Paid,No,No,Yes,Playable,7060700,185517,41554,81.7,5.6,24314,134171544,Hit
189429,Frozen Protocol Deluxe,2016-11-01,Action,AA,0.0,Free,Free,No,No,No,Verified,641100,14481,6568,68.8,7.8,945,837384,Not hit
145177,Hidden Ocean Remastered 2,2019-06-12,Strategy,Indie,0.99,< $5,Paid,No,No,No,Unsupported,5900,95,28,78.0,33.4,12,2288,Not hit
110508,Solar Tower,2021-01-09,Strategy,Indie,14.99,$10-20,Paid,Yes,No,No,Playable,4800,120,15,89.0,33.5,10,31600,Not hit
141662,Pixel Ocean,2025-02-25,Action,Indie,2.99,< $5,Paid,No,No,No,Playable,400,9,6,63.7,25.5,0,396,Not hit
109879,Neon Ocean Deluxe,2020-03-02,Survival,Indie,2.99,< $5,Paid,No,Yes,No,Verified,91600,1961,473,80.6,83.1,422,100321,Not hit
104995,Crystal Empire,2020-08-14,Horror,Indie,9.99,$5-10,Paid,No,No,No,Unsupported,3200,45,12,80.3,14.0,7,12841,Not hit
181548,Hidden Hunter Remastered,2023-01-02,Casual,Indie,4.99,< $5,Paid,Yes,No,No,Unsupported,2800,39,23,63.4,4.9,4,5082,Not hit
174777,Hidden Island: Origins,2022-02-06,Horror,Indie,14.99,$10-20,Paid,No,Yes,No,Unsupported,11600,185,117,61.4,2.2,38,75626,Not hit
191982,Iron Legends II 2 II,2020-04-24,Puzzle,Indie,0.99,< $5,Paid,No,No,No,Playable,2100,43,13,77.3,5.9,7,744,Not hit
160162,Dragon Tactics 2: Origins,2022-01-13,Action,Indie,24.99,$20-40,Paid,No,No,No,Verified,500,9,5,64.8,6.4,1,5326,Not hit
122829,Void Survivors II,2022-03-30,Casual,Indie,19.99,$10-20,Paid,Yes,Yes,No,Verified,6400,74,41,64.7,8.5,49,56110,Not hit
163640,Neon Empire: Origins,2019-12-06,Puzzle,AA,39.99,$20-40,Paid,No,No,No,Verified,15200,379,208,64.6,16.5,42,198855,Not hit
184212,Tiny Village: Origins: Origins,2023-09-27,Adventure,Indie,9.99,$5-10,Paid,No,Yes,No,Unsupported,21000,700,25,96.6,9.0,22,79919,Not hit
183065,Rogue Protocol 2,2020-02-18,Strategy,Indie,0.99,< $5,Paid,Yes,No,No,Unsupported,58300,828,145,85.1,123.8,66,20205,Not hit
100148,Golden Tower,2018-12-11,Puzzle,Indie,9.99,$5-10,Paid,No,No,No,Unsupported,20500,365,65,85.0,4.6,55,82233,Not hit
113098,Cyber Island,2017-11-19,Racing,Indie,2.99,< $5,Paid,No,No,No,Verified,276800,5934,966,86.0,12.8,1100,308392,Hit
122422,Broken Horizon II II,2025-04-09,Strategy,Indie,19.99,$10-20,Paid,No,Yes,No,Playable,3200,59,14,82.1,44.2,15,24617,Not hit
149062,Dark Arena Remastered II,2018-11-23,Simulation,Indie,4.99,< $5,Paid,No,No,No,Verified,17600,240,95,71.8,83.1,63,29882,Not hit
106179,Silent Village II,2019-05-02,Simulation,Indie,0.99,< $5,Paid,No,No,No,Unsupported,500,4,4,58.9,25.9,0,195,Not hit
162715,Silent Hunter II,2025-04-23,RPG,AA,39.99,$20-40,Paid,No,Yes,No,Verified,1089200,37950,5176,88.0,40.5,5980,17107156,Hit
157942,Tiny Dungeon Deluxe,2019-05-12,Action,Indie,2.99,< $5,Paid,No,No,No,Verified,266200,5470,548,90.9,7.0,497,256664,Hit
145954,Star Dungeon Remastered,2022-01-19,Adventure,AAA,69.99,$40+,Paid,No,No,Yes,Verified,1778500,28281,6678,80.9,27.6,6981,40742925,Hit
155204,Tiny Racer 2,2025-02-13,Action,Indie,14.99,$10-20,Paid,No,Yes,No,Playable,5100,146,19,88.6,33.5,16,25356,Not hit
136852,Pixel Racer,2020-05-12,Action,Indie,19.99,$10-20,Paid,No,No,No,Verified,13000,163,54,75.5,5.7,26,108733,Not hit
160828,Tiny Frontier Deluxe,2019-07-02,Casual,Indie,2.99,< $5,Paid,No,No,No,Verified,2600,58,24,71.1,12.9,3,3183,Not hit
141588,Last Empire Remastered 2,2021-11-07,Action,AAA,49.99,$40+,Paid,No,No,No,Playable,2636100,44672,11449,79.6,13.8,9974,52190127,Not hit
144400,Broken Protocol Remastered,2017-01-06,Simulation,Indie,9.99,$5-10,Paid,No,No,No,Playable,1700,31,11,75.8,36.6,4,6234,Not hit
178551,Crystal Colony Remastered Deluxe,2023-03-03,Horror,Indie,0.99,< $5,Paid,Yes,Yes,No,Playable,16800,258,142,64.5,2.8,105,6652,Not hit
131857,Broken Racer: Origins,2020-03-13,Survival,AA,29.99,$20-40,Paid,No,Yes,Yes,Playable,383100,11085,1218,90.1,30.3,822,5173341,Hit
134743,Hidden Legends: Origins,2021-09-11,Simulation,AA,29.99,$20-40,Paid,No,No,Yes,Verified,10900,155,63,71.4,35.9,9,109113,Not hit
143512,Dark Racer Deluxe,2024-02-27,Action,Indie,9.99,$5-10,Paid,No,Yes,No,Unsupported,67700,1120,238,82.5,14.3,310,275259,Not hit
161531,Mystic Frontier 2,2022-03-30,Adventure,AA,39.99,$20-40,Paid,No,No,Yes,Playable,9600,157,163,49.3,38.3,29,155318,Not hit
121127,Wild Ocean: Origins 2,2022-01-22,Simulation,Indie,0.99,< $5,Paid,No,No,No,Playable,10100,224,30,88.3,53.6,30,3721,Not hit
191908,Cyber Arena Deluxe Remastered,2020-01-20,Puzzle,Indie,9.99,$5-10,Paid,No,No,Yes,Unsupported,400,8,4,70.9,4.9,1,1271,Not hit
137851,Last Factory II: Origins,2025-12-19,Action,Indie,4.99,< $5,Paid,No,No,No,Verified,5000,71,22,76.5,10.1,5,10584,Not hit
139923,Eternal Odyssey,2022-01-03,Simulation,Indie,0.99,< $5,Paid,No,No,No,Unsupported,35100,438,181,70.8,35.5,122,14250,Not hit
153021,Crystal Ocean Deluxe 2,2016-11-12,Horror,Indie,14.99,$10-20,Paid,Yes,No,No,Verified,400,7,5,62.4,5.3,1,2384,Not hit
189244,Steel Hunter 2 II,2021-09-29,Simulation,Indie,0.0,Free,Free,No,No,No,Unsupported,6400,124,93,57.2,29.0,25,9712,Not hit
125530,Iron Village II,2018-09-11,Action,Indie,0.0,Free,Free,No,No,No,Playable,3100,31,22,59.9,7.9,4,801,Not hit
178070,Dark Kingdom Deluxe 2,2017-08-25,Roguelike,Indie,0.0,Free,Free,No,No,No,Verified,790200,19842,8344,70.4,24.7,2115,884019,Not hit
187357,Wild Village 2,2020-04-28,Action,Indie,14.99,$10-20,Paid,Yes,No,No,Unsupported,12300,263,66,80.0,46.3,36,82078,Not hit
158090,Tiny Island Deluxe: Origins,2022-01-04,Casual,Indie,4.99,< $5,Paid,No,No,No,Verified,79800,1930,533,78.4,9.2,125,144324,Not hit
148692,Solar Arena II,2016-10-08,Sports,AA,0.0,Free,Free,No,Yes,No,Verified,67700,1025,608,62.8,21.2,325,64421,Not hit
183472,Cyber Empire Remastered Remastered,2022-06-02,Casual,Indie,2.99,< $5,Paid,Yes,No,No,Playable,300,6,4,62.1,1.8,0,344,Not hit
107881,Rogue Colony,2023-11-26,Adventure,Indie,14.99,$10-20,Paid,No,No,No,Unsupported,3300,116,15,89.0,,13,18475,Not hit
143364,Shadow Ocean 2,2016-09-22,Casual,Indie,4.99,< $5,Paid,No,No,Yes,Verified,14300,195,75,72.5,7.0,48,26342,Not hit
160384,Solar Tower: Origins: Origins,2021-10-12,Adventure,AA,39.99,$20-40,Paid,No,No,No,Unsupported,41800,433,238,64.6,10.0,104,723188,Not hit
139886,Golden Island Deluxe 2,2025-07-25,Roguelike,Indie,9.99,$5-10,Paid,No,No,No,Unsupported,8600,225,78,74.3,51.5,30,38474,Not hit
130673,Last League II,2025-08-29,RPG,AA,24.99,$20-40,Paid,No,No,No,Unsupported,55500,660,267,71.2,28.3,145,479422,Not hit
116983,Last Tower: Origins,2023-03-13,Action,AA,24.99,$20-40,Paid,No,Yes,No,Verified,56300,1154,736,61.1,15.8,427,482673,Not hit
133041,Steel Empire,2020-04-04,Racing,Indie,4.99,< $5,Paid,No,Yes,No,Playable,6800,192,39,83.3,67.0,26,13723,Not hit
159385,Shadow Tactics 2,2020-03-11,Adventure,AA,24.99,$20-40,Paid,No,No,No,Verified,36400,456,219,67.7,4.3,124,362239,Not hit
180549,Wild Arena Deluxe,2019-01-08,Action,Indie,2.99,< $5,Paid,No,No,No,Playable,122600,2535,987,72.0,8.0,397,161574,Not hit
187209,Shadow Colony: Origins,2019-10-23,Simulation,Indie,9.99,$5-10,Paid,No,No,No,Verified,8600,176,52,77.2,15.5,13,33896,Not hit
155685,Silent Tactics: Origins,2022-10-04,Puzzle,Indie,4.99,< $5,Paid,No,No,No,,45100,1128,80,93.4,7.2,52,94502,Not hit
131561,Lost Racer 2,2020-10-16,Action,Indie,4.99,< $5,Paid,No,No,No,Unsupported,600,10,7,64.5,5.6,0,1044,Not hit
108880,Star Tactics,2022-12-04,Action,Indie,2.99,< $5,Paid,No,Yes,No,Verified,63700,1200,641,65.2,22.6,242,83702,Not hit
180956,Dark Village II,2023-12-03,Adventure,AA,19.99,$10-20,Paid,No,No,No,Unsupported,873700,17357,3657,82.6,18.5,1946,6080233,Hit
114504,Eternal Dungeon II,2025-09-02,Simulation,Indie,9.99,$5-10,Paid,No,No,No,Unsupported,700,15,6,71.6,22.3,2,2961,Not hit
103626,Hidden Horizon,2025-03-01,Sports,Indie,4.99,< $5,Paid,Yes,Yes,No,Playable,19300,238,99,70.9,64.4,110,38549,Not hit
115688,Star Protocol Remastered,2024-01-08,Adventure,Indie,2.99,< $5,Paid,Yes,No,No,Unsupported,2600,60,40,60.1,8.4,5,2505,Not hit
127824,Rogue Kingdom,2018-05-30,Strategy,Indie,2.99,< $5,Paid,No,No,No,Playable,3400,44,19,70.6,62.7,1,3499,Not hit
169782,Last Legends Remastered,2025-12-11,Action,Indie,9.99,$5-10,Paid,Yes,No,No,Playable,10400,173,124,58.5,9.2,38,43368,Not hit
180623,Hidden Arena 2,2016-11-25,RPG,Indie,4.99,< $5,Paid,No,Yes,No,Unsupported,22100,667,213,75.9,50.8,56,36841,Not hit
104514,Dragon Colony 2,2018-06-17,Adventure,Indie,24.99,$20-40,Paid,No,Yes,No,Verified,54400,1608,473,77.3,12.4,82,530327,Not hit
110804,Star Kingdom,2022-04-22,Horror,Indie,19.99,$10-20,Paid,No,Yes,No,Unsupported,6700,134,59,69.7,9.7,22,56455,Not hit
165083,Star Arena Remastered Remastered,2017-11-21,Action,Indie,4.99,< $5,Paid,No,No,Yes,Playable,71900,1900,503,79.1,10.9,253,130984,Not hit
145843,Last Arena: Origins,2023-01-17,Roguelike,Indie,2.99,< $5,Paid,No,Yes,No,Playable,11800,216,104,67.7,46.8,42,12069,Not hit
181955,Solar Factory: Origins II,2022-04-23,Casual,Indie,14.99,$10-20,Paid,No,No,No,Unsupported,5000,105,74,58.7,18.8,6,26825,Not hit
149284,Tiny Frontier Remastered 2,2021-01-03,Sports,Indie,14.99,$10-20,Paid,No,Yes,No,Playable,17900,153,115,57.2,121.7,99,86418,Not hit
118944,Shadow Protocol Deluxe,2024-03-11,RPG,Indie,4.99,< $5,Paid,No,No,No,Unsupported,3700,110,16,87.5,49.5,13,7368,Not hit
171817,Dragon Village Deluxe 2,2017-09-10,Action,Indie,14.99,$10-20,Paid,No,No,No,Playable,126700,3420,1128,75.2,24.3,503,768713,Not hit
147841,Tiny Protocol Remastered,2020-08-06,Action,AA,0.0,Free,Free,No,Yes,No,Verified,899900,14700,6391,69.7,13.1,6273,649926,Not hit
110286,Steel Tactics Remastered,2020-10-25,RPG,Indie,2.99,< $5,Paid,No,No,No,Playable,7900,129,66,66.2,160.3,14,9141,Not hit
184878,Mystic Tactics Deluxe 2 Remastered,2024-10-13,Sports,Indie,9.99,$5-10,Paid,No,No,No,Verified,23600,346,83,80.8,54.9,82,76631,Not hit
142143,Tiny Dungeon Remastered Deluxe,2025-09-26,Casual,Indie,4.99,< $5,Paid,Yes,No,No,Unsupported,400,4,4,50.9,5.6,0,821,Not hit
106919,Neon Frontier,2024-02-07,Survival,Indie,14.99,$10-20,Paid,No,No,No,Playable,36400,530,105,83.6,24.2,118,198707,Not hit
112062,Rogue Protocol II,2022-07-18,Simulation,Indie,14.99,$10-20,Paid,No,No,No,Verified,16600,363,67,84.6,32.9,27,101018,Not hit
108066,Dragon Horizon II,2024-10-04,Roguelike,Indie,14.99,$10-20,Paid,No,No,No,Playable,8800,188,48,79.7,51.9,20,56927,Not hit
117205,Mystic Odyssey II,2019-04-17,Casual,Indie,2.99,< $5,Paid,No,No,No,Unsupported,116600,2019,838,70.7,4.5,69,125307,Not hit
179624,Lost Survivors Deluxe,2025-10-05,Strategy,AA,29.99,$20-40,Paid,No,Yes,Yes,Unsupported,310200,7807,849,90.2,75.4,349,3942976,Hit
122533,Mystic Empire,2020-04-19,Action,Indie,4.99,< $5,Paid,Yes,Yes,No,Playable,2200,22,14,63.3,21.0,7,3506,Not hit
143216,Wild Odyssey,2016-12-28,Roguelike,Indie,14.99,$10-20,Paid,No,No,No,Playable,7500,250,21,92.3,18.4,15,47913,Not hit
149691,Frozen Tactics Remastered,2023-02-07,Casual,Indie,14.99,$10-20,Paid,No,Yes,No,Unsupported,10400,173,90,66.1,11.9,36,60240,Not hit
160495,Iron Survivors Remastered Deluxe,2025-08-22,RPG,AA,39.99,$20-40,Paid,No,No,No,Verified,112500,3097,671,82.2,86.5,315,1561359,Hit
192167,Steel Ocean Deluxe,2019-02-13,Simulation,Indie,19.99,$10-20,Paid,Yes,Yes,No,Verified,14100,188,73,72.4,36.2,51,95923,Not hit
170152,Void Empire II,2017-06-29,Action,AA,24.99,$20-40,Paid,No,No,No,Playable,190100,4908,2364,67.5,12.7,557,1519493,Not hit
125493,Frozen Legends II,2019-04-28,RPG,AA,19.99,$10-20,Paid,No,No,No,Unsupported,43400,1138,510,69.1,81.9,84,388610,Not hit
101036,Frozen Factory,2022-04-04,Horror,AA,19.99,$10-20,Paid,No,No,Yes,Unsupported,107900,3081,527,85.4,6.4,409,914416,Hit
151578,Neon Protocol Deluxe,2022-11-15,Action,Indie,4.99,< $5,Paid,No,No,No,Playable,6000,117,77,60.8,17.0,17,11269,Not hit
152651,Broken Factory Deluxe Remastered Remastered,2023-04-06,Action,Indie,24.99,$20-40,Paid,No,No,Yes,Verified,3100,49,28,63.7,7.1,9,26923,Not hit
180475,Dragon Colony: Origins Remastered,2023-03-05,RPG,Indie,19.99,$10-20,Paid,No,No,No,Playable,19900,449,209,68.3,27.5,34,143659,Not hit
141625,Pixel Horizon II,2024-02-12,Puzzle,Indie,14.99,$10-20,Paid,No,No,No,Playable,1800,31,8,81.8,3.1,5,10958,Not hit
113283,Rogue Tactics: Origins,2022-06-16,Action,Indie,9.99,$5-10,Paid,No,No,No,Verified,205100,4032,130,96.9,13.5,791,736744,Hit
176738,Steel League Deluxe Deluxe,2025-06-16,Racing,Indie,9.99,$5-10,Paid,No,No,No,Unsupported,17200,282,56,83.5,53.3,57,68807,Not hit
189133,Hidden Chronicles Remastered,2021-12-20,RPG,AA,39.99,$20-40,Paid,No,Yes,Yes,Verified,1035400,27639,2404,92.0,75.6,2621,15021633,Hit
146398,Eternal Kingdom: Origins,2017-08-25,Racing,Indie,0.0,Free,Free,No,No,No,Unsupported,304200,8163,2974,73.3,12.1,607,442703,Not hit
171336,Wild Kingdom: Origins,2023-11-11,Simulation,Indie,9.99,$5-10,Paid,No,Yes,No,Playable,17900,432,212,67.2,11.5,64,61137,Not hit
143549,Steel Ocean Remastered,2020-09-12,Roguelike,AAA,59.99,$40+,Paid,No,No,Yes,Playable,2581300,59649,12653,82.5,31.9,2474,55040496,Hit
105957,Steel Legends,2023-03-09,Adventure,Indie,0.0,Free,Free,No,Yes,No,Verified,99800,3072,648,82.6,10.0,531,87586,Not hit
146509,Void Legends Deluxe,2023-05-09,Strategy,Indie,2.99,< $5,Paid,Yes,Yes,No,Playable,50400,1424,178,88.9,66.4,397,58300,Not hit
176368,Cyber Racer Deluxe Deluxe,2016-07-06,Puzzle,Indie,4.99,< $5,Paid,No,No,No,Verified,4300,88,31,74.5,6.8,6,7566,Not hit
181659,Pixel Chronicles: Origins 2,2020-02-17,Strategy,Indie,19.99,$10-20,Paid,No,No,No,Unsupported,1000,13,5,73.0,35.1,0,6576,Not hit
117464,Rogue Ocean: Origins,2018-05-02,Survival,Indie,9.99,$5-10,Paid,No,Yes,No,Verified,117100,3818,227,94.4,40.8,225,368865,Hit
166822,Iron Tower 2 Remastered,2024-05-11,RPG,Indie,4.99,< $5,Paid,No,No,No,Playable,35300,549,169,76.5,36.3,79,65170,Not hit
154612,Shadow Empire Deluxe,2019-03-01,Puzzle,Indie,2.99,< $5,Paid,No,No,No,Unsupported,10400,161,38,81.4,7.8,18,12355,Not hit
102220,Shadow Empire,2019-09-01,Racing,Indie,14.99,$10-20,Paid,No,No,No,Playable,12500,152,38,80.0,6.5,30,73660,Not hit
118389,Dark Island,2021-09-03,Survival,Indie,4.99,< $5,Paid,No,Yes,No,Playable,223400,3665,657,84.8,82.4,250,370721,Hit
119536,Dragon Ocean II,2019-07-25,Casual,AA,39.99,$20-40,Paid,No,No,No,Verified,871800,11534,1863,86.1,4.8,3126,15783836,Hit
145806,Golden Colony II,2022-02-20,Puzzle,Indie,0.0,Free,Free,No,Yes,No,Unsupported,191200,5780,1556,78.8,14.7,624,175247,Not hit
111581,Shadow Tactics Remastered,2019-02-21,Roguelike,Indie,14.99,$10-20,Paid,No,No,No,Unsupported,32000,947,148,86.5,13.4,114,207022,Not hit
150579,Wild Colony 2 Remastered,2022-03-13,Casual,AA,29.99,$20-40,Paid,No,No,No,Verified,23000,536,319,62.8,14.4,69,244150,Not hit
150616,Star Colony II,2021-10-12,RPG,Indie,4.99,< $5,Paid,No,No,No,Playable,13900,254,44,85.3,40.3,8,22511,Not hit
181992,Tiny Island: Origins,2017-05-18,Strategy,Indie,9.99,$5-10,Paid,No,Yes,No,Playable,2100,46,19,72.2,65.9,12,8647,Not hit
117649,Golden Arena Deluxe,2016-07-05,Action,Indie,14.99,$10-20,Paid,No,No,No,Verified,4000,104,40,72.3,12.3,15,25903,Not hit
131265,Tiny Chronicles 2,2025-02-17,RPG,Indie,19.99,$10-20,Paid,No,Yes,No,Unsupported,17700,263,71,78.8,65.3,112,157252,Not hit
140848,Dark Island Remastered,2018-05-16,Roguelike,Indie,9.99,$5-10,Paid,No,Yes,No,Unsupported,92400,1757,170,91.2,23.5,208,409579,Not hit
103404,Frozen Chronicles,2022-03-22,Casual,Indie,9.99,$5-10,Paid,Yes,No,No,Playable,3100,84,33,72.3,2.6,3,12535,Not hit
130932,Lost League II,2018-01-31,Action,AA,24.99,$20-40,Paid,No,No,No,Unsupported,418700,11673,1776,86.8,2.8,1240,4084603,Hit
119129,Golden League II,2024-06-06,RPG,Indie,2.99,< $5,Paid,No,No,No,Verified,3300,84,33,72.3,57.6,6,3717,Not hit
185174,Hidden Hunter 2: Origins,2024-03-03,Roguelike,Indie,4.99,< $5,Paid,No,No,No,Verified,3400,48,14,78.8,15.8,7,6727,Not hit
184101,Pixel Chronicles Remastered,2017-10-06,Casual,AA,0.0,Free,Free,No,No,Yes,Unsupported,109300,3427,923,78.8,3.7,133,180011,Not hit
185026,Last Racer: Origins,2020-12-10,Action,Indie,14.99,$10-20,Paid,No,No,No,Verified,29400,931,208,81.8,13.7,109,148137,Not hit
144511,Last Horizon II,2019-08-19,Action,Indie,14.99,$10-20,Paid,No,No,No,Verified,400,11,4,78.9,10.1,0,2580,Not hit
137592,Pixel Protocol: Origins,2023-05-07,Racing,Indie,14.99,$10-20,Paid,Yes,No,No,Unsupported,500,12,6,67.4,11.6,1,3083,Not hit
173519,Tiny Dungeon: Origins,2020-09-17,Adventure,Indie,0.0,Free,Free,Yes,No,No,Verified,103600,1696,878,65.9,4.8,194,77100,Not hit
121534,Eternal Legends,2022-07-28,Horror,Indie,9.99,$5-10,Paid,No,Yes,Yes,Verified,28300,720,286,71.6,3.7,217,116341,Not hit
105698,Solar Racer,2019-11-25,RPG,Indie,2.99,< $5,Paid,No,Yes,No,Playable,2700,72,27,73.0,76.0,18,2751,Not hit
172594,Lost Racer Remastered,2023-12-21,Action,Indie,9.99,$5-10,Paid,No,No,No,Playable,309600,4082,649,86.3,5.7,1177,1182412,Hit
132745,Void Village,2022-01-28,RPG,Indie,9.99,$5-10,Paid,Yes,No,Yes,Verified,2900,52,34,61.2,65.1,11,10939,Not hit
115540,Last Frontier,2023-01-27,Roguelike,Indie,9.99,$5-10,Paid,No,No,No,Verified,21000,573,76,88.4,28.5,46,95428,Not hit
128416,Frozen Survivors Deluxe,2020-04-26,Adventure,AA,29.99,$20-40,Paid,No,No,No,Unsupported,30800,883,175,83.5,13.8,102,392574,Not hit
147804,Silent Arena Deluxe,2019-07-11,Casual,Indie,4.99,< $5,Paid,No,No,No,Playable,900,10,24,32.1,3.4,3,1814,Not hit
100444,Iron Odyssey,2018-09-08,Simulation,AAA,69.99,$40+,Paid,No,No,Yes,Unsupported,715000,14404,6144,70.1,82.0,1831,21876557,Not hit
134928,Lost League 2,2024-11-03,Casual,Indie,4.99,< $5,Paid,No,No,No,Unsupported,2400,42,16,73.6,22.8,8,4664,Not hit
111877,Iron Village,2025-08-05,Strategy,AAA,49.99,$40+,Paid,No,Yes,No,Unsupported,52300,781,576,57.6,69.4,369,1060002,Not hit
173001,Dragon Tower Deluxe,2018-10-02,Simulation,Indie,0.99,< $5,Paid,No,No,No,Unsupported,25600,885,88,91.0,27.9,92,8728,Not hit
140552,Broken Factory Deluxe Remastered,2025-09-08,Simulation,Indie,9.99,$5-10,Paid,No,No,No,Playable,81000,1890,739,71.9,46.2,199,306442,Not hit
169523,Last Horizon 2: Origins,2017-05-04,Racing,Indie,9.99,$5-10,Paid,No,No,No,Unsupported,2300,53,17,76.3,3.2,3,7444,Not hit
153576,Shadow Survivors: Origins,2021-04-11,Action,Indie,14.99,$10-20,Paid,No,No,No,Playable,47600,1491,137,91.6,5.4,167,320409,Not hit
151467,Dragon Tactics Deluxe,2021-08-26,Horror,Indie,19.99,$10-20,Paid,No,No,No,Verified,1400,24,13,65.5,5.0,1,11761,Not hit
126936,Star Frontier II Remastered,2025-05-19,Casual,Indie,9.99,$5-10,Paid,No,No,No,Unsupported,2500,57,22,73.4,5.6,7,8319,Not hit
190206,Neon Odyssey: Origins 2,2023-10-07,Strategy,AA,24.99,$20-40,Paid,No,No,No,Playable,7700,75,43,63.8,41.0,22,60714,Not hit
130155,Rogue Frontier: Origins,2017-11-29,Puzzle,Indie,14.99,$10-20,Paid,No,No,No,Playable,3100,82,41,66.7,13.1,9,15161,Not hit
110138,Pixel Colony: Origins,2017-10-18,Roguelike,AA,24.99,$20-40,Paid,No,No,No,Playable,2686900,82777,14380,85.2,5.2,7456,27717416,Hit
165120,Cyber Kingdom Deluxe Deluxe,2019-09-09,Horror,AA,39.99,$20-40,Paid,No,Yes,No,Playable,72100,1352,819,62.3,6.8,486,992575,Not hit
149247,Cyber Hunter Deluxe,2023-12-07,Adventure,Indie,14.99,$10-20,Paid,Yes,No,No,Unsupported,20900,362,49,88.2,3.6,46,110338,Not hit
184434,Mystic Colony Remastered,2018-10-30,Casual,Indie,14.99,$10-20,Paid,Yes,No,No,Unsupported,23300,607,75,89.1,8.2,73,126685,Not hit
152799,Neon Legends: Origins Remastered,2016-03-21,Action,Indie,0.99,< $5,Paid,Yes,No,No,Playable,31100,850,386,68.8,14.2,67,13073,Not hit
161346,Iron Empire: Origins,2019-05-12,Survival,Indie,4.99,< $5,Paid,No,Yes,No,Verified,561000,15811,3709,81.0,128.5,1554,899527,Hit
130192,Iron League,2019-03-22,Puzzle,Indie,14.99,$10-20,Paid,No,No,No,Unsupported,13500,263,45,85.7,4.6,18,88568,Not hit
163788,Cyber Hunter Remastered Deluxe,2023-06-23,Action,Indie,14.99,$10-20,Paid,No,No,No,Verified,11000,180,80,69.3,16.8,27,58867,Not hit
143031,Broken Kingdom II: Origins,2021-06-09,Horror,Indie,2.99,< $5,Paid,No,No,No,Verified,8400,146,78,65.3,4.1,24,7954,Not hit
171151,Frozen Survivors Remastered: Origins,2021-01-12,RPG,Indie,2.99,< $5,Paid,No,No,No,Verified,11700,282,164,63.4,18.4,38,11672,Not hit
123495,Broken Racer,2019-10-04,Sports,AA,0.0,Free,Free,No,Yes,No,Playable,375300,3886,4045,49.0,9.6,2611,639509,Not hit
115910,Golden Village,2024-06-03,Casual,Indie,9.99,$5-10,Paid,No,No,No,Playable,300,6,4,60.7,7.6,0,1090,Not hit
141144,Void Arena: Origins,2022-12-02,RPG,Indie,24.99,$20-40,Paid,No,No,No,Unsupported,14900,197,86,69.8,69.6,48,138545,Not hit
108547,Cyber Protocol II,2023-06-12,Sports,AA,24.99,$20-40,Paid,No,Yes,Yes,Playable,3338800,50553,823,98.4,13.5,19054,35579039,Hit
127750,Silent Arena 2,2022-07-15,Puzzle,Indie,9.99,$5-10,Paid,No,No,No,Playable,4500,56,27,67.6,2.9,9,20166,Not hit
119203,Wild Legends Deluxe,2017-08-20,Roguelike,AA,19.99,$10-20,Paid,No,Yes,No,Playable,433600,11856,2077,85.1,13.3,723,3219159,Hit
160421,Cyber Horizon: Origins,2024-09-15,Roguelike,Indie,9.99,$5-10,Paid,No,Yes,No,Playable,68400,1887,429,81.5,40.5,93,271795,Not hit
137666,Dragon Factory: Origins,2025-08-29,Puzzle,Indie,14.99,$10-20,Paid,No,No,Yes,Playable,1800,34,16,68.1,15.0,6,10190,Not hit
126788,Hidden Frontier Deluxe,2022-02-20,Racing,AA,19.99,$10-20,Paid,No,No,Yes,Verified,20200,435,187,70.0,35.2,29,157333,Not hit
156869,Iron Survivors Deluxe Remastered,2019-04-23,Puzzle,Indie,9.99,$5-10,Paid,No,No,No,Unsupported,2600,53,11,83.6,5.6,1,8232,Not hit
138110,Solar Kingdom,2020-03-19,Simulation,Indie,0.99,< $5,Paid,Yes,Yes,No,Playable,29600,573,219,72.4,50.8,72,12591,Not hit
132930,Hidden Legends Deluxe Remastered,2018-06-06,Action,Indie,14.99,$10-20,Paid,No,No,No,Playable,21200,572,98,85.5,14.8,78,119972,Not hit
148840,Cyber Tactics Deluxe,2025-03-17,Adventure,Indie,4.99,< $5,Paid,No,No,No,Verified,3100,54,38,59.2,5.5,4,5882,Not hit
127269,Broken Island Remastered,2022-08-26,Action,Indie,14.99,$10-20,Paid,No,No,No,Playable,14600,292,80,78.5,10.6,13,74375,Not hit
118019,Broken Arena,2019-11-28,Action,Indie,2.99,< $5,Paid,No,Yes,,Unsupported,9300,250,47,84.4,10.6,15,11269,Not hit
162234,Mystic Odyssey II: Origins Deluxe,2024-04-24,Racing,Indie,24.99,$20-40,Paid,No,Yes,No,Unsupported,56800,1462,335,81.4,40.0,356,507056,Not hit
153391,Tiny Odyssey Remastered,2023-02-18,Action,Indie,0.0,Free,Free,No,No,Yes,Playable,31800,567,237,70.6,36.0,57,32412,Not hit
189725,Golden Chronicles 2: Origins,2024-01-04,Adventure,Indie,9.99,$5-10,Paid,No,No,No,Unsupported,7300,152,56,73.5,10.0,19,23898,Not hit
127639,Pixel Odyssey,2018-08-09,Strategy,Indie,4.99,< $5,Paid,No,No,No,Verified,2200,34,17,68.5,95.0,3,4847,Not hit
187690,Iron Kingdom: Origins,2024-11-21,Adventure,Indie,14.99,$10-20,Paid,Yes,No,No,Unsupported,4000,47,27,64.2,17.1,12,20927,Not hit
147471,Void Empire: Origins,2016-08-04,Strategy,Indie,14.99,$10-20,Paid,Yes,No,No,Playable,70500,1958,703,73.6,52.2,73,358861,Not hit
155870,Void Village: Origins,2025-12-23,Action,Indie,24.99,$20-40,Paid,No,No,No,Playable,3300,65,17,79.4,9.9,9,36660,Not hit
135816,Mystic Odyssey Remastered,2017-10-11,Simulation,Indie,0.0,Free,Free,No,No,No,Verified,105000,2902,1262,69.7,19.4,369,124442,Not hit
105846,Frozen League Remastered,2024-02-15,Adventure,Indie,9.99,$5-10,Paid,No,No,No,Unsupported,11500,209,60,77.9,7.6,43,36830,Not hit
112173,Wild Protocol,2024-09-01,Action,AA,39.99,$20-40,Paid,No,Yes,No,Playable,5979100,211631,11374,94.9,7.7,28266,83394880,Hit
106771,Broken Frontier,2024-09-08,Action,Indie,14.99,$10-20,Paid,No,No,No,Playable,100500,1216,402,75.2,7.3,81,528110,Not hit
104292,Silent Hunter,2022-10-09,Action,Indie,14.99,$10-20,Paid,No,Yes,No,Verified,15800,385,125,75.5,14.9,69,101845,Not hit
101998,Cyber Frontier,2018-12-09,Action,Indie,2.99,< $5,Paid,No,No,Yes,Unsupported,11000,130,64,67.4,2.8,42,13441,Not hit
181585,Frozen Horizon II,2018-06-28,Action,Indie,2.99,< $5,Paid,No,No,No,Verified,6400,124,41,75.4,11.0,10,8517,Not hit
177145,Shadow Factory Remastered 2,2023-12-14,Casual,Indie,9.99,$5-10,Paid,No,No,No,Verified,4700,107,42,72.1,3.4,14,15583,Not hit
153132,Dark Dungeon: Origins,2019-06-12,Casual,AAA,59.99,$40+,Paid,No,No,No,Playable,468700,6365,2133,74.9,8.3,1531,10078696,Not hit
143771,Pixel Chronicles Deluxe,2021-04-29,Simulation,Indie,9.99,$5-10,Paid,No,No,No,Playable,6100,133,45,74.9,20.5,23,24626,Not hit
118130,Dragon Racer,2025-02-28,Action,Indie,0.0,Free,Free,No,Yes,No,Playable,35700,457,194,70.3,24.1,273,25215,Not hit
147249,Void Chronicles II,2021-08-16,Roguelike,Indie,9.99,$5-10,Paid,Yes,No,No,Unsupported,16800,322,117,73.4,27.8,43,68896,Not hit
130636,Hidden Colony,2021-08-08,Action,AAA,59.99,$40+,Paid,No,No,Yes,Verified,2009500,43781,18675,70.1,4.8,3117,51087169,Not hit
173112,Hidden Kingdom Remastered,2025-12-23,Strategy,Indie,9.99,$5-10,Paid,No,No,No,Verified,10100,259,121,68.3,15.2,29,44754,Not hit
107141,Golden League,2018-11-19,Adventure,Indie,14.99,$10-20,Paid,Yes,No,No,,8400,157,38,80.6,26.0,27,46513,Not hit
143660,Solar Island 2,2019-07-08,Puzzle,AA,39.99,$20-40,Paid,No,No,No,Unsupported,40300,911,270,77.2,17.2,84,634083,Not hit
116502,Steel Frontier Deluxe,2016-04-22,Simulation,Indie,9.99,$5-10,Paid,Yes,No,Yes,Unsupported,2200,53,34,61.7,45.8,8,9062,Not hit
127417,Wild Tower 2,2017-07-23,Puzzle,Indie,2.99,< $5,Paid,No,No,No,Playable,3200,38,22,64.4,3.3,3,3408,Not hit
167377,Last Dungeon Remastered,2023-02-14,Roguelike,Indie,2.99,< $5,Paid,No,No,No,Playable,43000,1351,193,87.5,21.1,62,42237,Not hit
150320,Broken Survivors Deluxe,2022-09-04,Puzzle,Indie,9.99,$5-10,Paid,No,No,No,Verified,200,5,2,82.7,5.0,0,752,Not hit
156129,Shadow Dungeon: Origins,2025-06-30,Action,Indie,2.99,< $5,Paid,No,No,No,Verified,170300,3665,1071,77.4,22.3,236,209450,Not hit
164676,Rogue Factory Remastered,2025-10-14,Casual,Indie,9.99,$5-10,Paid,Yes,No,No,Playable,4000,129,25,84.0,7.8,11,14384,Not hit
148396,Silent Protocol 2 II,2025-02-26,Survival,Indie,4.99,< $5,Paid,No,Yes,No,Playable,15000,331,52,86.6,19.4,47,28201,Not hit
169301,Frozen Kingdom Deluxe: Origins,2016-10-16,Puzzle,Indie,4.99,< $5,Paid,No,No,Yes,Playable,6900,227,15,94.1,22.6,20,12379,Not hit
192315,Dark Arena Deluxe 2,2025-03-01,Action,AA,0.0,Free,Free,No,Yes,No,Unsupported,2340700,51964,27736,65.2,11.8,6822,2881123,Not hit
191501,Frozen Tactics Deluxe: Origins,2024-01-25,Roguelike,Indie,2.99,< $5,Paid,No,Yes,No,Unsupported,7400,263,16,94.6,15.6,38,9636,Not hit
125308,Lost Colony Deluxe,2025-06-30,Racing,Indie,2.99,< $5,Paid,No,Yes,Yes,Verified,119500,3619,1045,77.6,24.9,579,151658,Not hit
105402,Neon Protocol II,2019-06-17,Action,Indie,0.99,< $5,Paid,No,No,No,Unsupported,10600,189,55,77.6,28.7,22,4153,Not hit
157498,Cyber Village 2,2022-04-17,Action,Indie,4.99,< $5,Paid,No,Yes,No,Verified,9700,107,39,73.8,24.9,56,19929,Not hit
108399,Wild Racer,2016-10-05,Puzzle,Indie,0.99,< $5,Paid,Yes,Yes,No,Playable,3900,94,61,61.2,12.7,8,1755,Not hit
147693,Pixel Protocol Remastered 2,2023-06-26,Strategy,Indie,4.99,< $5,Paid,No,Yes,Yes,Playable,34100,748,178,80.8,66.1,252,55250,Not hit
138554,Rogue Ocean Remastered II,2024-08-05,RPG,Indie,4.99,< $5,Paid,Yes,Yes,No,Unsupported,26200,943,31,96.9,121.6,200,58460,Not hit
105217,Golden Racer 2,2021-11-24,Casual,Indie,9.99,$5-10,Paid,No,No,No,Playable,12200,233,90,72.2,6.5,35,39599,Not hit
120165,Cyber Hunter 2,2017-04-14,Adventure,AA,39.99,$20-40,Paid,No,No,No,Unsupported,198000,3831,563,87.2,14.9,680,2663503,Hit
191797,Solar Hunter Deluxe Deluxe,2018-12-02,Action,Indie,2.99,< $5,Paid,No,Yes,No,Verified,200,1,2,58.5,,0,242,Not hit
157831,Steel Legends: Origins Remastered,2016-01-23,Survival,Indie,4.99,< $5,Paid,No,Yes,No,Playable,37400,1091,296,78.7,65.9,138,67352,Not hit
134780,Hidden Factory II,2023-09-26,Action,Indie,14.99,$10-20,Paid,No,No,No,Playable,10600,318,101,75.9,7.0,32,56433,Not hit
161272,Shadow Racer Remastered,2023-03-17,RPG,AA,39.99,$20-40,Paid,No,No,No,Playable,107800,2755,681,80.2,92.1,260,1453501,Hit
135779,Solar Tower: Origins,2022-11-16,Puzzle,Indie,0.99,< $5,Paid,No,No,No,Verified,5700,106,33,76.4,23.0,16,2552,Not hit
147397,Lost Colony II,2017-06-05,Puzzle,Indie,2.99,< $5,Paid,No,No,No,Playable,2800,66,19,78.7,6.1,10,3677,Not hit
169560,Lost Tower Deluxe 2,2020-09-13,Roguelike,Indie,0.0,Free,Free,No,No,No,Unsupported,5400,136,61,69.3,13.8,5,3231,Not hit
179957,Frozen Tower Remastered,2024-02-18,Racing,Indie,9.99,$5-10,Paid,No,No,No,Verified,6900,185,70,72.9,12.3,22,29997,Not hit
189799,Frozen Kingdom: Origins,2022-12-14,Action,Indie,4.99,< $5,Paid,No,Yes,No,Playable,3200,51,21,72.1,19.7,14,5966,Not hit
141181,Dark Tactics Remastered II,2020-01-06,Action,AA,0.0,Free,Free,No,Yes,No,Unsupported,433500,9980,3049,76.6,13.9,804,262957,Not hit
125752,Frozen Survivors Remastered,2025-02-08,Action,Indie,4.99,< $5,Paid,No,No,No,Playable,9800,241,96,71.6,7.7,13,16353,Not hit
185248,Cyber Odyssey II 2: Origins,2021-02-17,Roguelike,Indie,2.99,< $5,Paid,No,Yes,No,Unsupported,4900,133,17,89.0,6.7,23,5065,Not hit
157017,Dark Tower Remastered,2022-04-05,Horror,Indie,14.99,$10-20,Paid,No,Yes,No,Unsupported,3000,52,24,68.8,5.2,9,19242,Not hit
188282,Last Survivors: Origins,2021-10-04,Adventure,Indie,0.0,Free,Free,No,No,No,Playable,77700,2647,435,85.9,21.6,72,131754,Not hit
164861,Cyber Empire: Origins,2020-10-27,Action,AA,24.99,$20-40,Paid,No,No,No,Playable,35800,541,220,71.1,5.5,116,300645,Not hit
139960,Lost Arena: Origins 2,2021-12-03,Simulation,Indie,19.99,$10-20,Paid,No,No,No,Unsupported,2100,43,18,70.9,17.0,7,16571,Not hit
185766,Last Ocean Remastered Deluxe,2018-04-02,Action,AA,39.99,$20-40,Paid,No,No,No,Playable,276900,7298,1349,84.4,8.7,214,4463240,Hit
110323,Neon Empire,2019-03-11,RPG,Indie,4.99,< $5,Paid,No,No,No,Playable,21800,337,143,70.4,28.3,57,39331,Not hit
126085,Star Tower II,2025-07-15,Simulation,Indie,2.99,< $5,Paid,No,No,No,Unsupported,1000,10,7,59.4,27.9,0,1115,Not hit
160310,Cyber Kingdom Deluxe,2018-02-15,RPG,Indie,2.99,< $5,Paid,No,No,No,Verified,42600,1115,36,96.9,53.9,168,45125,Not hit
129970,Last Factory: Origins,2019-12-19,Action,Indie,2.99,< $5,Paid,No,No,No,Verified,5000,77,57,58.2,7.2,8,4983,Not hit
142846,Last Ocean II,2023-11-12,Roguelike,Indie,24.99,$20-40,Paid,Yes,No,Yes,Unsupported,44500,1396,269,83.9,31.7,87,427839,Not hit
144474,Dark Island: Origins,2018-07-23,Puzzle,Indie,9.99,$5-10,Paid,No,No,No,Unsupported,28200,440,221,66.6,2.1,44,126589,Not hit
175517,Solar Frontier: Origins Deluxe,2022-07-17,Casual,Indie,0.0,Free,Free,Yes,No,No,Playable,98100,2500,926,73.0,6.3,337,135845,Not hit
150801,Last Ocean Deluxe,2023-06-03,Puzzle,Indie,0.0,Free,Free,No,No,No,Unsupported,14700,144,106,57.9,2.9,58,12613,Not hit
150357,Lost Hunter,2020-12-01,RPG,Indie,4.99,< $5,Paid,No,No,No,Playable,25600,575,100,85.2,53.0,79,42002,Not hit
103700,Dragon Colony,2018-04-14,Simulation,Indie,14.99,$10-20,Paid,No,No,No,Verified,21800,274,85,76.5,53.6,13,112880,Not hit
158978,Silent Protocol Remastered II,2025-05-10,Adventure,Indie,0.0,Free,Free,No,No,No,Playable,2000,12,21,39.2,4.7,5,1564,Not hit
155426,Solar Empire II,2023-01-18,Action,Indie,14.99,$10-20,Paid,No,Yes,No,Playable,105200,1943,527,78.7,66.9,331,678705,Not hit
175073,Silent Tower Remastered,2021-07-13,Simulation,Indie,4.99,< $5,Paid,No,No,No,Verified,11700,316,127,71.5,37.7,41,19271,Not hit
170559,Tiny League Deluxe,2021-12-19,Casual,Indie,24.99,$20-40,Paid,No,No,No,Verified,10100,198,79,71.7,3.6,9,85582,Not hit
131339,Pixel Colony 2 II,2021-09-04,Puzzle,Indie,0.99,< $5,Paid,Yes,No,No,Unsupported,12800,269,20,93.2,4.8,10,5198,Not hit
105661,Crystal Colony,2021-06-13,Simulation,Indie,0.0,Free,Free,No,No,No,Playable,60900,1078,564,65.7,22.2,71,97493,Not hit
136445,Dragon Horizon: Origins,2023-05-17,Adventure,Indie,14.99,$10-20,Paid,Yes,No,No,Verified,900,11,12,49.5,6.2,1,4412,Not hit
137518,Frozen Empire: Origins,2016-03-03,Horror,Indie,4.99,< $5,Paid,No,No,No,Playable,67400,1358,207,86.8,5.4,189,117237,Not hit
168561,Mystic Island Deluxe,2017-06-04,Strategy,Indie,4.99,< $5,Paid,No,Yes,No,Verified,8300,212,119,64.3,130.3,27,14667,Not hit
154797,Rogue Kingdom Remastered II,2020-01-30,Casual,Indie,14.99,$10-20,Paid,No,No,No,Playable,117400,1725,540,76.2,2.8,97,602364,Not hit
181104,Dark Odyssey: Origins,2019-09-05,Adventure,AA,29.99,$20-40,Paid,No,No,No,Unsupported,132400,3892,639,85.9,16.5,527,1621759,Hit
189355,Pixel Factory II II,2025-11-13,Puzzle,Indie,2.99,< $5,Paid,No,No,No,Playable,12400,407,19,95.6,5.3,25,15263,Not hit
164195,Eternal Kingdom: Origins Remastered,2023-11-27,Simulation,Indie,9.99,$5-10,Paid,No,No,No,Verified,143000,3293,605,84.5,37.4,332,504997,Hit
125604,Steel Survivors,2018-07-06,Puzzle,Indie,9.99,$5-10,Paid,No,No,Yes,Verified,51300,657,192,77.5,2.7,56,193814,Not hit
101850,Hidden Village,2022-03-02,Casual,Indie,14.99,$10-20,Paid,Yes,No,No,Verified,32700,642,176,78.5,2.7,100,159332,Not hit
109990,Shadow Colony,2022-04-03,RPG,AAA,59.99,$40+,Paid,No,No,Yes,Unsupported,9070500,221973,35238,86.3,67.8,4945,195450028,Hit
173593,Solar Ocean 2 2,2025-07-15,RPG,Indie,19.99,$10-20,Paid,No,No,No,Playable,1300,32,19,63.5,45.3,1,8794,Not hit
116058,Crystal League 2,2023-04-03,Strategy,Indie,0.0,Free,Free,Yes,No,No,Verified,2500,43,53,45.5,51.8,9,4264,Not hit
120461,Star Factory,2023-09-12,Roguelike,Indie,0.0,Free,Free,No,No,Yes,Playable,28200,256,212,54.8,20.7,99,30516,Not hit
116206,Solar Dungeon,2020-01-12,Adventure,AA,24.99,$20-40,Paid,No,No,Yes,Verified,37800,693,175,79.9,14.6,65,415191,Not hit
132486,Star Arena,2024-04-07,Strategy,AA,24.99,$20-40,Paid,No,No,No,Playable,52000,1722,312,84.7,74.0,196,586315,Not hit
191353,Last Chronicles II Deluxe II,2019-12-22,Casual,AA,24.99,$20-40,Paid,No,No,No,Verified,13700,362,123,74.7,4.3,49,155063,Not hit
103071,Lost Survivors,2022-10-18,Action,Indie,0.99,< $5,Paid,No,No,No,Playable,8900,145,18,89.4,12.1,10,3970,Not hit
166452,Frozen Hunter Deluxe,2021-10-20,Action,Indie,9.99,$5-10,Paid,No,Yes,No,Playable,3400,58,29,67.6,42.8,5,13561,Not hit
137074,Solar Island Remastered,2018-11-29,Casual,Indie,0.0,Free,Free,No,No,No,Unsupported,148700,3061,733,80.7,2.3,567,241578,Hit
111433,Wild Ocean,2025-09-16,Roguelike,AA,19.99,$10-20,Paid,No,Yes,No,Playable,539600,7177,2230,76.3,18.2,1116,3543985,Not hit
126899,Solar Dungeon Deluxe,2023-07-31,Adventure,Indie,9.99,$5-10,Paid,No,No,No,Verified,7200,176,42,81.1,27.1,6,30695,Not hit
177922,Pixel Protocol 2 2,2024-12-27,Action,Indie,4.99,< $5,Paid,No,No,No,Playable,39300,593,180,76.8,7.4,84,73840,Not hit
134669,Lost Dungeon Remastered,2019-11-12,RPG,Indie,19.99,$10-20,Paid,No,No,No,Verified,241700,4671,805,85.3,19.8,472,1776771,Hit
132782,Solar Colony: Origins,2023-02-20,Roguelike,Indie,4.99,< $5,Paid,No,No,No,Verified,56800,822,145,85.1,52.6,153,100659,Not hit
122792,Void Arena,2019-04-26,Simulation,AA,0.0,Free,Free,No,No,No,Verified,822000,18426,7096,72.2,54.2,2955,342566,Not hit
103589,Eternal Hunter,2017-08-12,Racing,Indie,4.99,< $5,Paid,No,Yes,No,Verified,16000,281,190,59.8,24.3,73,29278,Not hit
174074,Silent Tower 2,2022-11-21,Casual,AA,24.99,$20-40,Paid,No,No,No,Verified,20000,493,278,64.0,3.3,17,186104,Not hit
160088,Frozen Survivors Deluxe 2,2020-02-21,RPG,Indie,2.99,< $5,Paid,No,No,No,Playable,6400,149,62,70.9,38.3,8,6907,Not hit
140589,Pixel Village Deluxe,2017-11-01,Simulation,Indie,4.99,< $5,Paid,No,No,Yes,Verified,49700,1119,327,77.4,71.0,91,97886,Not hit
127343,Iron Tower II Remastered,2023-11-08,Strategy,AA,24.99,$20-40,Paid,No,No,Yes,Playable,1333300,45209,7483,85.8,81.5,2365,13448251,Hit
186321,Steel Horizon II,2024-08-27,RPG,Indie,2.99,< $5,Paid,No,No,No,Verified,4300,100,52,66.3,52.5,15,4510,Not hit
101887,Rogue Arena Deluxe,2023-01-23,Horror,Indie,14.99,$10-20,Paid,No,No,No,Playable,13800,366,157,70.1,4.9,22,78911,Not hit
109250,Broken Dungeon Remastered,2022-06-14,Adventure,Indie,4.99,< $5,Paid,Yes,No,No,Playable,17800,412,135,75.5,,31,38867,Not hit
147915,Pixel Chronicles 2,2019-12-30,Simulation,Indie,4.99,< $5,Paid,No,No,No,Unsupported,31000,514,201,72.0,41.0,78,52871,Not hit
122718,Frozen Survivors,2024-05-25,Survival,Indie,9.99,$5-10,Paid,No,Yes,No,Playable,96200,2767,101,96.5,21.1,117,321890,Not hit
139146,Mystic Empire II,2023-02-06,Adventure,Indie,2.99,< $5,Paid,No,No,No,Playable,16800,487,184,72.7,7.6,28,20430,Not hit
168228,Dark Kingdom Remastered,2021-01-11,Action,Indie,9.99,$5-10,Paid,No,No,No,Unsupported,800,17,12,61.1,7.8,2,2715,Not hit
114800,Shadow Survivors Remastered,2023-09-10,Action,AA,39.99,$20-40,Paid,No,Yes,No,Playable,186400,3732,1467,71.8,25.2,1167,3048235,Not hit
161716,Crystal Kingdom,2019-08-19,Adventure,Indie,2.99,< $5,Paid,No,No,No,Verified,3900,63,39,62.2,15.5,4,4257,Not hit
144770,Dragon Ocean II 2,2018-07-19,Strategy,Indie,9.99,$5-10,Paid,Yes,No,No,Verified,7100,168,58,74.4,38.2,15,24301,Not hit
118611,Crystal Horizon,2021-01-15,Casual,AA,0.0,Free,Free,No,No,No,Verified,20400,310,237,56.7,2.1,30,26149,Not hit
148766,Eternal Ocean II,2024-07-15,Adventure,Indie,19.99,$10-20,Paid,No,No,No,Playable,10700,180,61,74.8,8.9,35,87499,Not hit
190132,Pixel Village Remastered,2019-03-15,Horror,AA,39.99,$20-40,Paid,No,Yes,No,Verified,881100,24592,6264,79.7,5.0,5378,12451388,Not hit
174518,Broken Kingdom Remastered Remastered,2016-05-04,Action,Indie,4.99,< $5,Paid,No,No,No,Verified,125600,3923,748,84.0,,169,265423,Hit
130377,Dark Arena Remastered,2019-10-16,Simulation,Indie,0.0,Free,Free,No,No,No,Verified,11300,198,191,50.9,25.9,41,14068,Not hit
186765,Star Frontier Deluxe,2023-03-27,Adventure,Indie,0.99,< $5,Paid,No,Yes,No,Unsupported,8300,132,45,74.8,6.8,45,3517,Not hit
185433,Golden Factory Deluxe 2,2023-11-25,Puzzle,Indie,14.99,$10-20,Paid,No,No,No,Playable,400,10,2,85.3,6.0,1,2448,Not hit
149136,Wild Empire 2,2025-04-26,Horror,Indie,9.99,$5-10,Paid,No,No,No,Unsupported,23100,331,112,74.8,4.3,73,85495,Not hit
191020,Mystic Legends 2 II,2022-12-29,Simulation,Indie,0.0,Free,Free,No,No,No,Unsupported,14600,313,155,67.0,97.7,11,6323,Not hit
133596,Pixel Odyssey 2,2019-08-21,Adventure,Indie,9.99,$5-10,Paid,No,No,No,Unsupported,200,2,2,61.1,9.7,0,765,Not hit
192093,Wild Dungeon Deluxe Deluxe 2,2025-09-05,RPG,AA,29.99,$20-40,Paid,No,Yes,No,Unsupported,212700,4853,1576,75.5,49.1,1560,2626324,Not hit
141033,Pixel Hunter Remastered,2019-10-06,Casual,Indie,9.99,$5-10,Paid,No,No,No,Playable,6000,92,58,61.8,9.5,7,19726,Not hit
148174,Hidden Protocol II,2017-05-13,Sports,Indie,0.99,< $5,Paid,No,No,No,Unsupported,200,3,3,60.2,51.3,0,89,Not hit
177848,Mystic Survivors II 2,2018-10-04,Puzzle,AA,19.99,$10-20,Paid,No,Yes,No,Verified,13600,243,18,93.3,8.4,60,88361,Not hit
186173,Crystal Factory Deluxe 2,2019-09-02,Roguelike,Indie,4.99,< $5,Paid,No,No,No,Verified,2300,46,20,69.7,114.6,8,3730,Not hit
144289,Iron Kingdom,2023-09-15,Adventure,AA,19.99,$10-20,Paid,No,No,No,Playable,1408800,31338,6740,82.3,16.5,1273,10848862,Hit
160458,Iron Tactics II,2023-06-24,Action,Indie,19.99,$10-20,Paid,Yes,No,No,Verified,14600,200,34,85.5,11.2,32,124391,Not hit
100037,Tiny Ocean,2024-12-08,Adventure,Indie,4.99,< $5,Paid,Yes,No,Yes,Verified,14500,147,126,54.1,4.6,19,29770,Not hit
180364,Hidden Horizon II: Origins 2,2020-06-01,Roguelike,Indie,0.0,Free,Free,No,No,No,Unsupported,41700,563,165,77.4,33.2,48,72927,Not hit
158645,Lost Hunter 2,2023-03-15,Strategy,Indie,9.99,$5-10,Paid,No,Yes,No,Unsupported,46600,1138,201,85.0,44.4,209,162691,Not hit
106438,Dragon Horizon,2024-11-25,Casual,AAA,69.99,$40+,Paid,No,No,No,Playable,577400,16784,4516,78.8,8.6,1175,13659370,Not hit
148322,Eternal Racer Remastered,2021-07-29,Casual,Indie,14.99,$10-20,Paid,No,No,No,Verified,38400,875,442,66.5,5.2,105,213776,Not hit
151023,Void League 2,2020-01-23,Adventure,Indie,9.99,$5-10,Paid,No,No,No,Verified,2700,64,19,77.2,6.6,9,11350,Not hit
163603,Pixel Island: Origins 2,2025-03-23,Adventure,Indie,0.99,< $5,Paid,No,No,No,Playable,1000,16,10,62.7,4.3,0,348,Not hit
136926,Dragon League Remastered,2016-11-23,Adventure,Indie,2.99,< $5,Paid,Yes,No,No,Unsupported,2000,46,24,66.2,12.5,4,1952,Not hit
112321,Pixel Village II Remastered,2025-07-07,Action,Indie,4.99,< $5,Paid,No,No,No,Unsupported,1300,25,16,63.3,2.8,5,2589,Not hit
176775,Iron Odyssey 2,2019-11-11,Sports,Indie,14.99,$10-20,Paid,Yes,No,No,Verified,20600,296,112,72.7,8.9,77,128509,Not hit
177404,Silent Protocol Remastered Deluxe,2016-12-25,RPG,AA,0.0,Free,Free,No,No,No,Verified,3929900,113877,29727,79.3,17.4,14559,6098231,Not hit
190280,Golden Factory II,2022-07-18,RPG,Indie,14.99,$10-20,Paid,No,No,No,Verified,16900,480,107,81.9,18.5,52,100463,Not hit
180586,Solar Hunter Deluxe Remastered,2023-10-05,Horror,Indie,4.99,< $5,Paid,No,No,No,Unsupported,3100,90,29,76.0,7.5,8,6236,Not hit
136593,Shadow Ocean II Remastered,2024-10-30,Simulation,Indie,19.99,$10-20,Paid,No,No,No,Verified,800,15,8,69.3,35.2,1,5719,Not hit
135076,Mystic Tower II,2023-11-02,Puzzle,AA,29.99,$20-40,Paid,No,No,No,Playable,681400,9223,4442,67.5,7.3,1546,8191115,Not hit
117686,Wild Empire,2022-01-17,Casual,AA,29.99,$20-40,Paid,No,No,Yes,Verified,149500,1995,914,68.6,3.1,545,1676965,Not hit
138998,Rogue Frontier Deluxe,2021-02-07,Casual,Indie,0.99,< $5,Paid,No,No,No,Playable,2900,49,13,80.0,3.3,6,1178,Not hit
183768,Star Tower 2,2024-07-27,Strategy,Indie,2.99,< $5,Paid,No,Yes,No,Playable,300,5,4,59.6,65.7,0,286,Not hit
106845,Rogue Ocean,2023-11-25,Adventure,Indie,9.99,$5-10,Paid,No,No,No,Playable,141300,3626,163,95.7,15.3,557,638489,Hit
161494,Cyber Tower: Origins Deluxe,2024-05-03,Strategy,Indie,9.99,$5-10,Paid,Yes,No,No,Playable,19800,435,89,83.2,49.7,11,69673,Not hit
140219,Neon Ocean Remastered,2020-06-18,Strategy,AA,29.99,$20-40,Paid,No,Yes,Yes,Verified,1791400,50547,11780,81.1,59.4,2560,19084758,Hit
174629,Silent Hunter: Origins II,2023-05-27,RPG,Indie,19.99,$10-20,Paid,Yes,No,Yes,Unsupported,8100,122,51,71.0,45.4,20,70859,Not hit
101036,Frozen Factory,2022-04-04,Horror,AA,19.99,$10-20,Paid,No,No,Yes,Unsupported,107900,3081,527,85.4,6.4,409,914416,Hit
138665,Pixel Legends: Origins,2022-08-11,Casual,Indie,0.0,Free,Free,No,No,No,Playable,836300,14051,6022,70.0,7.8,2006,568379,Not hit
147619,Crystal Factory,2017-11-15,RPG,AAA,49.99,$40+,Paid,No,No,Yes,Playable,1191000,31971,8809,78.4,51.9,4481,24824758,Not hit
171447,Golden Frontier: Origins,2019-09-05,Puzzle,Indie,19.99,$10-20,Paid,No,No,No,Playable,2500,61,22,73.6,4.7,6,18362,Not hit
106512,Void Legends,2025-10-01,RPG,AA,39.99,$20-40,Paid,No,Yes,No,Verified,65300,838,231,78.4,173.5,348,1142763,Not hit
145214,Steel Ocean: Origins Remastered,2023-10-22,Puzzle,Indie,19.99,$10-20,Paid,No,No,No,Verified,500,8,3,79.7,5.0,0,3651,Not hit
139331,Dark Horizon Remastered,2018-10-02,Strategy,Indie,0.0,Free,Free,Yes,No,No,Unsupported,26800,605,309,66.3,44.2,34,7996,Not hit
115170,Eternal Chronicles 2,2023-10-04,Action,Indie,9.99,$5-10,Paid,No,No,No,Verified,8600,198,88,69.3,16.5,17,28561,Not hit
120239,Wild Tower,2023-05-27,Survival,Indie,2.99,< $5,Paid,Yes,Yes,No,Playable,22400,551,323,63.1,91.9,34,27987,Not hit
123643,Cyber Factory: Origins,2020-04-01,Adventure,Indie,9.99,$5-10,Paid,Yes,No,No,Playable,800,14,8,65.8,6.9,0,2866,Not hit
106031,Lost Ocean,2019-10-07,RPG,Indie,14.99,$10-20,Paid,No,No,No,Unsupported,900,14,10,59.3,23.1,2,5084,Not hit
128120,Silent Kingdom,2022-04-26,Casual,Indie,9.99,$5-10,Paid,No,No,No,Unsupported,2300,45,15,76.0,7.4,1,9669,Not hit
173445,Frozen Legends II: Origins,2017-10-16,Strategy,Indie,14.99,$10-20,Paid,No,No,No,Verified,2300,24,13,66.6,68.1,2,14336,Not hit
153872,Rogue Racer Remastered,2021-03-22,Horror,Indie,14.99,$10-20,Paid,No,No,No,Playable,900,27,7,80.4,11.4,1,5009,Not hit
100407,Iron Tactics,2022-12-30,RPG,Indie,19.99,$10-20,Paid,No,No,No,Playable,4700,97,19,84.3,40.9,12,32763,Not hit
136186,Crystal Racer 2,2021-06-05,Action,Indie,9.99,$5-10,Paid,No,No,No,Unsupported,17500,374,72,83.9,40.1,61,77976,Not hit
106660,Rogue Chronicles Remastered,2025-04-25,Casual,Indie,19.99,$10-20,Paid,No,No,No,Verified,200,4,3,58.3,5.8,0,1791,Not hit
127195,Star Island Remastered,2019-12-11,Puzzle,Indie,2.99,< $5,Paid,No,No,No,Playable,800,24,6,81.2,3.7,2,1028,Not hit
166193,Hidden Hunter 2,2023-07-26,Strategy,Indie,9.99,$5-10,Paid,No,No,No,Unsupported,1100,25,7,78.8,87.0,1,4860,Not hit
115762,Wild Horizon: Origins,2025-01-12,Casual,AA,24.99,$20-40,Paid,No,No,Yes,Playable,1900,21,16,59.1,7.6,5,20902,Not hit
114467,Frozen Tactics,2024-09-17,Simulation,Indie,4.99,< $5,Paid,No,No,No,Playable,300,3,2,66.5,26.4,0,543,Not hit
160273,Solar Colony II Remastered,2024-11-21,Strategy,Indie,9.99,$5-10,Paid,No,No,No,Verified,2900,71,25,74.3,38.8,3,12718,Not hit
187135,Wild Hunter 2 2,2021-12-07,Adventure,AA,19.99,$10-20,Paid,No,No,No,Verified,135600,1845,686,72.9,7.6,267,915576,Not hit
177219,Star Empire II,2022-06-06,Action,Indie,4.99,< $5,Paid,No,No,No,Playable,95700,2786,984,73.9,8.5,286,166899,Not hit
175554,Star Arena Remastered 2,2024-10-26,Action,Indie,0.99,< $5,Paid,Yes,Yes,No,Playable,433000,9502,3084,75.5,10.1,2285,170260,Not hit
162641,Shadow Tower 2,2025-08-20,Roguelike,Indie,2.99,< $5,Paid,No,No,No,Verified,6200,95,25,79.4,49.4,11,6180,Not hit
152910,Star Protocol Deluxe,2025-11-11,Adventure,Indie,9.99,$5-10,Paid,No,No,No,Playable,1400,16,7,71.1,17.3,1,4446,Not hit
143956,Tiny Protocol: Origins,2024-10-19,Action,Indie,14.99,$10-20,Paid,No,Yes,No,Unsupported,21700,330,52,86.4,22.8,159,112756,Not hit
177478,Last Arena Deluxe,2024-11-20,Strategy,Indie,0.99,< $5,Paid,No,No,No,Verified,64300,1402,310,81.9,38.3,137,24481,Not hit
168043,Eternal Ocean II Deluxe,2023-01-11,Adventure,Indie,14.99,$10-20,Paid,Yes,No,No,Playable,39800,1028,135,88.4,8.5,37,206878,Not hit
112580,Rogue Colony II,2023-12-11,Simulation,Indie,14.99,$10-20,Paid,No,No,No,Verified,8400,122,47,72.5,40.2,25,53991,Not hit
129526,Pixel Hunter: Origins,2025-07-08,Casual,Indie,4.99,< $5,Paid,No,No,No,Verified,3700,63,14,82.8,4.7,2,7287,Not hit
105587,Steel Tower,2018-06-12,Adventure,Indie,2.99,< $5,Paid,No,No,No,Playable,1000,26,8,76.6,5.5,2,1288,Not hit
131006,Dark Odyssey II,2020-05-08,Action,Indie,9.99,$5-10,Paid,No,No,No,Playable,13600,310,101,75.6,38.7,30,45883,Not hit
158016,Last League: Origins,2024-09-12,Adventure,Indie,14.99,$10-20,Paid,No,No,No,Playable,600,16,7,72.6,5.7,0,3592,Not hit
157572,Pixel Empire: Origins,2016-03-16,Roguelike,AA,39.99,$20-40,Paid,No,No,No,Unsupported,249900,3741,948,79.8,49.0,694,3748339,Not hit
167969,Iron Chronicles,2024-02-28,Simulation,Indie,4.99,< $5,Paid,No,No,No,Unsupported,20200,269,53,83.6,79.1,46,44566,Not hit
190539,Last Horizon Deluxe,2017-03-09,Survival,Indie,19.99,$10-20,Paid,No,Yes,No,Playable,7900,227,42,84.5,61.7,23,54932,Not hit
138073,Tiny Tower II,2022-01-18,Roguelike,Indie,9.99,$5-10,Paid,No,No,No,Playable,3100,49,12,81.7,55.8,6,13168,Not hit
184286,Cyber Factory Remastered,2022-01-19,Adventure,AA,19.99,$10-20,Paid,No,No,No,Unsupported,69800,1787,417,81.1,18.0,205,455695,Not hit
182214,Void Arena 2,2020-01-14,RPG,Indie,2.99,< $5,Paid,No,No,No,Verified,5100,63,21,75.1,28.9,7,5869,Not hit
176220,Crystal Dungeon Deluxe,2024-11-11,Adventure,Indie,9.99,$5-10,Paid,Yes,No,No,Verified,5900,183,25,88.3,30.8,13,22706,Not hit
187246,Star Tactics 2,2023-08-05,Strategy,AA,19.99,$10-20,Paid,No,Yes,Yes,Playable,308000,6317,3270,65.9,31.6,1917,2796227,Not hit
108510,Last Ocean,2016-04-22,Action,Indie,4.99,< $5,Paid,No,Yes,No,Verified,320200,8831,1308,87.1,8.8,1486,604773,Hit
168635,Mystic Tower Deluxe,2020-10-12,Horror,Indie,4.99,< $5,Paid,No,No,No,Playable,49400,703,140,83.4,12.8,183,78183,Not hit
149580,Broken Survivors,2025-11-28,Simulation,Indie,19.99,$10-20,Paid,No,Yes,No,Verified,10300,140,44,76.5,47.1,44,83958,Not hit
185692,Cyber Horizon Remastered 2,2024-08-05,Action,AA,39.99,$20-40,Paid,No,Yes,No,Verified,149900,2317,583,79.9,24.4,513,2165685,Not hit
174037,Dragon Frontier Deluxe: Origins,2025-01-08,Simulation,Indie,2.99,< $5,Paid,No,No,No,Verified,7600,206,52,80.0,32.6,18,8579,Not hit
188245,Star Horizon 2 II,2020-11-07,Adventure,Indie,14.99,$10-20,Paid,No,Yes,No,Playable,152100,3795,1121,77.2,18.4,1038,867667,Not hit
119018,Solar Hunter,2016-09-16,Racing,AA,19.99,$10-20,Paid,No,No,No,Playable,1389500,29644,8362,78.0,39.2,2739,11615604,Not hit
176183,Pixel Protocol 2 II,2024-07-15,Strategy,Indie,14.99,$10-20,Paid,No,Yes,No,Playable,18400,361,55,86.8,51.3,60,117887,Not hit
170189,Eternal Empire Deluxe,2023-01-11,Puzzle,Indie,4.99,< $5,Paid,No,No,No,,23000,461,217,68.0,5.5,48,42962,Not hit
162530,Steel Colony II,2025-08-31,Strategy,Indie,2.99,< $5,Paid,Yes,Yes,No,Verified,11700,231,107,68.6,39.7,26,13982,Not hit
161235,Broken Hunter 2 Remastered 2,2019-10-08,Action,Indie,2.99,< $5,Paid,Yes,No,No,Verified,12500,268,101,72.8,17.5,39,14133,Not hit
130525,Hidden Dungeon: Origins: Origins,2024-01-03,Action,Indie,9.99,$5-10,Paid,No,Yes,No,Verified,161800,2388,351,87.2,,821,686511,Hit
128305,Lost Tactics II,2022-07-18,Casual,AA,29.99,$20-40,Paid,No,No,No,Unsupported,9300,122,64,66.0,7.2,22,117730,Not hit
109768,Steel League,2019-04-29,Casual,Indie,4.99,< $5,Paid,No,No,No,Playable,3400,49,29,62.9,5.6,9,5681,Not hit
144659,Void Empire 2,2023-08-23,Simulation,AA,0.0,Free,Free,No,No,Yes,Verified,78700,1555,987,61.2,34.7,102,120831,Not hit
187542,Dragon Racer: Origins,2022-11-08,Action,AA,29.99,$20-40,Paid,No,No,Yes,Playable,248100,3552,1530,69.9,13.5,630,2830103,Not hit
115318,Solar League 2,2016-11-17,Adventure,Indie,2.99,< $5,Paid,Yes,No,No,Playable,2100,25,15,63.1,14.1,4,2261,Not hit
142513,Hidden Survivors: Origins,2022-12-30,Simulation,Indie,14.99,$10-20,Paid,No,No,No,Verified,9300,151,49,75.6,41.8,14,45054,Not hit
163122,Broken Hunter: Origins Deluxe,2020-03-18,Simulation,Indie,9.99,$5-10,Paid,No,Yes,No,Playable,6900,77,50,61.3,34.0,30,24624,Not hit
161975,Broken League: Origins,2017-02-05,Strategy,Indie,4.99,< $5,Paid,No,No,No,Playable,500,8,11,46.1,40.2,0,1090,Not hit
123606,Steel Protocol Remastered,2021-02-21,RPG,Indie,4.99,< $5,Paid,No,Yes,Yes,Unsupported,52600,1494,602,71.3,74.2,279,116331,Not hit
108140,Last Racer,2020-01-01,Casual,Indie,9.99,$5-10,Paid,No,Yes,No,Verified,1300,19,7,75.0,7.7,10,5203,Not hit
168820,Silent Island: Origins 2,2019-09-30,Adventure,Indie,9.99,$5-10,Paid,No,No,No,Unsupported,1200,24,21,53.5,5.9,2,5225,Not hit
191316,Silent Tactics II,2017-02-02,Puzzle,Indie,9.99,$5-10,Paid,No,No,No,Unsupported,200,2,2,74.4,10.4,0,774,Not hit
153724,Hidden Horizon II: Origins,2021-08-25,Simulation,Indie,4.99,< $5,Paid,No,No,No,Unsupported,58400,1453,485,75.0,35.5,80,120609,Not hit
112358,Shadow Island 2,2021-06-28,Puzzle,Indie,9.99,$5-10,Paid,Yes,No,No,Playable,1900,40,22,65.3,9.6,7,5992,Not hit
183139,Solar Hunter Remastered,2021-10-23,Adventure,Indie,9.99,$5-10,Paid,No,No,No,Playable,200,4,2,70.1,9.6,0,673,Not hit
151060,Solar Ocean 2,2025-05-12,RPG,Indie,24.99,$20-40,Paid,No,No,No,Playable,16300,338,114,74.9,26.1,44,171759,Not hit
160347,Star League II 2,2021-02-22,Casual,Indie,9.99,$5-10,Paid,Yes,No,No,Unsupported,13000,343,23,93.8,2.9,6,51128,Not hit
161124,Silent Horizon 2,2025-12-12,Horror,Indie,9.99,$5-10,Paid,No,No,No,Playable,3700,69,12,86.3,9.8,7,13786,Not hit
125012,Pixel Island: Origins,2020-12-29,Casual,Indie,4.99,< $5,Paid,No,No,No,Playable,1200,13,14,51.2,10.1,2,2048,Not hit
112802,Broken League II,2023-11-18,Adventure,AA,39.99,$20-40,Paid,No,No,No,Playable,59200,1175,876,57.3,6.3,30,1000545,Not hit
146657,Dark Kingdom II: Origins,2023-10-20,Puzzle,Indie,9.99,$5-10,Paid,No,No,No,Playable,3000,70,5,93.7,7.8,5,13290,Not hit
117797,Steel Horizon Deluxe,2023-01-15,Adventure,Indie,14.99,$10-20,Paid,No,No,No,Verified,1100,25,5,83.4,16.7,1,7085,Not hit
123458,Solar Odyssey,2016-07-20,Simulation,Indie,9.99,$5-10,Paid,No,No,No,Playable,400,6,6,55.6,12.4,1,1497,Not hit
192500,Iron Chronicles: Origins,2023-01-28,Casual,Indie,14.99,$10-20,Paid,No,No,No,Verified,19500,362,42,89.8,7.1,10,111664,Not hit
147767,Silent Protocol II Remastered,2016-09-08,RPG,Indie,2.99,< $5,Paid,Yes,No,No,Playable,9900,107,43,71.6,63.1,29,9876,Not hit
125900,Steel Protocol II Deluxe,2023-12-21,Casual,Indie,4.99,< $5,Paid,No,No,No,Unsupported,900,11,9,59.8,4.1,2,1451,Not hit
130599,Lost Arena: Origins,2017-12-03,Strategy,Indie,2.99,< $5,Paid,No,Yes,No,Verified,3900,43,19,69.6,97.9,5,3686,Not hit
100333,Dragon League,2024-08-21,Simulation,Indie,14.99,$10-20,Paid,No,No,No,Playable,72900,1801,737,71.0,14.4,271,377992,Not hit
155278,Shadow Racer 2 Deluxe,2025-07-25,Simulation,AA,24.99,$20-40,Paid,No,No,No,Unsupported,182400,2906,928,75.8,20.7,720,2046746,Not hit
111618,Dragon Island,2024-08-19,Strategy,Indie,2.99,< $5,Paid,No,No,No,Unsupported,2700,42,17,71.8,35.4,6,2859,Not hit
172113,Frozen Arena Remastered,2023-04-13,Adventure,Indie,19.99,$10-20,Paid,No,No,No,Unsupported,34400,709,73,90.7,22.0,78,309393,Not hit
183694,Iron Dungeon II,2016-12-14,Simulation,Indie,9.99,$5-10,Paid,Yes,No,No,Verified,500,9,6,62.3,38.6,1,1877,Not hit
162308,Shadow League Remastered II,2016-07-16,Adventure,Indie,2.99,< $5,Paid,No,No,No,Unsupported,5100,85,34,71.7,9.2,15,5236,Not hit
188578,Solar Island 2 2,2022-10-19,RPG,AAA,49.99,$40+,Paid,No,No,No,Playable,114400,2103,1199,63.7,57.4,331,2443905,Not hit
142439,Dragon Village: Origins,2021-03-13,Adventure,Indie,9.99,$5-10,Paid,No,Yes,No,Verified,3200,33,16,68.1,13.3,8,14348,Not hit
128527,Void Frontier: Origins,2019-08-11,Roguelike,Indie,4.99,< $5,Paid,No,Yes,No,Playable,1800,35,24,60.5,54.9,11,3955,Not hit
153687,Eternal Village,2020-10-24,Adventure,Indie,0.99,< $5,Paid,No,No,No,Playable,43300,1038,178,85.4,5.9,58,17949,Not hit
182473,Crystal Hunter Remastered,2023-04-16,Strategy,Indie,4.99,< $5,Paid,No,No,No,Verified,1200,16,8,70.2,10.3,1,1979,Not hit
113949,Eternal Frontier,2017-01-24,RPG,Indie,2.99,< $5,Paid,No,Yes,No,Unsupported,35200,640,243,72.5,37.6,202,44783,Not hit
143142,Frozen Colony Deluxe,2018-10-13,Action,AA,19.99,$10-20,Paid,No,Yes,No,Verified,9800,170,110,61.0,18.4,35,65068,Not hit
166156,Mystic Empire II Remastered,2021-08-17,Action,Indie,9.99,$5-10,Paid,No,No,No,Playable,8300,120,28,81.2,7.2,15,27384,Not hit
102442,Lost Kingdom,2024-09-28,Survival,AA,29.99,$20-40,Paid,No,Yes,No,Playable,931800,26933,6608,80.3,55.0,3601,10339435,Hit
177996,Solar Frontier Deluxe,2017-10-15,Action,AAA,69.99,$40+,Paid,No,No,No,Unsupported,1983500,46241,28949,61.5,22.8,2906,60951347,Not hit
128934,Neon Legends: Origins,2025-12-10,Action,Indie,2.99,< $5,Paid,No,No,No,Verified,4600,86,41,68.0,7.4,6,5511,Not hit
102960,Dragon Kingdom,2022-06-25,Simulation,AA,29.99,$20-40,Paid,No,No,Yes,Unsupported,40300,858,423,67.0,38.2,128,447220,Not hit
179809,Silent Protocol Remastered Deluxe 2,2017-06-26,Adventure,Indie,9.99,$5-10,Paid,No,No,Yes,,25400,286,114,71.5,11.1,100,112991,Not hit
161383,Tiny Tactics Remastered,2019-10-20,Simulation,Indie,0.0,Free,Free,No,Yes,No,Verified,2445700,60510,26807,69.3,49.8,6788,3265145,Not hit
122237,Shadow Frontier,2021-09-22,Simulation,Indie,4.99,< $5,Paid,No,No,No,Playable,7400,173,90,65.8,47.8,25,15617,Not hit
100185,Steel Colony,2024-10-26,Strategy,Indie,4.99,< $5,Paid,No,No,No,Playable,900,16,3,86.2,36.6,3,1991,Not hit
131783,Solar Arena Deluxe,2024-12-25,Action,Indie,0.0,Free,Free,Yes,No,No,Playable,22700,291,216,57.5,4.4,68,31222,Not hit
158349,Crystal Ocean Remastered,2019-02-25,Adventure,Indie,19.99,$10-20,Paid,No,Yes,Yes,Playable,2100,48,21,71.0,20.4,15,13912,Not hit
151800,Wild Racer Remastered 2,2023-10-16,Survival,Indie,4.99,< $5,Paid,No,No,No,Unsupported,72700,1849,287,86.6,75.0,152,142295,Not hit
101221,Wild Chronicles,2025-07-25,RPG,Indie,4.99,< $5,Paid,No,Yes,No,Verified,2300,75,15,83.4,52.2,7,3990,Not hit
102886,Wild Dungeon,2025-08-10,Simulation,Indie,4.99,< $5,Paid,No,Yes,No,Verified,7300,181,91,66.9,29.1,20,14802,Not hit
152762,Rogue Survivors,2018-07-27,Horror,Indie,14.99,$10-20,Paid,No,No,No,Verified,2200,48,13,78.7,10.8,6,13122,Not hit
138887,Mystic League,2019-04-15,Casual,Indie,14.99,$10-20,Paid,Yes,No,No,Playable,19700,576,112,83.8,3.9,28,116600,Not hit
115392,Crystal Arena,2024-10-05,Strategy,Indie,4.99,< $5,Paid,No,No,No,Unsupported,51300,1444,546,72.6,70.5,143,82700,Not hit
115947,Hidden Factory,2022-12-28,Adventure,AA,24.99,$20-40,Paid,No,No,No,Verified,29100,712,101,87.6,20.1,91,253081,Not hit
144585,Void Horizon: Origins Deluxe,2024-01-31,RPG,Indie,9.99,$5-10,Paid,No,No,No,Playable,300,5,3,70.7,32.6,0,1110,Not hit
169005,Crystal Legends Deluxe: Origins,2016-11-09,Adventure,Indie,9.99,$5-10,Paid,Yes,No,Yes,Verified,200,3,4,53.6,9.0,0,796,Not hit
131820,Steel Kingdom Deluxe Remastered,2022-10-08,Roguelike,Indie,24.99,$20-40,Paid,No,No,No,Unsupported,174800,4502,159,96.6,42.6,186,1960481,Hit
134003,Shadow Racer: Origins,2025-04-24,Action,Indie,19.99,$10-20,Paid,No,No,No,Verified,4200,93,46,67.4,20.9,14,35173,Not hit
145325,Pixel Ocean Deluxe,2024-10-23,Simulation,Indie,9.99,$5-10,Paid,No,No,No,Playable,800,9,6,64.8,13.4,2,2704,Not hit
176701,Golden Dungeon Remastered II,2019-03-06,Horror,Indie,19.99,$10-20,Paid,No,No,No,Unsupported,32800,1018,202,83.5,9.3,87,265276,Not hit
114319,Tiny Kingdom,2025-04-29,RPG,Indie,19.99,$10-20,Paid,Yes,No,No,Playable,15900,385,63,86.0,45.8,13,100208,Not hit
147730,Pixel Survivors II,2018-08-09,Puzzle,Indie,14.99,$10-20,Paid,No,No,No,Verified,600,9,5,69.0,3.9,0,3089,Not hit
145880,Eternal Dungeon Deluxe,2020-11-26,Simulation,Indie,4.99,< $5,Paid,No,Yes,No,Verified,13200,132,71,65.3,23.1,18,23447,Not hit
135261,Frozen Horizon Remastered,2025-10-08,Roguelike,Indie,9.99,$5-10,Paid,No,No,No,Verified,5500,191,5,97.7,9.2,19,24063,Not hit
152170,Lost Village Deluxe,2023-10-17,Simulation,Indie,4.99,< $5,Paid,No,No,No,Verified,18000,524,164,76.2,28.5,15,28949,Not hit
144992,Mystic Kingdom Deluxe 2,2024-10-01,Action,Indie,19.99,$10-20,Paid,No,Yes,No,Unsupported,148000,2722,631,81.2,13.3,1129,1117896,Hit
154908,Broken Colony II Deluxe,2020-04-05,Puzzle,Indie,4.99,< $5,Paid,No,No,No,Unsupported,8500,182,46,80.2,2.7,15,17831,Not hit
123051,Dragon Hunter,2019-09-28,Strategy,AAA,59.99,$40+,Paid,No,No,No,Verified,836700,20519,9835,67.6,35.6,464,16799647,Not hit
181437,Dark Horizon Deluxe Remastered,2025-02-22,Adventure,Indie,0.0,Free,Free,No,No,No,Verified,2100,30,29,50.9,17.2,7,1216,Not hit
168709,Hidden Kingdom II,2024-11-30,Puzzle,Indie,4.99,< $5,Paid,No,No,No,Verified,2800,59,35,63.5,6.2,3,5376,Not hit
119943,Solar Racer Remastered,2017-04-17,Puzzle,AA,39.99,$20-40,Paid,No,No,No,Unsupported,3800,53,38,59.3,14.3,12,56582,Not hit
164158,Wild Colony: Origins,2025-05-06,Racing,Indie,4.99,< $5,Paid,No,Yes,No,Unsupported,200,1,2,59.9,19.0,1,419,Not hit
143179,Hidden Ocean Deluxe,2022-09-16,Action,Indie,9.99,$5-10,Paid,No,No,No,Verified,1100,16,3,86.0,12.9,3,4991,Not hit
152614,Hidden Tactics: Origins,2023-02-13,Simulation,Indie,14.99,$10-20,Paid,No,No,No,Playable,64500,2235,308,87.9,101.9,50,309181,Not hit
184397,Frozen Kingdom Remastered,2020-06-19,Racing,Indie,4.99,< $5,Paid,Yes,No,No,Verified,21500,620,157,79.8,5.8,49,35607,Not hit
148285,Cyber Protocol Remastered Deluxe,2021-01-03,Sports,AAA,0.0,Free,Free,No,Yes,No,Verified,3743800,75166,62501,54.6,12.4,18376,1224168,Not hit
155241,Lost Legends 2,2024-06-10,Simulation,Indie,14.99,$10-20,Paid,No,No,No,Playable,387900,10901,2046,84.2,40.5,995,2016425,Hit
173334,Tiny Factory II,2023-07-31,Action,AA,0.0,Free,Free,No,No,No,Playable,86700,1745,1213,59.0,8.3,102,135951,Not hit
173556,Star Chronicles Deluxe II,2024-07-17,Puzzle,Indie,0.0,Free,Free,No,No,Yes,Unsupported,53900,906,520,63.6,4.2,28,28428,Not hit
109583,Shadow Arena 2,2021-10-13,Adventure,Indie,14.99,$10-20,Paid,Yes,No,No,Unsupported,10100,103,56,64.9,10.3,23,58838,Not hit
110952,Silent Colony: Origins,2018-09-28,Action,Indie,19.99,$10-20,Paid,No,No,No,Verified,9000,307,27,92.2,10.0,7,69972,Not hit
132079,Tiny Frontier Remastered,2024-05-16,Adventure,Indie,2.99,< $5,Paid,No,No,No,Playable,41000,981,231,81.0,5.3,69,49528,Not hit
177552,Broken Ocean Remastered,2021-04-15,Adventure,Indie,2.99,< $5,Paid,No,No,Yes,Playable,170300,5810,59,99,4.2,299,214242,Hit
147434,Crystal Racer: Origins,2021-03-19,Action,Indie,0.0,Free,Free,No,No,No,Unsupported,969700,28110,1700,94.3,10.6,2103,238017,Hit
117094,Hidden Ocean: Origins,2023-04-11,Action,AA,29.99,$20-40,Paid,No,No,No,Verified,50700,578,225,72.1,15.8,61,562029,Not hit
102590,Void Horizon,2025-07-26,Action,Indie,0.99,< $5,Paid,No,Yes,No,Playable,2600,26,21,56.0,37.1,18,930,Not hit
133152,Iron Odyssey: Origins,2024-10-11,Action,Indie,0.99,< $5,Paid,Yes,No,No,Playable,900,7,7,54.3,23.0,3,374,Not hit
141847,Shadow Kingdom Deluxe Remastered,2022-06-15,Casual,Indie,9.99,$5-10,Paid,No,No,No,Playable,54200,1284,241,84.2,5.9,164,205011,Not hit
190354,Mystic League Deluxe 2,2021-07-11,Action,AA,39.99,$20-40,Paid,No,No,No,Playable,169500,3564,1565,69.5,26.2,223,2659964,Not hit
115133,Tiny Empire,2024-03-30,Strategy,Indie,9.99,$5-10,Paid,No,No,No,Playable,7100,146,49,75.0,19.3,27,30305,Not hit
145362,Frozen Ocean Remastered II,2021-02-03,Action,Indie,4.99,< $5,Paid,No,No,Yes,Verified,800,11,6,69.0,57.6,1,1329,Not hit
176590,Tiny Empire II,2025-04-18,Action,Indie,9.99,$5-10,Paid,No,No,No,Unsupported,200,4,2,73.8,10.8,0,672,Not hit
159348,Solar Island 2: Origins,2017-09-20,Casual,Indie,9.99,$5-10,Paid,No,No,No,Unsupported,2700,56,25,69.2,12.2,6,11597,Not hit
185396,Neon League II: Origins,2017-07-18,Simulation,Indie,2.99,< $5,Paid,No,No,No,Unsupported,11900,278,100,73.8,22.7,38,13395,Not hit
145658,Tiny Arena Remastered,2024-03-20,Survival,Indie,14.99,$10-20,Paid,No,Yes,No,Playable,57400,865,342,71.7,38.8,286,355446,Not hit
149728,Steel Horizon: Origins,2024-11-16,Action,Indie,14.99,$10-20,Paid,No,No,No,Unsupported,3600,52,30,63.6,,12,20838,Not hit
109731,Dark Tower,2017-06-05,Simulation,Indie,9.99,$5-10,Paid,No,No,No,Playable,21600,650,113,85.3,18.5,57,83171,Not hit
190169,Solar Tactics II,2023-02-11,RPG,Indie,4.99,< $5,Paid,No,No,No,Unsupported,38100,1091,20,98.2,33.9,115,73375,Not hit
129193,Shadow League Deluxe,2022-01-01,Strategy,Indie,2.99,< $5,Paid,No,No,No,Playable,1705900,53100,3571,93.7,29.1,5269,1745270,Hit
100111,Neon Village,2023-07-31,Racing,AA,0.0,Free,Free,No,Yes,Yes,Playable,2467300,59990,23330,72.0,48.7,7033,1540004,Not hit
141107,Solar Protocol,2023-06-21,Action,Indie,9.99,$5-10,Paid,Yes,Yes,Yes,Verified,227800,4179,750,84.8,14.2,1402,815380,Hit
114837,Dark Kingdom,2020-04-03,Strategy,Indie,4.99,< $5,Paid,No,No,No,Verified,1900,40,6,87.7,47.0,4,3054,Not hit
117871,Eternal Ocean 2,2016-05-17,Casual,Indie,4.99,< $5,Paid,No,No,No,Playable,18200,417,113,78.7,1.7,59,29822,Not hit
111544,Dragon League: Origins 2,2024-12-15,RPG,Indie,14.99,$10-20,Paid,No,No,No,Verified,16700,437,68,86.7,41.0,10,95686,Not hit
127565,Silent Horizon Deluxe,2025-10-17,Adventure,Indie,0.0,Free,Free,No,Yes,No,Playable,17800,388,192,67.0,8.7,72,17163,Not hit
109176,Void Horizon: Origins,2019-07-21,RPG,AA,19.99,$10-20,Paid,No,No,No,Playable,285900,5877,1196,83.1,39.3,1096,2557126,Hit
107918,Solar Legends II,2023-04-07,Casual,Indie,19.99,$10-20,Paid,No,No,Yes,Playable,400,6,5,62.1,14.0,1,3310,Not hit
111174,Mystic Racer II,2021-05-31,Action,AAA,0.0,Free,Free,No,Yes,No,Playable,19122900,261689,118673,68.8,5.4,138042,4923378,Not hit
113357,Silent Legends: Origins,2024-11-13,Survival,AAA,69.99,$40+,Paid,No,Yes,Yes,Playable,21498700,283439,116335,70.9,80.0,141139,653221921,Not hit
145584,Last Ocean Remastered,2025-08-12,Action,Indie,4.99,< $5,Paid,No,Yes,No,Playable,27200,666,136,83.1,25.2,217,45877,Not hit
191390,Silent Empire Deluxe 2,2018-07-02,Survival,Indie,9.99,$5-10,Paid,No,Yes,No,Verified,4700,80,16,83.7,26.4,26,14990,Not hit
108658,Broken Tower Deluxe Deluxe,2017-04-18,Adventure,Indie,4.99,< $5,Paid,No,Yes,No,Unsupported,297100,6676,767,89.7,12.9,1985,527770,Hit
183805,Silent Racer Deluxe 2,2018-03-16,Survival,AA,24.99,$20-40,Paid,No,Yes,No,Playable,136300,3043,795,79.3,34.8,419,1529135,Not hit
165342,Broken Ocean II II,2022-12-03,Simulation,Indie,4.99,< $5,Paid,Yes,Yes,No,Verified,14400,224,110,67.3,41.2,77,27062,Not hit
169227,Last Survivors II,2022-12-24,Strategy,Indie,4.99,< $5,Paid,No,No,No,Playable,300,2,2,71.0,18.4,0,490,Not hit
119684,Wild League: Origins,2024-03-03,Action,Indie,0.99,< $5,Paid,No,No,No,Playable,3400,97,27,78.5,11.0,12,1488,Not hit
188615,Lost Factory II,2018-01-08,Casual,Indie,14.99,$10-20,Paid,No,Yes,No,Unsupported,2300,28,14,67.5,2.6,8,13232,Not hit
177700,Void Island II,2022-10-22,Action,Indie,19.99,$10-20,Paid,No,Yes,No,Playable,200,2,2,52.3,9.6,0,1558,Not hit
106586,Wild Horizon,2025-10-26,Racing,AA,0.0,Free,Free,No,No,No,Verified,1567500,35727,22651,61.2,22.4,5710,828432,Not hit
117501,Lost Horizon,2022-01-23,Roguelike,Indie,9.99,$5-10,Paid,No,Yes,No,Unsupported,21000,542,145,79.0,25.1,35,79445,Not hit
110693,Crystal Survivors,2025-02-11,Puzzle,AA,29.99,$20-40,Paid,No,No,Yes,Playable,14400,331,71,82.5,17.9,9,152639,Not hit
128860,Tiny Racer II,2022-11-14,Simulation,Indie,2.99,< $5,Paid,Yes,No,No,Playable,69700,1080,323,77.0,18.9,240,68970,Not hit
150394,Star Kingdom: Origins,2023-09-24,Horror,Indie,9.99,$5-10,Paid,No,No,No,Unsupported,20200,268,140,65.7,5.4,65,67953,Not hit
159163,Iron Empire,2024-03-30,Action,Indie,14.99,$10-20,Paid,No,No,No,Verified,300,2,2,50.4,4.1,0,1598,Not hit
107548,Broken Horizon 2,2023-02-24,Horror,AA,0.0,Free,Free,No,Yes,,Playable,5529600,134927,38057,78.0,10.5,20081,9351667,Not hit
171780,Shadow Dungeon II,2023-10-31,Horror,Indie,4.99,< $5,Paid,No,Yes,No,Playable,2900,31,19,63.2,5.6,10,5919,Not hit
116539,Iron Colony: Origins,2017-12-29,Adventure,Indie,2.99,< $5,Paid,No,No,No,Playable,14500,247,31,89.2,10.6,24,16395,Not hit
152281,Pixel Ocean Remastered,2023-10-30,Action,Indie,9.99,$5-10,Paid,No,Yes,No,Playable,3600,58,25,70.6,21.1,8,11659,Not hit
188097,Star Factory: Origins,2024-05-26,Puzzle,Indie,4.99,< $5,Paid,No,No,No,Playable,2000,33,8,80.6,3.8,7,3695,Not hit
188208,Void Empire Deluxe,2021-08-25,Simulation,Indie,9.99,$5-10,Paid,Yes,Yes,No,Playable,11500,138,67,67.5,45.5,82,48210,Not hit
106734,Shadow Arena,2024-09-03,Puzzle,Indie,9.99,$5-10,Paid,No,No,No,Verified,9300,209,35,85.8,13.7,24,34870,Not hit
156166,Eternal Tactics Deluxe,2023-10-11,Casual,AA,29.99,$20-40,Paid,No,No,No,Playable,72100,1870,513,78.5,12.5,147,868612,Not hit
102072,Neon Tactics,2019-07-31,RPG,Indie,2.99,< $5,Paid,Yes,Yes,No,Verified,5900,117,38,75.9,52.2,34,7555,Not hit
108732,Dragon Dungeon,2023-06-05,Casual,AAA,0.0,Free,Free,No,No,Yes,Verified,373700,4094,3842,51.6,3.6,693,173910,Not hit
109842,Hidden Legends,2023-06-20,Racing,AAA,69.99,$40+,Paid,No,Yes,No,Playable,2313200,44857,17272,72.2,41.4,6486,63591771,Not hit
176849,Frozen Odyssey 2,2022-10-14,Casual,Indie,9.99,$5-10,Paid,No,No,No,Verified,900,24,5,84.0,3.5,2,3982,Not hit
161568,Rogue Hunter 2 II,2024-06-22,Strategy,AA,39.99,$20-40,Paid,No,No,No,Verified,115800,2434,749,76.5,60.0,272,2086942,Not hit
105143,Eternal Survivors,2021-10-28,Adventure,Indie,14.99,$10-20,Paid,No,No,No,Verified,6400,146,52,74.0,10.1,11,37610,Not hit
129674,Broken Protocol Deluxe,2023-09-14,Action,Indie,0.99,< $5,Paid,No,No,No,Unsupported,19100,600,111,84.4,16.5,10,6238,Not hit
153502,Cyber Legends Remastered,2017-04-01,Simulation,Indie,14.99,$10-20,Paid,No,No,No,Verified,23700,524,96,84.6,32.2,54,144990,Not hit
163381,Crystal Dungeon Remastered: Origins,2020-04-27,Action,Indie,14.99,$10-20,Paid,Yes,Yes,Yes,Playable,51100,1599,390,80.4,8.8,366,274717,Not hit
149358,Dragon Island II 2: Origins,2019-04-08,Action,Indie,0.0,Free,Free,No,No,No,Verified,119000,1773,450,79.8,5.2,290,182399,Not hit
171410,Lost Dungeon 2 II,2021-06-08,Casual,Indie,24.99,$20-40,Paid,No,No,No,Verified,20300,657,93,87.6,4.3,29,218142,Not hit
110545,Hidden Protocol,2019-02-28,Simulation,Indie,14.99,$10-20,Paid,Yes,No,No,Playable,6300,70,37,66.3,44.3,22,38314,Not hit
136889,Pixel Frontier,2021-03-21,RPG,AA,19.99,$10-20,Paid,No,No,No,Playable,166600,3127,1472,68.0,53.0,243,1498675,Not hit
176812,Void League II Remastered,2024-03-20,Simulation,Indie,9.99,$5-10,Paid,Yes,No,No,Unsupported,6800,101,30,77.6,65.6,12,22270,Not hit
129045,Frozen Tower,2021-09-29,Adventure,AAA,49.99,$40+,Paid,No,No,No,Playable,2608300,75968,16003,82.6,16.1,2009,58502487,Hit
100703,Tiny Village 2,2019-08-31,Adventure,Indie,9.99,$5-10,Paid,No,Yes,No,Playable,6900,83,22,79.5,26.1,7,23805,Not hit
133300,Frozen Frontier,2024-08-08,Strategy,AA,24.99,$20-40,Paid,No,Yes,No,Playable,72900,1172,857,57.8,85.3,472,661040,Not hit
105550,Cyber Hunter: Origins,2018-05-24,Simulation,Indie,14.99,$10-20,Paid,No,No,No,Verified,14600,220,45,83.1,28.1,28,95017,Not hit
179365,Star Odyssey Deluxe,2016-03-02,Action,Indie,19.99,$10-20,Paid,Yes,No,No,Verified,11100,312,66,82.7,12.4,8,78920,Not hit
152873,Dark Colony Deluxe,2020-02-12,Adventure,Indie,14.99,$10-20,Paid,No,No,No,Unsupported,22500,367,86,81.2,20.9,82,148908,Not hit
138924,Mystic Odyssey 2,2016-09-29,Action,AA,19.99,$10-20,Paid,No,No,No,Verified,100500,1770,529,77.0,10.2,363,762119,Not hit
171595,Broken Horizon Deluxe Remastered,2022-09-12,Puzzle,Indie,14.99,$10-20,Paid,No,No,No,Verified,2400,48,10,83.5,6.7,3,14010,Not hit
164602,Rogue Island II: Origins,2019-10-23,Adventure,Indie,9.99,$5-10,Paid,No,No,No,Verified,161000,2917,30,99,7.6,169,592758,Hit
180031,Lost Colony Deluxe Deluxe,2016-11-05,Simulation,Indie,4.99,< $5,Paid,No,No,No,Playable,28700,704,275,72.0,49.9,38,46134,Not hit
183953,Shadow Odyssey: Origins,2019-08-11,Action,Indie,14.99,$10-20,Paid,No,No,No,Playable,2300,55,30,65.7,60.9,9,11026,Not hit
178884,Dark Racer 2,2020-12-21,Survival,AAA,69.99,$40+,Paid,No,Yes,Yes,Playable,1805500,30201,23634,56.1,73.8,6912,55028975,Not hit
117168,Silent Frontier II,2017-07-28,RPG,Indie,9.99,$5-10,Paid,No,No,No,Verified,231300,6931,412,94.4,63.6,714,1050513,Hit
113024,Tiny Dungeon,2017-12-31,Puzzle,Indie,14.99,$10-20,Paid,No,No,No,Playable,37900,751,61,92.5,3.3,130,253629,Not hit
130266,Lost Survivors: Origins: Origins,2024-03-31,Strategy,AA,24.99,$20-40,Paid,No,Yes,Yes,Playable,795800,19273,3217,85.7,77.0,5392,8941175,Hit
128823,Rogue Chronicles Deluxe,2023-04-13,Casual,Indie,14.99,$10-20,Paid,No,No,No,Verified,5400,87,19,82.4,1.9,17,35912,Not hit
174666,Broken Chronicles: Origins: Origins,2020-07-22,Simulation,Indie,14.99,$10-20,Paid,No,No,No,Playable,3400,53,9,86.1,45.8,4,20314,Not hit
181400,Hidden Hunter: Origins,2023-03-03,Action,Indie,9.99,$5-10,Paid,No,Yes,No,Playable,13700,207,119,63.6,21.4,30,52173,Not hit
166119,Broken Survivors 2,2022-08-14,Action,Indie,2.99,< $5,Paid,No,No,No,Verified,96700,1522,319,82.7,30.4,322,112972,Not hit
149876,Cyber Village II,2017-05-31,Roguelike,Indie,14.99,$10-20,Paid,No,No,No,Playable,8200,236,80,74.8,44.4,27,47017,Not hit
135483,Wild Ocean 2,2020-06-19,Racing,Indie,2.99,< $5,Paid,No,No,No,Verified,214600,5132,1525,77.1,12.6,414,267650,Not hit
103922,Cyber Legends,2025-01-30,RPG,Indie,14.99,$10-20,Paid,No,No,No,Verified,1100,20,12,62.8,46.7,1,5206,Not hit
191834,Neon Island 2 2,2023-04-04,Roguelike,Indie,4.99,< $5,Paid,No,No,No,Verified,9100,226,47,83.0,28.0,25,17772,Not hit
124309,Steel Tactics Remastered Deluxe,2017-11-01,Action,AA,19.99,$10-20,Paid,No,No,No,Playable,900,9,8,55.5,18.5,2,7352,Not hit
154168,Lost Factory: Origins,2017-08-14,Action,Indie,24.99,$20-40,Paid,No,No,No,Playable,3300,79,43,65.3,23.0,11,27340,Not hit
140256,Dragon Factory 2,2017-11-16,RPG,Indie,19.99,$10-20,Paid,No,No,No,Verified,59400,968,171,85.0,90.7,144,491828,Not hit
153613,Hidden Horizon II,2021-05-19,RPG,AA,39.99,$20-40,Paid,No,No,No,Playable,87500,2754,728,79.1,49.3,296,1389520,Not hit
184693,Shadow Tower Deluxe,2016-12-22,Roguelike,Indie,9.99,$5-10,Paid,Yes,Yes,No,Verified,18800,366,144,71.9,25.5,78,61912,Not hit
135520,Silent Legends: Origins: Origins,2021-12-28,Action,Indie,9.99,$5-10,Paid,No,No,No,Verified,114500,1887,349,84.4,12.7,135,477579,Hit
171484,Crystal Dungeon: Origins,2023-03-12,Sports,Indie,0.0,Free,Free,No,Yes,Yes,Verified,3900,45,39,54.0,33.7,12,4914,Not hit
123754,Hidden Factory: Origins,2024-05-19,Adventure,Indie,14.99,$10-20,Paid,No,No,No,Playable,300,6,4,64.8,9.1,0,1838,Not hit
103737,Iron Ocean,2016-05-09,Simulation,Indie,14.99,$10-20,Paid,No,No,No,Playable,322500,4846,655,88.1,46.6,1214,1942821,Hit
152429,Wild Horizon: Origins II,2024-05-21,Action,Indie,2.99,< $5,Paid,No,Yes,No,Playable,200,2,4,49.7,15.0,0,200,Not hit
120683,Mystic Kingdom,2024-05-16,Adventure,Indie,0.0,Free,Free,No,No,No,Playable,23000,441,325,57.6,16.5,63,30279,Not hit
185581,Cyber Odyssey 2,2025-03-25,RPG,Indie,0.99,< $5,Paid,No,Yes,No,Playable,1500,26,14,66.1,131.6,5,510,Not hit
139035,Broken Frontier Remastered,2021-04-13,RPG,Indie,0.0,Free,Free,No,Yes,No,Playable,196300,4245,2807,60.2,24.3,659,84537,Not hit
180142,Hidden Village Remastered 2,2017-12-16,RPG,Indie,2.99,< $5,Paid,No,No,No,Playable,14000,416,114,78.5,79.5,48,16409,Not hit
179587,Eternal Island Remastered Remastered,2020-08-11,Horror,Indie,9.99,$5-10,Paid,No,No,Yes,Verified,5700,117,58,67.4,1.4,8,25203,Not hit
142217,Dark Odyssey Remastered,2022-05-07,Action,AA,0.0,Free,Free,No,No,No,Verified,332500,5836,4549,56.2,8.3,768,123245,Not hit
138517,Cyber Odyssey,2020-05-16,Casual,Indie,9.99,$5-10,Paid,No,No,No,Playable,6800,156,40,80.1,1.9,24,22525,Not hit
178440,Neon Arena Remastered 2,2016-12-15,Adventure,Indie,4.99,< $5,Paid,No,No,No,Verified,56500,1194,318,79.0,7.1,208,126316,Not hit
173667,Lost Island Remastered: Origins,2017-02-16,Racing,AA,39.99,$20-40,Paid,No,Yes,No,Verified,940500,17480,3786,82.2,14.4,3082,13878128,Hit
172409,Wild Arena Remastered,2025-02-20,Action,Indie,2.99,< $5,Paid,No,No,No,Verified,19900,379,91,80.8,21.0,44,26128,Not hit
109324,Wild Factory,2018-04-17,Horror,AA,0.0,Free,Free,No,Yes,No,Verified,183800,3518,2094,62.7,15.8,1253,157325,Not hit
184323,Pixel Ocean II Remastered,2025-07-29,Sports,AA,0.0,Free,Free,No,Yes,Yes,Playable,578500,8919,5106,63.6,11.7,2631,667261,Not hit
181696,Silent Village: Origins Remastered,2025-02-10,RPG,Indie,14.99,$10-20,Paid,No,No,No,Unsupported,3100,63,24,73.2,66.9,3,14674,Not hit
191686,Rogue Island Remastered: Origins,2022-03-03,Racing,Indie,14.99,$10-20,Paid,No,No,No,Unsupported,400,8,5,65.3,27.8,0,2623,Not hit
161013,Star Chronicles II,2016-01-18,Survival,Indie,0.0,Free,Free,Yes,Yes,No,Verified,275400,4101,2327,63.8,47.4,2195,83816,Not hit
111766,Pixel League Deluxe,2022-11-03,Simulation,Indie,14.99,$10-20,Paid,No,No,No,Unsupported,1700,23,17,57.9,114.5,1,8059,Not hit
154020,Last Frontier II 2,2017-09-15,Adventure,Indie,19.99,$10-20,Paid,No,No,No,Verified,1800,58,12,83.9,5.4,2,14396,Not hit
137999,Pixel Empire 2,2016-10-08,Casual,Indie,9.99,$5-10,Paid,No,No,No,Unsupported,48700,600,501,54.5,4.9,122,190061,Not hit
131080,Lost Colony: Origins,2024-11-18,Roguelike,Indie,4.99,< $5,Paid,No,Yes,No,Verified,10500,195,45,81.3,17.2,81,17337,Not hit
119869,Dragon Protocol 2 II,2016-10-09,Action,AA,0.0,Free,Free,No,No,No,Playable,213300,2833,1032,73.3,27.3,401,146600,Not hit
165749,Star League 2 Remastered,2022-02-24,Roguelike,Indie,4.99,< $5,Paid,No,No,Yes,Unsupported,14600,327,132,71.4,9.9,41,25857,Not hit
157461,Steel Frontier: Origins Deluxe,2019-08-06,Adventure,Indie,0.0,Free,Free,No,No,No,Verified,94700,1244,667,65.1,15.4,77,55247,Not hit
192204,Golden Hunter Deluxe: Origins,2018-11-13,Adventure,Indie,19.99,$10-20,Paid,No,No,No,Playable,10300,133,68,66.3,6.4,33,75847,Not hit
145436,Pixel Dungeon,2025-03-08,Action,Indie,2.99,< $5,Paid,No,No,No,Unsupported,700,8,4,70.5,7.1,0,793,Not hit
140182,Void League II,2024-07-02,Survival,AAA,59.99,$40+,Paid,No,Yes,No,Unsupported,13319800,327193,139559,70.1,105.9,40977,326555504,Not hit
133966,Eternal Colony Deluxe,2023-10-29,Horror,Indie,19.99,$10-20,Paid,No,No,No,Unsupported,4100,83,43,66.1,3.5,8,32785,Not hit
139738,Silent Survivors Remastered Deluxe,2016-01-13,Racing,Indie,14.99,$10-20,Paid,No,Yes,No,Playable,5100,150,41,78.8,12.3,29,30044,Not hit
167451,Pixel League Deluxe Remastered,2020-05-10,Simulation,Indie,2.99,< $5,Paid,No,Yes,No,Playable,105500,1842,658,73.7,10.0,112,119670,Not hit
100999,Tiny League,2017-09-25,Action,Indie,19.99,$10-20,Paid,No,Yes,No,Playable,5200,118,21,85.4,24.9,31,38877,Not hit
174703,Eternal League Deluxe,2022-01-20,Strategy,AAA,69.99,$40+,Paid,No,Yes,Yes,Unsupported,5566300,168057,29193,85.2,42.4,12484,165916963,Hit
182399,Steel Protocol 2 2,2016-04-08,Racing,Indie,9.99,$5-10,Paid,Yes,No,No,Playable,600,7,6,57.5,,0,2091,Not hit
137111,Tiny Frontier Remastered II,2024-06-20,Action,Indie,24.99,$20-40,Paid,Yes,No,No,Playable,27600,833,150,84.8,12.2,34,224282,Not hit
162974,Mystic Tower: Origins Deluxe,2016-01-22,Adventure,Indie,9.99,$5-10,Paid,No,No,No,Verified,1100,24,18,58.7,7.5,0,4967,Not hit
190650,Eternal Legends: Origins,2022-06-16,Strategy,Indie,0.0,Free,Free,No,No,No,Playable,7900,141,64,68.8,12.6,10,2066,Not hit
156240,Shadow Colony II,2022-06-01,Puzzle,Indie,0.0,Free,Free,No,No,No,Playable,22000,418,165,71.8,4.4,85,8051,Not hit
170781,Solar Colony 2,2021-12-11,Sports,Indie,24.99,$20-40,Paid,Yes,Yes,No,Verified,3900,57,37,60.8,21.8,25,32943,Not hit
157239,Iron League II,2022-03-31,RPG,Indie,2.99,< $5,Paid,No,No,No,Verified,11700,193,24,89.0,130.3,8,11094,Not hit
188430,Pixel League 2,2020-09-13,Casual,Indie,0.0,Free,Free,No,No,No,Verified,106900,3085,881,77.8,3.6,369,101726,Not hit
133078,Mystic Survivors,2020-03-31,Adventure,Indie,0.0,Free,Free,No,No,No,Verified,21400,321,256,55.7,7.2,34,37061,Not hit
125160,Last Tactics,2025-07-08,Strategy,Indie,14.99,$10-20,Paid,No,Yes,Yes,Playable,4800,58,21,73.9,54.8,8,28635,Not hit
124642,Neon Odyssey 2,2025-06-14,Strategy,AA,29.99,$20-40,Paid,No,No,No,Playable,16100,344,205,62.7,63.8,40,214484,Not hit
135187,Dark Arena Deluxe,2023-06-14,RPG,Indie,2.99,< $5,Paid,No,No,No,Playable,16100,220,69,76.3,57.9,47,19354,Not hit
156203,Crystal Chronicles Deluxe,2018-03-31,Racing,Indie,0.0,Free,Free,Yes,Yes,Yes,Unsupported,21100,307,262,54.0,16.3,160,5869,Not hit
113061,Dragon Horizon Remastered,2023-08-07,Casual,AA,39.99,$20-40,Paid,No,Yes,Yes,Unsupported,26800,502,315,61.5,7.3,164,354357,Not hit
188837,Hidden Tower Remastered II,2019-05-24,Action,Indie,24.99,$20-40,Paid,No,No,Yes,Playable,3700,58,22,72.6,14.1,10,39753,Not hit
111359,Shadow Legends,2023-05-03,Adventure,Indie,4.99,< $5,Paid,No,No,No,Verified,38600,638,92,87.4,12.6,34,79488,Not hit
187616,Shadow Tactics Remastered II Deluxe,2024-05-20,Horror,Indie,9.99,$5-10,Paid,No,No,No,Unsupported,1400,28,13,70.1,7.6,2,4514,Not hit
137407,Eternal Chronicles: Origins II,2020-05-18,Action,Indie,19.99,$10-20,Paid,No,No,No,Verified,9500,199,73,73.5,10.3,30,61799,Not hit
136223,Eternal Chronicles: Origins Remastered,2023-05-02,RPG,Indie,4.99,< $5,Paid,Yes,Yes,No,Verified,4900,81,50,62.3,52.2,8,9179,Not hit
159644,Crystal Village II: Origins,2019-05-11,Simulation,Indie,0.0,Free,Free,No,Yes,No,Verified,110200,1692,498,77.3,26.3,811,128896,Not hit
130118,Lost Village 2,2018-09-09,Action,Indie,2.99,< $5,Paid,No,No,No,Unsupported,900,10,6,64.3,12.9,3,1078,Not hit
189947,Mystic Frontier 2 Deluxe,2019-11-29,Adventure,Indie,24.99,$20-40,Paid,No,No,No,Playable,483600,17290,591,96.7,6.4,1794,4693965,Hit
145066,Silent Horizon: Origins,2020-12-07,Adventure,Indie,9.99,$5-10,Paid,No,No,No,Unsupported,15700,375,160,70.1,10.4,28,49664,Not hit
189577,Solar Factory: Origins Deluxe,2023-01-25,Action,AA,39.99,$20-40,Paid,No,No,No,Verified,34200,657,441,59.9,11.0,76,547323,Not hit
124272,Rogue Ocean II,2020-09-27,Action,Indie,9.99,$5-10,Paid,No,Yes,No,Unsupported,8500,129,44,74.8,2.6,9,37912,Not hit
126418,Steel Ocean,2024-09-03,Survival,Indie,9.99,$5-10,Paid,No,Yes,No,Playable,2300,30,9,78.0,41.1,16,7573,Not hit
132967,Star Empire: Origins,2023-11-14,RPG,AA,24.99,$20-40,Paid,No,Yes,No,Unsupported,579800,10673,2034,84.0,53.4,2544,6493665,Hit
187061,Lost Horizon 2,2022-02-19,Adventure,Indie,4.99,< $5,Paid,No,No,No,Verified,35200,1074,283,79.2,8.2,17,63750,Not hit
156314,Dragon Village Remastered Remastered,2023-07-20,Action,AAA,59.99,$40+,Paid,No,No,No,Playable,1897600,43115,14681,74.6,11.4,3987,47515968,Not hit
170300,Steel Horizon 2,2018-10-27,Simulation,Indie,2.99,< $5,Paid,No,No,No,Playable,3500,100,39,72.2,14.3,1,4404,Not hit
160014,Rogue Hunter: Origins Remastered,2023-10-18,Roguelike,Indie,9.99,$5-10,Paid,No,Yes,Yes,Verified,800,14,9,64.5,39.5,1,2568,Not hit
168894,Tiny Chronicles 2 Deluxe,2021-01-04,Adventure,Indie,0.0,Free,Free,Yes,No,No,Unsupported,79800,1077,512,67.8,8.4,253,130690,Not hit
163307,Hidden Horizon: Origins,2024-05-20,Survival,Indie,14.99,$10-20,Paid,No,Yes,No,Unsupported,5500,84,60,58.5,55.2,43,26420,Not hit
144104,Dark Odyssey Deluxe,2018-03-19,Adventure,Indie,19.99,$10-20,Paid,No,Yes,No,Playable,9900,165,114,59.2,10.3,33,79000,Not hit
135039,Dark Kingdom II,2025-07-16,Casual,Indie,14.99,$10-20,Paid,No,No,No,Unsupported,800,22,8,75.3,8.2,2,3818,Not hit
146028,Broken Frontier 2,2022-05-26,Racing,Indie,19.99,$10-20,Paid,No,Yes,No,Verified,800,20,9,70.3,42.7,3,5278,Not hit
177663,Frozen Empire: Origins: Origins,2022-06-07,Simulation,Indie,19.99,$10-20,Paid,No,Yes,No,Unsupported,313200,5885,1700,77.6,52.4,370,2600528,Not hit
141218,Iron Village II 2,2016-01-09,Casual,Indie,14.99,$10-20,Paid,Yes,Yes,No,Playable,130900,4792,263,94.8,3.2,709,694649,Hit
175739,Last Frontier Remastered,2023-06-30,RPG,AA,39.99,$20-40,Paid,No,No,No,Playable,13700,226,115,66.5,133.7,19,237169,Not hit
125197,Star Ocean,2025-05-30,Strategy,Indie,14.99,$10-20,Paid,Yes,No,Yes,Verified,1100,19,14,59.0,47.3,3,7036,Not hit
136519,Golden Frontier II,2024-08-09,RPG,Indie,9.99,$5-10,Paid,No,No,No,Playable,20700,391,163,70.7,127.9,42,78662,Not hit
146176,Dark Hunter: Origins II,2020-12-07,RPG,Indie,4.99,< $5,Paid,No,No,No,Unsupported,2900,54,25,68.8,38.4,7,5061,Not hit
159422,Eternal Legends Deluxe 2,2018-01-22,Adventure,Indie,14.99,$10-20,Paid,No,No,No,Playable,4900,111,57,66.6,6.7,10,26766,Not hit
104699,Neon Protocol,2019-08-09,RPG,Indie,9.99,$5-10,Paid,No,Yes,No,Playable,8500,280,42,87.0,44.6,28,29289,Not hit
156573,Silent Tower: Origins,2025-12-08,Simulation,Indie,4.99,< $5,Paid,No,No,No,Playable,600,14,8,65.0,32.1,1,945,Not hit
137925,Broken Chronicles Remastered,2020-11-21,Adventure,Indie,0.0,Free,Free,No,No,No,Unsupported,83500,1634,602,73.1,6.0,224,67142,Not hit
146879,Shadow Tower Remastered,2022-07-03,Action,Indie,14.99,$10-20,Paid,Yes,Yes,No,Playable,400,3,3,56.5,15.2,2,2550,Not hit
154131,Solar Frontier: Origins,2024-07-21,Casual,Indie,14.99,$10-20,Paid,Yes,No,No,Unsupported,1000,18,5,80.0,9.2,1,4791,Not hit
160643,Cyber Arena 2,2023-04-05,Horror,Indie,4.99,< $5,Paid,Yes,No,No,Playable,24900,290,134,68.4,2.5,85,42924,Not hit
119573,Dark Hunter 2,2025-08-02,Horror,Indie,9.99,$5-10,Paid,No,No,No,Playable,37100,973,221,81.5,18.6,22,136071,Not hit
138147,Dark Arena Deluxe Deluxe,2024-07-25,Puzzle,Indie,14.99,$10-20,Paid,No,No,No,Unsupported,13600,428,22,95.3,22.9,16,82737,Not hit
104773,Shadow Chronicles,2025-12-04,Casual,Indie,9.99,$5-10,Paid,No,No,No,Verified,1200,16,3,84.9,2.1,2,4735,Not hit
174814,Broken Hunter Remastered II,2021-02-02,Survival,AA,39.99,$20-40,Paid,No,No,No,Playable,70300,1823,970,65.3,24.9,41,1136500,Not hit
131968,Rogue Hunter II,2016-08-27,Racing,Indie,0.99,< $5,Paid,No,Yes,No,Playable,196300,4201,431,90.7,17.6,1114,84167,Hit
168154,Rogue Tower II,2019-09-25,Horror,Indie,0.0,Free,Free,No,Yes,No,Playable,130500,1978,2351,45.7,6.4,903,68667,Not hit
134299,Rogue Chronicles II,2018-04-20,Action,Indie,9.99,$5-10,Paid,No,No,No,Playable,12700,215,67,76.3,20.2,47,49550,Not hit
190798,Dragon Ocean II Remastered,2023-06-13,Roguelike,AA,0.0,Free,Free,No,No,No,Playable,92200,2194,764,74.2,150.7,249,151854,Not hit
115984,Lost Dungeon,2020-11-01,Action,Indie,4.99,< $5,Paid,No,No,Yes,Verified,193400,5818,611,90.5,37.0,483,391551,Hit
142587,Mystic Racer: Origins,2024-12-18,Strategy,AA,29.99,$20-40,Paid,No,Yes,No,Verified,172200,3758,1470,71.9,104.2,322,2229444,Not hit
116724,Dragon Protocol 2,2022-05-26,Roguelike,Indie,14.99,$10-20,Paid,No,No,No,Unsupported,2000,62,16,79.9,16.6,5,10867,Not hit
142106,Hidden Tower,2018-08-30,Survival,Indie,2.99,< $5,Paid,No,Yes,No,Unsupported,23700,330,142,70.1,15.7,169,23898,Not hit
125863,Broken Tower 2,2021-11-07,Action,Indie,14.99,$10-20,Paid,Yes,Yes,No,Playable,2000,28,12,72.3,17.3,11,12734,Not hit
164121,Dragon Frontier Remastered,2024-07-27,Horror,AA,29.99,$20-40,Paid,No,No,No,Playable,7500,93,51,65.0,11.6,5,75695,Not hit
122755,Golden Arena 2,2025-09-03,Horror,Indie,14.99,$10-20,Paid,No,No,No,Unsupported,200,2,2,67.0,2.7,0,1244,Not hit
185211,Last Island Deluxe 2,2021-02-06,Casual,Indie,14.99,$10-20,Paid,No,No,No,Playable,200,3,4,53.4,3.0,0,1087,Not hit
175369,Solar Odyssey 2,2025-09-17,Action,Indie,9.99,$5-10,Paid,No,No,No,Playable,27800,532,53,91.1,10.4,93,106072,Not hit
156684,Eternal Legends Deluxe,2020-01-21,Roguelike,AA,39.99,$20-40,Paid,No,No,No,Verified,436100,12713,899,93.4,29.8,1265,7784353,Hit
142254,Dragon Legends II,2022-11-03,Simulation,Indie,9.99,$5-10,Paid,No,No,No,Unsupported,23600,736,183,80.1,45.4,77,87952,Not hit
179735,Lost Racer: Origins,2025-05-01,Survival,Indie,24.99,$20-40,Paid,No,Yes,Yes,Verified,45100,1333,403,76.8,35.6,170,365963,Not hit
176479,Solar Kingdom Remastered,2023-02-05,Adventure,Indie,14.99,$10-20,Paid,No,No,No,Verified,34400,954,222,81.2,7.7,99,165888,Not hit
138591,Tiny Racer II Remastered,2025-01-24,Strategy,Indie,19.99,$10-20,Paid,Yes,No,Yes,Playable,4400,86,26,76.9,65.0,11,30875,Not hit
140071,Rogue Ocean: Origins: Origins,2024-04-06,Puzzle,Indie,2.99,< $5,Paid,Yes,No,No,Playable,3800,52,18,75.6,6.3,11,4897,Not hit
127676,Dark Chronicles: Origins Remastered,2023-10-03,Roguelike,AA,19.99,$10-20,Paid,No,No,Yes,Verified,20200,564,156,78.4,10.9,47,158902,Not hit
156758,Crystal Village Deluxe,2023-08-11,Action,Indie,4.99,< $5,Paid,No,No,No,Verified,1900,42,13,77.2,32.7,7,4181,Not hit
181141,Broken Tactics Deluxe,2019-10-31,Roguelike,Indie,0.99,< $5,Paid,Yes,No,No,Playable,4500,89,59,60.2,9.6,7,1461,Not hit
112469,Golden Tactics 2,2024-05-28,Horror,Indie,9.99,$5-10,Paid,No,No,No,Verified,1000,24,13,66.7,3.6,0,4290,Not hit
118759,Dragon Odyssey Remastered,2018-10-04,Adventure,Indie,4.99,< $5,Paid,No,No,No,Playable,40300,765,321,70.5,11.8,148,91058,Not hit
119277,Last Protocol,2017-05-04,Roguelike,Indie,9.99,$5-10,Paid,No,No,No,Verified,800,13,10,60.0,26.7,2,2523,Not hit
179772,Lost Hunter 2: Origins,2020-02-12,RPG,AAA,0.0,Free,Free,No,No,Yes,Playable,19877000,290712,198703,59.4,80.8,23308,21207907,Not hit
101147,Eternal Colony,2023-02-21,Simulation,Indie,9.99,$5-10,Paid,No,Yes,No,Playable,3000,71,40,64.7,95.3,3,13581,Not hit
141810,Neon Frontier Deluxe,2023-07-03,Adventure,AAA,59.99,$40+,Paid,No,Yes,Yes,Verified,382200,5167,2344,68.8,37.1,2664,8380280,Not hit
149469,Neon League II,2018-07-26,Action,Indie,19.99,$10-20,Paid,No,Yes,No,Playable,7000,184,43,81.1,15.3,8,51347,Not hit
173926,Cyber League 2 2,2020-12-03,Survival,Indie,0.0,Free,Free,No,Yes,No,Unsupported,77800,2044,722,73.9,22.0,509,107794,Not hit
106253,Crystal Legends,2025-12-09,Casual,Indie,2.99,< $5,Paid,No,No,No,Unsupported,6100,174,60,74.4,6.3,22,7707,Not hit
142920,Pixel Racer Remastered,2024-07-26,Adventure,Indie,14.99,$10-20,Paid,No,No,No,Unsupported,8000,166,59,74.1,20.2,5,52994,Not hit
180808,Rogue Dungeon: Origins,2017-07-04,Casual,Indie,14.99,$10-20,Paid,Yes,No,No,Playable,1700,20,23,48.8,3.3,5,10271,Not hit
163566,Last Colony 2,2020-11-11,Simulation,Indie,9.99,$5-10,Paid,No,Yes,No,Unsupported,20500,446,121,78.7,117.0,20,81147,Not hit
171373,Star Horizon 2,2017-06-02,Adventure,Indie,4.99,< $5,Paid,Yes,No,No,Unsupported,8300,134,84,61.6,5.0,29,15931,Not hit
157979,Rogue Tower 2,2019-03-27,Simulation,Indie,9.99,$5-10,Paid,No,No,No,Verified,15400,390,117,77.1,9.3,54,49762,Not hit
159089,Broken Village Remastered,2025-08-27,Simulation,Indie,9.99,$5-10,Paid,No,No,No,Unsupported,1200,17,8,68.9,33.2,1,4030,Not hit
143919,Neon Horizon Deluxe,2023-11-22,Adventure,Indie,9.99,$5-10,Paid,No,No,No,Playable,9500,177,44,80.4,9.9,7,34110,Not hit
135113,Rogue Empire II,2019-06-08,Adventure,Indie,0.99,< $5,Paid,Yes,No,No,Verified,2200,53,34,61.1,3.5,6,689,Not hit
187505,Cyber Factory 2 Remastered,2021-02-06,Survival,Indie,2.99,< $5,Paid,No,Yes,No,Verified,30500,737,310,70.4,33.5,68,39087,Not hit
173149,Broken Ocean II II: Origins,2019-06-11,Simulation,AA,19.99,$10-20,Paid,No,No,Yes,Playable,91400,1868,1236,60.2,68.3,252,584652,Not hit
175332,Cyber Dungeon: Origins,2024-02-07,Casual,Indie,9.99,$5-10,Paid,No,No,No,Verified,27300,312,100,75.8,1.6,29,99806,Not hit
187283,Crystal Ocean: Origins 2,2021-10-24,Puzzle,Indie,0.0,Free,Free,No,No,No,Verified,21400,305,143,68.3,3.7,61,23694,Not hit
133818,Golden Colony Remastered: Origins,2016-08-14,Simulation,AA,39.99,$20-40,Paid,No,No,No,Playable,955600,17242,6059,74.0,75.0,2056,12882418,Not hit
146990,Wild Legends Remastered,2016-05-12,Puzzle,Indie,0.99,< $5,Paid,Yes,No,No,Unsupported,25000,646,233,73.5,8.7,54,8679,Not hit
119499,Eternal Racer 2,2025-07-29,Adventure,Indie,9.99,$5-10,Paid,No,No,No,Playable,2200,56,8,88.8,14.6,1,6923,Not hit
129785,Tiny Tower,2017-04-28,Action,AA,19.99,$10-20,Paid,No,No,No,Verified,10373400,248625,87810,73.9,4.1,21043,71173873,Not hit
149913,Dark Legends Remastered,2021-03-18,Action,Indie,4.99,< $5,Paid,No,No,No,Playable,3000,73,34,68.3,7.4,3,5111,Not hit
188948,Cyber Kingdom: Origins,2019-09-14,Racing,Indie,2.99,< $5,Paid,No,No,No,Verified,7700,112,28,80.6,8.9,12,9742,Not hit
184841,Star Village II,2024-05-01,Simulation,Indie,4.99,< $5,Paid,No,No,No,Verified,31300,799,122,86.8,9.5,18,50787,Not hit
188356,Last Survivors 2 2,2022-09-07,Simulation,Indie,19.99,$10-20,Paid,No,No,No,Unsupported,12800,189,55,77.5,38.1,24,97004,Not hit
133892,Dark Survivors Remastered,2019-12-28,Racing,Indie,0.99,< $5,Paid,No,Yes,No,Verified,13900,348,103,77.3,48.0,101,4466,Not hit
162382,Cyber Colony: Origins II,2021-06-03,Strategy,Indie,9.99,$5-10,Paid,No,No,No,Playable,2400,28,25,53.3,61.5,6,9911,Not hit
134077,Golden Village Remastered,2025-05-10,Simulation,Indie,4.99,< $5,Paid,No,No,No,Unsupported,26900,502,90,84.8,19.5,98,55315,Not hit
103996,Steel Odyssey,2025-07-30,Puzzle,AA,39.99,$20-40,Paid,No,No,No,Playable,70600,1363,302,81.9,6.8,275,1122181,Not hit
118500,Broken Arena Remastered,2018-10-02,Adventure,Indie,9.99,$5-10,Paid,No,No,No,Unsupported,4600,92,17,84.9,11.6,11,14582,Not hit
116946,Golden Legends,2022-02-28,Action,Indie,2.99,< $5,Paid,No,No,No,Unsupported,2000,58,16,78.7,28.9,6,2171,Not hit
139590,Dark Tactics Remastered,2020-02-28,Action,Indie,2.99,< $5,Paid,No,No,No,Playable,4000,85,26,77.1,20.9,8,4547,Not hit
165564,Dragon Frontier Deluxe,2018-12-17,Racing,Indie,4.99,< $5,Paid,Yes,No,No,Playable,3700,66,72,48.4,11.6,1,7915,Not hit
112432,Broken Ocean: Origins,2023-02-01,RPG,Indie,0.99,< $5,Paid,Yes,No,No,Playable,16500,221,183,54.8,45.3,26,5310,Not hit
152577,Tiny Island,2023-10-17,Action,AA,39.99,$20-40,Paid,No,Yes,No,Unsupported,294900,6503,2774,70.1,25.4,1016,4537277,Not hit
154945,Frozen Protocol Remastered 2,2017-09-07,Adventure,Indie,2.99,< $5,Paid,No,No,No,Verified,5300,120,36,77.4,10.9,8,5605,Not hit
176442,Shadow Factory II,2020-06-01,Strategy,Indie,0.99,< $5,Paid,No,No,No,Verified,43800,556,258,68.4,14.0,130,18115,Not hit
147175,Pixel Colony 2 2,2025-01-11,RPG,AA,29.99,$20-40,Paid,No,No,No,Verified,3700,77,23,77.8,67.6,2,39807,Not hit
167340,Neon Kingdom Remastered II,2025-04-14,Horror,Indie,0.99,< $5,Paid,No,No,No,Unsupported,500,10,6,64.1,10.6,0,207,Not hit
139442,Frozen Protocol 2,2019-05-20,Sports,Indie,14.99,$10-20,Paid,No,Yes,No,Verified,1300,25,10,71.5,30.5,3,6250,Not hit
105365,Rogue Dungeon,2017-11-12,Strategy,AA,24.99,$20-40,Paid,No,Yes,No,Playable,251100,4339,1646,72.5,40.5,777,2036845,Not hit
118241,Golden Kingdom,2022-10-19,Strategy,Indie,2.99,< $5,Paid,No,No,No,Unsupported,21900,654,129,83.6,116.2,26,25241,Not hit
150542,Dark Frontier,2020-02-27,Action,Indie,9.99,$5-10,Paid,No,Yes,No,Verified,68000,1402,321,81.4,17.9,443,257012,Not hit
154649,Dark Frontier Deluxe,2025-06-25,Adventure,Indie,4.99,< $5,Paid,Yes,No,No,Verified,23800,457,88,84.0,30.7,94,49093,Not hit
157646,Wild Dungeon Remastered,2024-03-15,RPG,Indie,4.99,< $5,Paid,Yes,No,Yes,Verified,300,5,6,53.4,38.4,0,578,Not hit
146435,Dragon Factory 2 Remastered,2024-05-04,Puzzle,Indie,9.99,$5-10,Paid,Yes,No,No,Verified,22200,568,122,82.4,4.6,69,79203,Not hit
129082,Last Factory II,2021-09-03,Horror,Indie,14.99,$10-20,Paid,No,Yes,No,Playable,3600,47,19,71.7,19.4,26,22116,Not hit
182732,Golden Frontier Deluxe,2025-08-05,RPG,Indie,0.99,< $5,Paid,No,Yes,No,Verified,13000,241,71,77.3,54.1,20,5090,Not hit
160976,Rogue Frontier 2,2024-09-28,Puzzle,Indie,24.99,$20-40,Paid,No,No,No,Unsupported,3400,83,5,95.4,13.0,12,35250,Not hit
191427,Tiny Frontier Remastered II II,2023-03-11,Adventure,Indie,14.99,$10-20,Paid,Yes,No,No,Unsupported,227700,4156,1285,76.4,6.6,306,1252589,Not hit
181289,Void Tactics 2,2023-07-12,Action,Indie,4.99,< $5,Paid,No,No,No,Playable,54800,1240,520,70.5,30.2,96,109501,Not hit
138776,Neon Arena Remastered,2024-03-08,Casual,Indie,9.99,$5-10,Paid,No,No,Yes,Verified,16300,264,53,83.5,1.4,23,62160,Not hit
113764,Silent Legends Remastered,2019-08-16,Horror,AAA,59.99,$40+,Paid,No,Yes,Yes,Verified,1304300,21690,14582,59.8,2.9,4143,30181143,Not hit
183102,Golden League Deluxe: Origins,2023-09-15,Roguelike,Indie,2.99,< $5,Paid,No,No,No,Playable,2200,52,17,75.8,19.7,5,2255,Not hit
126159,Pixel Village 2: Origins,2025-03-29,Sports,Indie,9.99,$5-10,Paid,No,No,No,Verified,3800,73,53,58.1,32.4,5,14465,Not hit
125567,Hidden Odyssey,2019-03-02,Action,Indie,14.99,$10-20,Paid,No,No,No,Verified,8000,157,61,72.1,21.8,20,46919,Not hit
163418,Void Dungeon II,2018-01-05,Horror,AA,24.99,$20-40,Paid,No,No,No,Verified,33800,555,323,63.3,3.2,132,364692,Not hit
149654,Shadow Odyssey,2024-04-28,Action,Indie,9.99,$5-10,Paid,Yes,Yes,No,Unsupported,1600,41,16,72.9,12.5,11,6059,Not hit
176627,Tiny Kingdom Remastered,2016-04-21,Adventure,Indie,19.99,$10-20,Paid,No,No,No,Playable,3500,44,15,75.0,7.8,6,25879,Not hit
104255,Rogue Chronicles,2019-03-27,Casual,Indie,4.99,< $5,Paid,No,No,No,Playable,1700,34,19,65.6,4.9,4,3072,Not hit
153946,Lost Tower Deluxe,2022-11-18,Casual,Indie,14.99,$10-20,Paid,No,No,No,Verified,8100,86,52,62.5,2.3,6,39477,Not hit
172927,Broken Empire II 2,2018-05-06,Horror,Indie,2.99,< $5,Paid,Yes,Yes,Yes,Unsupported,308400,3851,2011,65.7,7.7,1886,391231,Not hit
158793,Crystal Legends Deluxe,2025-03-08,Action,AAA,49.99,$40+,Paid,No,No,No,Verified,1889900,36370,9437,79.4,6.6,1774,31130019,Not hit
183842,Wild League Remastered,2022-07-27,Puzzle,Indie,9.99,$5-10,Paid,No,No,No,Unsupported,9700,297,49,86.1,7.9,32,32648,Not hit
190021,Dragon Kingdom Deluxe,2022-04-08,Action,Indie,24.99,$20-40,Paid,No,No,No,Playable,5300,84,58,59.4,15.5,16,55535,Not hit
118204,Frozen Protocol,2023-07-17,RPG,Indie,9.99,$5-10,Paid,No,No,No,Playable,8500,157,12,93.1,73.2,32,34224,Not hit
104551,Shadow Village,2021-09-28,Roguelike,Indie,9.99,$5-10,Paid,No,No,No,Verified,6500,131,51,72.5,16.6,4,28177,Not hit
178958,Wild Legends Deluxe Deluxe,2024-10-05,RPG,Indie,4.99,< $5,Paid,No,No,Yes,Unsupported,3300,47,20,70.9,86.7,12,7488,Not hit
184730,Frozen Racer 2,2021-05-12,Strategy,Indie,2.99,< $5,Paid,No,No,No,Verified,200,4,2,73.3,44.1,0,226,Not hit
158904,Frozen League II Remastered,2019-11-18,Horror,Indie,4.99,< $5,Paid,No,Yes,No,Unsupported,6300,129,48,73.4,7.8,41,10528,Not hit
191205,Cyber Legends 2 Deluxe,2023-10-04,Roguelike,Indie,14.99,$10-20,Paid,No,No,No,Playable,5500,99,20,83.7,,12,28956,Not hit
147027,Frozen Odyssey: Origins,2023-10-27,Roguelike,Indie,0.0,Free,Free,No,Yes,No,Unsupported,299700,7495,3047,71.1,48.8,588,501907,Not hit
131931,Star Legends II,2021-03-03,Survival,Indie,4.99,< $5,Paid,No,Yes,No,Playable,14800,555,6,99,81.8,32,33538,Not hit
188023,Tiny Chronicles Remastered Deluxe,2018-09-17,Casual,AA,39.99,$20-40,Paid,No,No,No,Verified,38400,578,240,70.7,4.8,145,697263,Not hit
186210,Dark Racer Remastered Remastered,2021-01-18,Casual,Indie,4.99,< $5,Paid,No,No,Yes,Unsupported,15000,308,77,80.0,1.7,15,27788,Not hit
138443,Last Island 2,2016-03-16,Simulation,Indie,9.99,$5-10,Paid,No,No,No,Verified,12500,220,64,77.6,9.6,33,42677,Not hit
182769,Mystic Racer Remastered Remastered,2023-07-19,Action,Indie,14.99,$10-20,Paid,No,Yes,No,Unsupported,30900,537,52,91.2,14.1,98,198766,Not hit
115873,Solar Village,2019-02-13,Sports,Indie,4.99,< $5,Paid,No,Yes,No,Verified,25600,469,158,74.9,26.0,138,47079,Not hit
119388,Crystal Colony Remastered Remastered,2018-11-17,Adventure,Indie,14.99,$10-20,Paid,Yes,No,No,Playable,12800,141,83,63.2,21.9,49,68547,Not hit
165379,Lost Empire 2 Deluxe,2022-01-28,Simulation,AAA,59.99,$40+,Paid,No,No,No,Playable,974400,32631,3870,89.4,20.3,3329,20014955,Hit
121053,Dark Factory Deluxe,2018-06-30,Simulation,Indie,4.99,< $5,Paid,Yes,No,No,Verified,124800,2762,554,83.3,17.1,286,253865,Hit
104477,Dragon Odyssey,2016-01-31,Adventure,Indie,19.99,$10-20,Paid,No,No,No,Verified,5000,99,16,86.8,7.2,17,36232,Not hit
145288,Pixel Horizon Deluxe,2018-10-01,RPG,Indie,0.99,< $5,Paid,No,No,Yes,Verified,121200,4098,591,87.4,23.9,317,46567,Hit
177071,Void Horizon 2 Deluxe,2023-09-27,RPG,Indie,2.99,< $5,Paid,No,No,No,Verified,8300,169,38,81.9,19.4,11,9372,Not hit
105291,Neon Odyssey,2024-06-28,Adventure,Indie,4.99,< $5,Paid,No,Yes,No,Unsupported,6300,177,25,88.0,9.8,11,10366,Not hit
130710,Golden Arena: Origins,2024-07-31,RPG,Indie,4.99,< $5,Paid,No,No,No,Verified,32100,544,128,81.0,29.5,64,61554,Not hit
178107,Lost League Remastered,2021-03-01,Sports,Indie,9.99,$5-10,Paid,No,No,No,Playable,16300,200,83,70.8,32.6,27,56434,Not hit
100629,Broken League,2020-10-23,Sports,Indie,19.99,$10-20,Paid,No,No,No,Verified,6500,86,47,65.1,17.5,24,57440,Not hit
184138,Last Legends: Origins,2024-11-01,Simulation,Indie,2.99,< $5,Paid,Yes,No,Yes,Verified,2300,24,20,55.3,41.3,4,3004,Not hit
110730,Void Dungeon,2017-02-06,Action,Indie,9.99,$5-10,Paid,No,No,No,Verified,7900,139,50,73.6,8.8,17,28114,Not hit
172890,Hidden Empire Remastered,2018-08-02,Puzzle,Indie,2.99,< $5,Paid,No,No,No,Verified,12000,316,36,89.9,4.5,17,12864,Not hit
124901,Neon Ocean Deluxe 2,2018-06-06,Puzzle,Indie,0.0,Free,Free,No,No,No,Playable,20000,476,209,69.6,9.7,56,32039,Not hit
135224,Golden Protocol Deluxe Remastered,2025-08-05,Puzzle,Indie,14.99,$10-20,Paid,No,No,No,Playable,34900,571,11,98.2,1.5,112,182386,Not hit
128490,Neon Racer 2,2021-06-15,Simulation,Indie,14.99,$10-20,Paid,No,No,No,Playable,1500,39,17,70.2,44.3,4,8774,Not hit
132819,Silent Dungeon,2025-08-21,Casual,Indie,4.99,< $5,Paid,No,Yes,No,Playable,3400,59,30,66.4,4.5,14,6267,Not hit
160865,Eternal Frontier Remastered,2018-09-28,Casual,Indie,0.0,Free,Free,No,No,No,Playable,111700,1973,457,81.2,3.0,442,194814,Hit
110064,Star Protocol,2023-11-03,RPG,Indie,4.99,< $5,Paid,No,Yes,Yes,Playable,1200,19,13,61.9,17.9,2,2163,Not hit
107215,Last Island,2022-06-25,Adventure,Indie,0.99,< $5,Paid,No,Yes,No,Playable,2900,87,20,82.1,21.2,10,1288,Not hit
146842,Dragon Village II,2022-09-03,Strategy,Indie,14.99,$10-20,Paid,No,No,No,Unsupported,40500,675,49,93.3,39.5,73,255193,Not hit
165934,Crystal Empire: Origins,2025-08-20,Casual,Indie,4.99,< $5,Paid,No,No,No,Playable,19400,374,123,75.4,1.6,45,43197,Not hit
118907,Last Island Deluxe,2024-12-06,Casual,Indie,4.99,< $5,Paid,No,No,No,Unsupported,2000,26,16,62.4,4.2,2,3775,Not hit
142069,Hidden Legends Remastered,2024-06-14,Action,Indie,14.99,$10-20,Paid,Yes,No,No,Unsupported,50100,1136,278,80.4,6.7,110,256936,Not hit
124827,Crystal Ocean II,2021-04-30,Roguelike,Indie,9.99,$5-10,Paid,Yes,No,No,Verified,259600,8613,968,89.9,43.4,852,1039107,Hit
151282,Frozen Colony II,2017-11-19,Strategy,Indie,0.99,< $5,Paid,No,No,No,Verified,10500,309,63,83.1,105.4,22,3746,Not hit
117834,Pixel League II,2017-07-02,Puzzle,Indie,0.99,< $5,Paid,No,No,No,Playable,200,4,3,64.3,11.3,0,78,Not hit
190317,Last Island II 2,2024-08-04,Strategy,Indie,14.99,$10-20,Paid,No,Yes,No,Playable,900,14,5,75.0,76.3,4,4961,Not hit
187912,Star Island Deluxe II,2019-07-09,Casual,Indie,2.99,< $5,Paid,No,No,No,Verified,300,3,5,40.4,1.5,1,293,Not hit
149321,Dark Racer Deluxe Remastered,2023-09-03,RPG,AAA,0.0,Free,Free,No,No,No,Verified,801900,19205,4922,79.6,58.1,2203,1399088,Not hit
187838,Iron Island: Origins 2,2024-03-02,Simulation,AAA,69.99,$40+,Paid,No,No,Yes,Unsupported,8356700,196879,42052,82.4,41.2,30066,191362632,Hit
122940,Star Frontier II,2017-04-28,RPG,Indie,4.99,< $5,Paid,No,No,No,Playable,300,5,2,79.5,54.1,0,485,Not hit
147323,Tiny Survivors II,2023-08-12,Adventure,AAA,59.99,$40+,Paid,No,No,No,Verified,4980900,166223,1680,99,13.6,15734,102744013,Hit
102368,Last League,2023-10-24,Survival,Indie,9.99,$5-10,Paid,No,Yes,Yes,Playable,13800,376,106,78.2,27.0,20,45849,Not hit
171891,Star Legends II: Origins,2021-02-27,Adventure,Indie,4.99,< $5,Paid,Yes,No,No,Playable,9400,190,80,70.7,13.1,19,15034,Not hit
121608,Steel Frontier II,2024-09-27,Action,Indie,4.99,< $5,Paid,No,No,No,Verified,15000,243,80,75.3,14.8,43,33513,Not hit
124420,Tiny Kingdom II,2020-06-26,Adventure,Indie,2.99,< $5,Paid,No,No,No,Playable,7600,218,16,93.4,6.4,14,9335,Not hit
181918,Eternal League Deluxe 2,2025-12-18,Casual,AA,19.99,$10-20,Paid,No,No,No,Unsupported,23500,287,111,72.3,3.5,58,172098,Not hit
118537,Golden Tower Deluxe,2018-01-19,Adventure,AA,19.99,$10-20,Paid,No,No,Yes,Playable,120000,1879,757,71.3,15.3,90,799803,Not hit
181363,Broken Odyssey 2 Remastered,2023-03-13,Survival,Indie,14.99,$10-20,Paid,No,Yes,No,Playable,16900,249,82,75.5,55.9,19,87133,Not hit
136001,Frozen Village Remastered,2020-09-07,Strategy,Indie,4.99,< $5,Paid,No,Yes,No,Unsupported,39800,1340,145,90.3,31.3,188,81568,Not hit
174481,Frozen Colony Remastered Deluxe II,2022-10-19,Strategy,Indie,19.99,$10-20,Paid,No,Yes,No,Playable,77800,1608,465,77.6,32.8,244,647448,Not hit
137814,Iron Arena 2,2024-01-12,Strategy,Indie,9.99,$5-10,Paid,No,No,No,Playable,477800,12929,914,93.4,23.9,1225,1700388,Hit
111655,Crystal Ocean,2019-10-07,Survival,Indie,0.0,Free,Free,No,Yes,No,Playable,1775800,42533,14330,74.8,90.0,4637,978647,Not hit
191871,Neon Ocean 2,2021-12-16,Adventure,Indie,4.99,< $5,Paid,No,No,No,Playable,32500,997,137,88.0,9.5,103,55230,Not hit
150838,Void Survivors: Origins,2018-08-03,Strategy,AA,24.99,$20-40,Paid,No,No,Yes,Playable,45000,1010,778,56.5,41.9,87,509868,Not hit
140293,Rogue Ocean Deluxe,2016-06-30,Action,Indie,2.99,< $5,Paid,Yes,No,No,Playable,302200,10004,1063,90.4,13.4,353,308218,Hit
162604,Wild Arena,2023-07-22,Casual,Indie,0.99,< $5,Paid,Yes,No,No,Playable,4900,108,87,55.7,3.1,10,1985,Not hit
106327,Eternal Dungeon,2024-04-23,Action,AAA,59.99,$40+,Paid,No,Yes,No,Unsupported,160900,2699,2174,55.4,18.6,710,3755849,Not hit
153465,Star Protocol: Origins II,2024-10-29,RPG,Indie,9.99,$5-10,Paid,No,No,No,Verified,1600,28,7,82.8,9.7,1,5668,Not hit
179032,Dark Survivors II II,2023-04-10,Survival,Indie,9.99,$5-10,Paid,No,Yes,No,Unsupported,3800,82,29,74.2,41.2,17,16278,Not hit
103293,Broken Odyssey,2017-02-24,Simulation,Indie,14.99,$10-20,Paid,No,No,No,Playable,36000,392,186,67.9,69.3,142,221295,Not hit
171928,Shadow Kingdom: Origins,2024-09-24,Action,Indie,4.99,< $5,Paid,No,No,No,Verified,1100,20,10,69.6,20.1,1,1813,Not hit
157720,Dark Tower: Origins Remastered,2025-04-19,Casual,Indie,14.99,$10-20,Paid,No,No,No,Playable,300,7,4,68.5,8.9,1,1473,Not hit
106697,Broken Empire,2019-12-29,Action,Indie,0.99,< $5,Paid,No,No,No,Playable,8200,209,65,76.6,5.2,13,2785,Not hit
163492,Steel Frontier II Remastered,2017-07-13,Horror,Indie,9.99,$5-10,Paid,No,No,No,Verified,19300,532,120,81.6,2.8,38,71386,Not hit
105624,Solar Horizon II,2017-05-29,Puzzle,Indie,0.99,< $5,Paid,Yes,No,No,Playable,9400,189,60,76.2,7.7,31,3599,Not hit
185359,Void Arena Remastered,2023-06-17,Simulation,Indie,2.99,< $5,Paid,No,No,Yes,Playable,1500,16,16,52.1,79.7,1,1818,Not hit
104662,Star League,2016-08-12,Survival,Indie,4.99,< $5,Paid,No,Yes,No,Unsupported,25600,477,150,76.1,56.8,80,51091,Not hit
160754,Steel Island 2 2: Origins,2018-01-03,Action,Indie,14.99,$10-20,Paid,No,No,No,Unsupported,2600,59,44,57.9,14.2,3,17632,Not hit
172631,Golden Survivors II,2023-08-24,Simulation,Indie,2.99,< $5,Paid,No,No,,Verified,1900,25,9,74.8,68.8,2,2289,Not hit
159940,Neon Protocol Remastered,2021-03-19,Simulation,Indie,9.99,$5-10,Paid,No,No,No,Playable,80600,1713,467,78.6,15.7,117,312952,Not hit
154686,Silent Colony Deluxe,2025-02-24,Casual,Indie,14.99,$10-20,Paid,No,No,No,Verified,24600,613,173,78.0,3.9,72,146781,Not hit
118093,Eternal Hunter Deluxe,2022-05-28,Adventure,Indie,14.99,$10-20,Paid,No,No,No,Playable,2100,29,18,63.5,7.4,3,12913,Not hit
143734,Silent Colony Remastered 2,2018-03-20,Action,AA,24.99,$20-40,Paid,No,No,No,Verified,71300,1806,206,89.8,4.2,65,644139,Not hit
139479,Last Frontier II,2024-07-21,Strategy,Indie,9.99,$5-10,Paid,No,No,No,Unsupported,3800,82,29,74.5,37.9,12,17194,Not hit
160236,Hidden Legends: Origins Deluxe,2020-10-12,Action,Indie,4.99,< $5,Paid,Yes,Yes,No,Verified,43700,1076,341,76.0,13.7,148,77992,Not hit
129008,Wild Kingdom Deluxe,2019-02-04,Action,Indie,4.99,< $5,Paid,No,Yes,Yes,Playable,35500,996,206,82.9,16.6,233,61089,Not hit
167636,Rogue Island Deluxe,2024-02-28,Survival,AA,39.99,$20-40,Paid,No,Yes,No,Verified,360200,7536,2277,76.8,36.3,2493,4573405,Not hit
155019,Steel Tactics: Origins,2020-05-16,Action,Indie,9.99,$5-10,Paid,No,Yes,No,Verified,21700,345,88,79.8,10.8,28,95771,Not hit
192278,Solar Empire II: Origins,2024-06-02,Action,Indie,4.99,< $5,Paid,No,No,No,Verified,59300,1533,303,83.5,27.4,97,100325,Not hit
143253,Void Tactics Remastered,2016-09-14,Action,Indie,14.99,$10-20,Paid,No,Yes,No,Playable,500,5,5,53.9,12.7,2,2798,Not hit
156610,Broken Hunter 2,2022-09-28,Horror,Indie,2.99,< $5,Paid,Yes,No,No,Playable,2700,48,44,52.9,3.0,1,2619,Not hit
161198,Star Protocol Remastered 2,2018-05-20,Casual,Indie,0.99,< $5,Paid,No,No,No,Verified,22800,647,257,71.6,1.6,35,7766,Not hit
159829,Steel Island 2 2,2023-01-17,Adventure,Indie,14.99,$10-20,Paid,Yes,No,No,Playable,8900,173,15,92.1,17.2,32,44283,Not hit
115466,Steel Colony: Origins,2024-03-29,Adventure,Indie,2.99,< $5,Paid,No,No,Yes,Verified,3300,56,32,64.7,13.0,6,3937,Not hit
122200,Solar Horizon Deluxe 2,2025-04-03,Casual,AA,29.99,$20-40,Paid,No,No,No,Playable,47000,694,260,72.8,25.1,78,618813,Not hit
126122,Shadow Survivors Deluxe II,2024-12-28,Puzzle,Indie,19.99,$10-20,Paid,No,No,No,Playable,200,1,2,64.9,7.0,0,1719,Not hit
189392,Iron Chronicles 2 Remastered,2022-12-13,Action,AA,19.99,$10-20,Paid,No,No,No,Playable,9700,232,123,65.5,8.1,11,76708,Not hit
136038,Iron Tower II Deluxe,2023-12-24,Simulation,Indie,4.99,< $5,Paid,No,No,No,Verified,900,21,10,68.1,23.5,2,1515,Not hit
159792,Silent Odyssey Remastered Remastered,2019-04-25,Action,Indie,4.99,< $5,Paid,No,Yes,No,Unsupported,55000,728,224,76.5,21.0,392,94014,Not hit
176405,Crystal Tower Deluxe Remastered,2020-10-30,Horror,Indie,2.99,< $5,Paid,No,No,No,Verified,3800,72,38,66.3,4.3,14,3607,Not hit
129304,Eternal Tactics II,2025-08-19,Casual,AAA,0.0,Free,Free,No,No,Yes,Verified,1487300,30351,22161,57.8,8.9,2283,1936910,Not hit
136260,Iron Survivors Remastered,2021-12-07,Adventure,Indie,4.99,< $5,Paid,No,Yes,No,Verified,18600,291,42,87.6,4.8,31,41352,Not hit
155981,Broken Chronicles II,2021-11-20,Simulation,AA,29.99,$20-40,Paid,No,No,No,Playable,81000,1321,474,73.6,24.4,78,1068579,Not hit
120350,Golden Empire,2023-06-07,Survival,AA,0.0,Free,Free,No,Yes,Yes,Verified,150100,1954,1072,64.6,15.5,1125,32897,Not hit
111729,Cyber Horizon Remastered,2023-02-16,Casual,Indie,2.99,< $5,Paid,No,No,No,Verified,7300,74,44,62.8,6.9,18,8844,Not hit
147878,Iron Arena II II,2018-11-10,Survival,Indie,14.99,$10-20,Paid,No,Yes,No,Playable,26800,780,162,82.9,33.5,166,152333,Not hit
140478,Iron Legends 2,2022-05-27,Roguelike,Indie,19.99,$10-20,Paid,No,No,No,Verified,12900,203,60,77.5,15.5,28,102215,Not hit
167044,Steel Dungeon,2016-12-13,Simulation,Indie,24.99,$20-40,Paid,No,No,No,Playable,167100,5469,595,90.2,38.1,434,1754252,Hit
150061,Dark Tower: Origins: Origins,2025-01-01,Strategy,Indie,9.99,$5-10,Paid,Yes,No,No,Playable,51300,1330,208,86.5,21.2,184,186196,Not hit
162345,Void Empire Remastered,2023-07-01,Action,Indie,19.99,$10-20,Paid,No,No,No,Verified,2700,60,26,69.9,10.9,6,18444,Not hit
149432,Solar Horizon: Origins,2022-01-23,Action,Indie,24.99,$20-40,Paid,No,No,No,Verified,20300,619,192,76.4,32.0,50,226621,Not hit
172076,Iron Chronicles 2,2019-09-12,Action,Indie,24.99,$20-40,Paid,No,No,No,Playable,18900,537,138,79.6,18.6,64,197751,Not hit
101591,Silent Odyssey,2025-12-30,Adventure,AAA,49.99,$40+,Paid,No,No,No,Playable,1655700,50309,4915,91.1,3.6,4877,29330995,Hit
106882,Broken Empire II,2024-02-19,Simulation,Indie,2.99,< $5,Paid,No,No,No,Unsupported,27000,493,31,94.2,51.7,97,28380,Not hit
120794,Iron Ocean II,2019-03-31,Adventure,AA,39.99,$20-40,Paid,No,Yes,Yes,Playable,11522500,282747,44507,86.4,8.5,51090,170349677,Hit
133411,Eternal Tower,2020-12-26,Action,Indie,9.99,$5-10,Paid,No,No,No,Unsupported,22200,446,195,69.7,30.5,16,95549,Not hit
141773,Shadow Hunter,2024-07-26,Strategy,Indie,9.99,$5-10,Paid,No,Yes,,Playable,11600,143,66,68.7,65.5,51,43960,Not hit
145399,Void Chronicles Deluxe: Origins,2022-12-05,Action,Indie,19.99,$10-20,Paid,No,No,No,Playable,28600,810,120,87.2,6.2,23,181964,Not hit
124605,Last Arena,2023-08-22,Adventure,Indie,4.99,< $5,Paid,No,No,No,Verified,8400,169,42,80.2,9.3,5,18024,Not hit
190983,Crystal Horizon: Origins Deluxe,2024-01-12,Action,Indie,19.99,$10-20,Paid,Yes,No,No,Playable,3300,68,36,65.8,9.9,7,29284,Not hit
114763,Tiny Arena,2020-05-30,Action,Indie,9.99,$5-10,Paid,No,No,No,Playable,2400,50,27,65.4,4.0,5,10670,Not hit
109361,Eternal Protocol,2021-04-06,Adventure,AA,29.99,$20-40,Paid,No,No,No,Verified,781500,14343,5774,71.3,2.7,2545,10018203,Not hit
101665,Golden Tactics,2019-12-25,Strategy,Indie,14.99,$10-20,Paid,No,Yes,No,Unsupported,2400,32,10,78.0,70.4,10,13750,Not hit
157387,Iron Hunter II,2024-11-06,Adventure,Indie,4.99,< $5,Paid,Yes,No,No,Verified,26000,687,332,67.5,10.4,70,51780,Not hit
119055,Solar Tower Remastered,2025-03-21,Adventure,AA,19.99,$10-20,Paid,No,No,No,Verified,35400,399,162,71.3,6.2,46,316856,Not hit
184360,Cyber Chronicles,2025-12-03,Action,Indie,14.99,$10-20,Paid,Yes,No,No,Verified,15600,206,91,69.5,40.6,50,80465,Not hit
136482,Crystal Legends II,2018-08-28,Sports,Indie,4.99,< $5,Paid,No,Yes,No,Verified,500,4,4,57.9,16.6,3,826,Not hit
106364,Void Empire,2018-11-01,Action,Indie,9.99,$5-10,Paid,No,Yes,No,Verified,4600,89,28,76.3,14.6,9,19798,Not hit
107992,Last Dungeon,2024-10-18,RPG,AA,19.99,$10-20,Paid,No,Yes,No,Verified,280900,2855,1498,65.6,110.3,1952,2249058,Not hit
162789,Eternal Survivors: Origins II,2019-12-29,Adventure,Indie,0.99,< $5,Paid,No,No,No,Verified,15700,158,90,63.8,13.5,60,6579,Not hit
113394,Frozen Racer,2019-03-19,Strategy,Indie,14.99,$10-20,Paid,No,Yes,No,Playable,52100,1639,415,79.8,62.8,290,308870,Not hit
167858,Cyber Tactics II,2021-09-29,Strategy,Indie,14.99,$10-20,Paid,No,Yes,No,Unsupported,76500,1350,472,74.1,32.1,84,409804,Not hit
151985,Iron Horizon: Origins,2019-06-07,Adventure,Indie,9.99,$5-10,Paid,No,No,No,Playable,2300,35,11,78.2,19.9,6,10157,Not hit
174592,Shadow Colony Remastered,2016-09-03,Simulation,Indie,0.99,< $5,Paid,No,No,No,Unsupported,9600,113,36,76.5,16.1,15,3570,Not hit
108103,Solar Colony,2021-05-12,RPG,AA,19.99,$10-20,Paid,No,Yes,No,Verified,18100,466,122,79.3,58.0,43,154805,Not hit
164306,Lost Racer II,2024-11-03,Adventure,Indie,0.0,Free,Free,No,No,No,Unsupported,13300,231,78,75.0,14.7,41,6083,Not hit
135890,Steel Village: Origins,2025-12-02,RPG,Indie,9.99,$5-10,Paid,No,No,No,Playable,50000,1641,242,87.2,120.1,96,191092,Not hit
145547,Void Tactics Deluxe,2022-10-04,Roguelike,Indie,9.99,$5-10,Paid,No,Yes,No,Playable,32000,560,77,88.0,38.6,137,120634,Not hit
109398,Iron Frontier: Origins,2016-11-04,Adventure,Indie,0.0,Free,Free,No,No,No,,152200,2717,727,78.9,9.0,602,250049,Not hit
191279,Steel Chronicles Remastered Deluxe,2022-02-06,Sports,Indie,0.0,Free,Free,No,Yes,No,Verified,4600,64,72,47.1,32.6,12,3592,Not hit
166785,Frozen Hunter 2: Origins,2020-08-07,Adventure,Indie,9.99,$5-10,Paid,No,No,No,Playable,7800,238,50,82.7,13.4,20,34410,Not hit
127047,Silent Ocean II,2018-07-18,Horror,Indie,4.99,< $5,Paid,No,No,No,Verified,1900,34,22,61.3,4.2,4,3693,Not hit
101517,Mystic Village,2024-03-03,Adventure,Indie,14.99,$10-20,Paid,No,No,No,Verified,2200,51,15,78.3,2.6,1,13590,Not hit
120424,Hidden Racer Remastered: Origins,2025-03-23,RPG,AA,24.99,$20-40,Paid,No,No,No,Unsupported,35200,609,252,70.8,66.5,123,373876,Not hit
102812,Crystal League,2022-08-19,Survival,Indie,9.99,$5-10,Paid,No,Yes,No,Verified,60800,1640,395,80.6,112.2,78,221227,Not hit
151615,Cyber Survivors Remastered,2021-07-18,Strategy,Indie,4.99,< $5,Paid,No,No,No,Playable,29900,552,153,78.4,97.7,22,48019,Not hit
104440,Broken Ocean II,2024-03-21,Puzzle,Indie,9.99,$5-10,Paid,No,No,No,Verified,23500,308,85,78.5,14.0,91,96317,Not hit
126048,Pixel Factory: Origins,2021-10-23,Casual,Indie,0.0,Free,Free,Yes,No,No,Playable,67100,1171,1011,53.7,8.9,209,32738,Not hit
157535,Silent Island II,2017-05-28,Survival,Indie,14.99,$10-20,Paid,No,Yes,No,Unsupported,274400,4093,1409,74.4,34.6,529,1609050,Not hit
138739,Dark Odyssey II 2,2018-07-28,Action,Indie,4.99,< $5,Paid,No,No,No,Verified,5300,115,50,69.9,5.6,4,9002,Not hit
169671,Solar Racer II Remastered,2022-06-28,Adventure,Indie,14.99,$10-20,Paid,No,No,No,Playable,24600,667,75,89.9,13.7,77,125805,Not hit
113505,Last Factory,2025-02-23,Casual,Indie,14.99,$10-20,Paid,No,No,No,Unsupported,4500,83,28,75.2,14.6,17,24454,Not hit
157091,Wild Frontier Deluxe 2,2017-04-25,Horror,Indie,9.99,$5-10,Paid,No,Yes,No,Verified,2000,36,11,77.8,7.6,10,6561,Not hit
174296,Crystal Arena Remastered,2021-09-20,Action,Indie,4.99,< $5,Paid,No,Yes,No,Playable,1500,17,9,66.8,29.6,1,2621,Not hit
156980,Eternal Horizon Remastered,2021-02-20,Action,Indie,19.99,$10-20,Paid,No,No,No,Playable,3500,66,29,70.3,11.2,10,24634,Not hit
148211,Pixel Empire Deluxe,2024-02-29,Simulation,Indie,2.99,< $5,Paid,No,No,,Playable,2500,47,39,55.1,20.6,5,2955,Not hit
134595,Frozen Ocean Remastered: Origins,2021-05-09,Horror,AA,24.99,$20-40,Paid,No,No,No,Playable,217800,3927,356,91.7,9.2,604,1949228,Hit
116650,Silent Survivors: Origins,2024-05-14,Horror,Indie,4.99,< $5,Paid,No,No,No,Playable,5500,146,71,67.7,4.5,7,10497,Not hit
103182,Star Legends,2025-07-14,Casual,Indie,0.0,Free,Free,No,No,No,Verified,64500,1277,866,59.6,,184,99143,Not hit
106290,Tiny Protocol,2016-03-19,Casual,Indie,14.99,$10-20,Paid,No,No,No,Verified,188300,4243,833,83.6,5.6,737,942331,Hit
186469,Eternal Tactics II Deluxe,2021-08-15,Roguelike,AA,29.99,$20-40,Paid,No,Yes,No,Verified,482600,13681,2983,82.1,69.7,2274,5646211,Hit
161309,Golden Horizon Deluxe,2024-03-31,Action,Indie,0.99,< $5,Paid,No,No,No,Playable,1400,27,22,55.8,7.6,3,530,Not hit
175813,Steel Village 2,2022-03-19,RPG,Indie,24.99,$20-40,Paid,No,No,No,Unsupported,500,7,6,61.5,30.4,1,4134,Not hit
134114,Dark Hunter: Origins,2025-02-19,RPG,Indie,2.99,< $5,Paid,No,No,No,Unsupported,1300,26,13,67.3,46.6,4,1243,Not hit
107437,Cyber Kingdom Remastered,2024-12-02,Survival,Indie,9.99,$5-10,Paid,No,Yes,No,Unsupported,79700,1685,171,90.8,60.0,262,307324,Not hit
125382,Tiny Legends Remastered,2020-03-19,RPG,Indie,19.99,$10-20,Paid,No,No,No,Playable,421000,11049,3683,75.0,45.7,360,3405861,Not hit
139183,Golden Odyssey: Origins,2021-02-15,Casual,Indie,0.99,< $5,Paid,No,No,No,Playable,1200,35,6,86.3,6.7,3,497,Not hit
171558,Tiny Tactics Remastered Remastered,2017-01-16,Action,AA,24.99,$20-40,Paid,No,No,No,Verified,71400,1944,826,70.2,53.8,277,679536,Not hit
190465,Neon Survivors 2,2025-12-01,Casual,AA,39.99,$20-40,Paid,No,No,No,Verified,94900,1795,1129,61.4,2.4,89,1313912,Not hit
144844,Frozen Legends Deluxe,2019-10-08,Action,Indie,0.0,Free,Free,Yes,No,No,Verified,1197300,13985,4345,76.3,11.4,1991,353939,Not hit
125271,Frozen Horizon,2024-04-12,Roguelike,AA,29.99,$20-40,Paid,No,No,No,Playable,9900,134,54,71.6,12.6,8,132547,Not hit
185322,Frozen Survivors II: Origins,2022-05-25,Simulation,Indie,4.99,< $5,Paid,No,No,No,Unsupported,2600,42,17,72.5,42.9,3,4092,Not hit
139220,Broken Colony II,2019-02-12,Simulation,Indie,4.99,< $5,Paid,No,Yes,No,Verified,16400,211,211,50.0,16.3,122,30720,Not hit
114652,Shadow Tactics Remastered: Origins,2019-12-02,Horror,AA,0.0,Free,Free,No,No,No,Unsupported,783100,9934,7434,57.2,20.6,1167,381309,Not hit
189207,Eternal Racer Remastered 2,2022-01-02,Strategy,Indie,19.99,$10-20,Paid,No,Yes,Yes,Unsupported,16100,375,98,79.3,39.2,88,114856,Not hit
146583,Solar Ocean II,2021-01-17,Adventure,Indie,14.99,$10-20,Paid,No,No,No,Verified,106600,3210,603,84.2,12.7,379,575965,Hit
182103,Last Horizon 2: Origins 2,2025-03-06,Casual,AAA,49.99,$40+,Paid,No,No,Yes,Unsupported,1388700,23053,6352,78.4,10.9,2580,24062537,Not hit
127380,Golden Hunter Deluxe,2021-09-21,RPG,Indie,0.0,Free,Free,No,No,No,Verified,20100,427,179,70.6,61.3,65,9380,Not hit
172705,Dark Island: Origins Deluxe,2022-12-25,Adventure,Indie,9.99,$5-10,Paid,No,No,No,Unsupported,6400,165,14,92.5,7.5,23,22330,Not hit
178255,Star Tactics Deluxe,2024-07-14,Action,Indie,19.99,$10-20,Paid,No,No,No,Verified,5000,97,68,58.8,21.2,14,33311,Not hit
183176,Tiny Empire: Origins Remastered,2025-05-29,Roguelike,Indie,19.99,$10-20,Paid,Yes,Yes,No,Verified,800,14,12,57.3,20.5,1,6523,Not hit
155056,Shadow Ocean: Origins,2025-09-03,Adventure,Indie,19.99,$10-20,Paid,No,No,No,Verified,8300,201,72,73.9,13.7,15,55366,Not hit
165157,Eternal Survivors 2,2018-09-23,Action,Indie,19.99,$10-20,Paid,No,Yes,No,Playable,14800,230,79,74.6,13.9,20,133044,Not hit
169153,Dark Factory Remastered,2025-07-04,RPG,AAA,59.99,$40+,Paid,No,Yes,No,Unsupported,991700,18058,4715,79.3,100.3,5144,21781863,Not hit
188800,Eternal Protocol Deluxe,2024-01-17,Survival,Indie,9.99,$5-10,Paid,No,No,No,Unsupported,11200,293,84,77.9,29.9,31,36779,Not hit
114282,Steel Hunter Remastered,2018-12-02,Puzzle,AAA,0.0,Free,Free,No,No,No,Verified,24762200,391853,113764,77.5,6.1,31924,23815589,Not hit
148248,Crystal Legends 2,2019-11-29,Adventure,AA,24.99,$20-40,Paid,No,No,No,Playable,49200,638,306,67.6,6.4,93,429308,Not hit
127491,Golden Colony 2 II,2020-06-28,Simulation,Indie,0.0,Free,Free,No,Yes,No,Unsupported,69800,1880,510,78.7,57.4,407,36175,Not hit
136297,Cyber Colony 2,2022-11-18,Puzzle,Indie,2.99,< $5,Paid,No,No,Yes,Unsupported,4300,112,34,77.1,4.8,6,4740,Not hit
145473,Shadow Island Remastered,2025-08-29,Horror,Indie,14.99,$10-20,Paid,No,Yes,No,Verified,23500,382,43,90.0,3.3,101,139443,Not hit
135668,Star Odyssey Remastered,2021-05-21,Adventure,Indie,0.0,Free,Free,No,No,No,Playable,13600,244,184,57.1,19.3,7,6780,Not hit
158941,Frozen Village: Origins,2023-12-22,Survival,Indie,19.99,$10-20,Paid,No,Yes,Yes,Unsupported,5100,163,34,82.9,44.6,36,37272,Not hit
113801,Star Tower Deluxe,2023-01-21,Survival,Indie,4.99,< $5,Paid,No,Yes,No,Verified,3900,68,44,61.4,33.3,5,7496,Not hit
108029,Cyber Survivors Deluxe,2024-06-11,Puzzle,Indie,4.99,< $5,Paid,No,No,No,Unsupported,8700,201,51,80.0,10.0,21,19622,Not hit
189540,Hidden Horizon Remastered,2019-06-16,Survival,AA,39.99,$20-40,Paid,No,Yes,No,Verified,114700,1639,594,73.4,37.4,815,1527326,Not hit
161642,Silent Kingdom Remastered,2024-10-04,Casual,Indie,9.99,$5-10,Paid,No,No,No,Verified,1600,27,9,75.8,10.3,5,6638,Not hit
174888,Lost Tower Remastered,2022-04-04,RPG,Indie,19.99,$10-20,Paid,No,No,No,Unsupported,2900,50,24,68.9,21.4,11,19270,Not hit
120498,Dragon Legends,2021-09-11,Puzzle,Indie,9.99,$5-10,Paid,Yes,No,No,Unsupported,206400,4731,2048,69.8,4.4,789,708995,Not hit
179143,Golden Chronicles II,2017-10-23,Casual,Indie,9.99,$5-10,Paid,No,Yes,No,Playable,79100,2439,448,84.5,6.5,329,249474,Not hit
165786,Iron Empire Remastered: Origins,2022-03-01,Action,Indie,4.99,< $5,Paid,No,No,No,Verified,1700,36,17,68.1,29.4,4,3398,Not hit
179661,Golden Survivors: Origins,2023-09-12,Action,Indie,9.99,$5-10,Paid,No,No,No,Verified,19600,476,102,82.5,11.4,63,63268,Not hit
158164,Star Horizon,2018-12-08,Puzzle,Indie,9.99,$5-10,Paid,No,No,No,Unsupported,7500,191,28,87.6,6.2,4,24920,Not hit
135964,Mystic Arena Remastered,2025-04-26,Adventure,Indie,14.99,$10-20,Paid,No,No,No,Playable,7200,220,56,80.0,9.8,14,46704,Not hit
119610,Iron Horizon,2019-06-13,Action,Indie,19.99,$10-20,Paid,No,No,No,Verified,64200,1350,115,92.2,13.6,217,551103,Not hit
154575,Dragon Odyssey: Origins,2024-08-15,Adventure,Indie,24.99,$20-40,Paid,No,No,No,Unsupported,200,4,2,70.6,11.9,0,1580,Not hit
114023,Shadow Racer,2023-06-03,Action,AA,24.99,$20-40,Paid,No,No,Yes,Verified,144900,1987,526,79.1,18.1,251,1485410,Not hit
119980,Golden Hunter Remastered,2022-06-28,Casual,Indie,0.99,< $5,Paid,No,No,No,Unsupported,8600,198,82,70.8,8.9,34,3301,Not hit
153983,Star Dungeon Deluxe II,2022-08-23,Simulation,Indie,19.99,$10-20,Paid,Yes,No,No,Verified,5000,76,44,63.5,13.1,5,35724,Not hit
142957,Tiny Dungeon II,2016-01-21,Roguelike,Indie,9.99,$5-10,Paid,Yes,No,No,Playable,9600,137,123,53.0,37.1,27,40895,Not hit
134558,Lost Tactics Remastered,2022-08-06,Simulation,Indie,2.99,< $5,Paid,No,No,No,Verified,9000,274,74,78.8,18.2,33,10845,Not hit
144807,Golden Tower II,2024-06-04,Action,Indie,2.99,< $5,Paid,No,Yes,No,Verified,5900,85,42,67.7,9.6,26,6911,Not hit
154501,Star Empire 2,2019-10-21,Action,AA,39.99,$20-40,Paid,No,Yes,No,Verified,340400,6789,2040,76.9,25.4,2634,5699974,Not hit
113542,Pixel Empire Remastered,2020-12-22,Casual,Indie,9.99,$5-10,Paid,Yes,No,Yes,Verified,5800,58,33,64.4,7.9,11,25559,Not hit
149099,Dark Racer Remastered 2,2022-07-30,Adventure,Indie,19.99,$10-20,Paid,No,No,No,Playable,700,12,4,79.1,2.9,2,5491,Not hit
134447,Frozen Ocean Remastered,2024-08-02,Horror,AA,24.99,$20-40,Paid,No,No,No,Verified,74200,861,275,75.8,5.4,188,810672,Not hit
104736,Broken Tower,2017-02-22,Roguelike,AAA,59.99,$40+,Paid,No,No,No,Playable,976300,22713,1221,94.9,18.6,1711,24290696,Hit
104218,Last Legends,2020-02-25,Adventure,Indie,9.99,$5-10,Paid,No,No,No,Verified,74100,1775,159,91.8,8.6,70,276717,Not hit
136075,Last Horizon 2,2025-08-06,Roguelike,AAA,69.99,$40+,Paid,No,Yes,No,Unsupported,437700,5859,3087,65.5,19.4,2187,12994173,Not hit
104921,Golden Island Deluxe,2019-11-15,Survival,Indie,4.99,< $5,Paid,No,No,No,Verified,44300,1195,366,76.6,29.9,56,91018,Not hit
183583,Star Survivors Remastered Remastered,2024-01-21,Roguelike,Indie,4.99,< $5,Paid,No,No,No,Unsupported,9000,177,19,90.8,42.6,9,14948,Not hit
130340,Hidden Kingdom,2019-07-18,Simulation,Indie,4.99,< $5,Paid,Yes,No,No,Unsupported,1100,15,11,58.2,106.8,1,2033,Not hit
123347,Silent Frontier: Origins: Origins,2021-12-02,Adventure,AA,0.0,Free,Free,No,No,No,Verified,362900,6057,1553,79.6,20.8,575,281958,Not hit
155796,Golden Tower Remastered Remastered,2025-03-05,RPG,AA,29.99,$20-40,Paid,No,No,No,Unsupported,98700,2808,751,78.9,41.0,340,1234085,Not hit
176923,Hidden Colony: Origins,2025-11-26,Roguelike,Indie,2.99,< $5,Paid,No,No,No,Unsupported,8100,185,22,89.5,51.7,16,8174,Not hit
127454,Eternal Tactics Remastered,2022-12-13,Simulation,Indie,24.99,$20-40,Paid,Yes,No,No,Unsupported,12100,285,108,72.7,15.9,47,95714,Not hit
138295,Tiny Hunter Deluxe,2021-10-13,Survival,Indie,4.99,< $5,Paid,Yes,Yes,No,Unsupported,10100,199,149,57.4,77.0,49,16582,Not hit
141958,Tiny Horizon: Origins,2016-01-16,Horror,Indie,2.99,< $5,Paid,No,Yes,No,Verified,21200,292,67,81.4,6.8,141,27959,Not hit
172483,Silent Chronicles Deluxe,2025-01-08,Casual,AA,29.99,$20-40,Paid,No,No,No,Unsupported,71400,1142,663,63.3,13.5,161,819132,Not hit
158571,Frozen Protocol Remastered: Origins Deluxe,2021-07-30,Action,Indie,4.99,< $5,Paid,No,No,No,Unsupported,1400,28,17,62.3,17.8,1,2811,Not hit
139812,Cyber Legends 2,2023-03-04,Puzzle,Indie,9.99,$5-10,Paid,No,No,No,Verified,1600,44,10,83.1,6.7,0,5502,Not hit
134965,Hidden Ocean Remastered,2020-08-12,Simulation,Indie,2.99,< $5,Paid,No,Yes,No,Verified,27600,789,286,73.4,31.7,88,26423,Not hit
123680,Dragon Island Deluxe,2025-10-11,Casual,Indie,2.99,< $5,Paid,No,No,No,,21300,388,231,62.7,3.6,81,28745,Not hit
157905,Dragon Island Remastered,2017-12-06,RPG,Indie,0.99,< $5,Paid,Yes,No,No,Playable,80500,1945,695,73.7,39.5,128,28387,Not hit
143586,Lost Chronicles Remastered,2021-01-01,Horror,Indie,14.99,$10-20,Paid,Yes,No,No,Unsupported,11500,219,111,66.4,3.3,35,55922,Not hit
161679,Pixel Arena: Origins: Origins,2021-01-30,Racing,AA,19.99,$10-20,Paid,No,Yes,No,Unsupported,111900,2991,839,78.1,17.5,669,821374,Not hit
174925,Steel Dungeon: Origins,2016-02-15,Adventure,Indie,4.99,< $5,Paid,No,No,No,Verified,62900,1129,200,85.0,5.8,226,136158,Not hit
108325,Golden Survivors,2019-03-15,RPG,Indie,2.99,< $5,Paid,No,No,No,Verified,69200,2235,498,81.8,46.0,50,71550,Not hit
110989,Golden Chronicles,2024-03-13,Action,Indie,14.99,$10-20,Paid,No,No,No,Unsupported,15700,275,164,62.8,23.1,35,100644,Not hit
128342,Wild Chronicles Deluxe,2016-12-29,Survival,Indie,9.99,$5-10,Paid,Yes,Yes,No,Playable,5800,127,76,62.6,40.2,19,21487,Not hit
140959,Eternal Protocol Remastered,2021-02-15,RPG,AA,39.99,$20-40,Paid,No,No,No,Verified,101000,1311,515,71.8,32.7,132,1657119,Not hit
120572,Tiny Odyssey,2024-10-14,Strategy,Indie,9.99,$5-10,Paid,Yes,No,No,Playable,53100,1235,132,90.4,43.7,178,233788,Not hit
149950,Iron Odyssey Remastered,2021-03-11,Strategy,AA,29.99,$20-40,Paid,No,Yes,No,Unsupported,290900,7438,1324,84.9,120.7,1279,3183145,Hit
140626,Hidden League 2,2025-07-26,Simulation,Indie,2.99,< $5,Paid,No,No,No,Verified,12400,259,77,77.2,25.2,43,14627,Not hit
154242,Golden League Remastered,2016-10-22,Puzzle,Indie,14.99,$10-20,Paid,Yes,No,No,Verified,200,4,2,68.4,7.2,0,1081,Not hit
147101,Iron Frontier: Origins Deluxe,2018-07-16,Horror,Indie,24.99,$20-40,Paid,Yes,No,No,Playable,200,2,4,45.8,5.8,0,1602,Not hit
172964,Dark Chronicles Remastered,2025-03-05,Roguelike,AA,39.99,$20-40,Paid,No,No,No,Playable,90400,1795,395,82.0,35.5,93,1571971,Not hit
121497,Hidden Empire,2022-06-15,Adventure,Indie,9.99,$5-10,Paid,Yes,No,No,Verified,59700,1275,244,84.0,9.4,68,227724,Not hit
112765,Wild Legends 2,2025-04-27,Action,Indie,2.99,< $5,Paid,Yes,Yes,No,Verified,2200,22,14,61.6,51.6,13,2851,Not hit
176257,Dark Ocean Remastered,2021-11-22,Sports,Indie,14.99,$10-20,Paid,No,Yes,No,Unsupported,49600,1197,406,74.7,13.1,157,330096,Not hit
119166,Wild Protocol: Origins,2020-09-04,Adventure,Indie,14.99,$10-20,Paid,No,Yes,No,Verified,1100,17,10,64.9,9.3,3,5988,Not hit
138332,Steel Island: Origins,2020-11-19,Simulation,Indie,14.99,$10-20,Paid,No,Yes,No,Unsupported,4100,54,24,69.4,29.1,22,20464,Not hit
130081,Tiny Hunter Remastered,2024-05-27,Casual,Indie,24.99,$20-40,Paid,No,No,No,Verified,700,9,8,56.8,2.5,2,6425,Not hit
122644,Eternal Factory,2025-08-17,RPG,AA,19.99,$10-20,Paid,No,No,No,Playable,52300,900,448,66.8,29.3,129,334487,Not hit
141329,Eternal Tactics Remastered II,2017-06-05,Casual,Indie,14.99,$10-20,Paid,No,Yes,No,Verified,700,12,8,61.5,4.6,2,3850,Not hit
145917,Silent Arena: Origins,2020-02-03,Casual,AAA,59.99,$40+,Paid,No,No,No,Unsupported,1813900,19347,8019,70.7,7.1,3090,38194834,Not hit
176886,Crystal League Deluxe II,2022-09-12,Adventure,Indie,14.99,$10-20,Paid,No,Yes,No,Verified,14100,377,48,88.9,25.0,92,69361,Not hit
138628,Tiny Village: Origins,2024-04-15,Action,Indie,19.99,$10-20,Paid,No,Yes,Yes,Unsupported,259800,8564,1406,85.9,48.3,743,2039253,Hit
100555,Hidden Hunter,2021-02-13,Simulation,Indie,4.99,< $5,Paid,No,No,No,Verified,186000,6231,1092,85.1,21.5,174,335909,Hit
100888,Golden Arena,2019-10-22,RPG,AA,39.99,$20-40,Paid,No,No,No,Verified,10800,185,106,63.7,50.6,38,192509,Not hit
102516,Steel Chronicles,2022-08-03,Action,Indie,9.99,$5-10,Paid,No,Yes,No,Playable,6200,66,37,64.8,9.2,34,22294,Not hit
134373,Crystal Survivors II,2017-06-12,Simulation,Indie,9.99,$5-10,Paid,No,No,No,Unsupported,4600,124,51,71.2,26.3,7,17738,Not hit
119425,Neon Chronicles,2019-03-09,Action,AA,0.0,Free,Free,No,No,No,Playable,504800,8288,5832,58.7,5.0,749,245729,Not hit
172187,Lost Village: Origins,2018-10-14,Strategy,AAA,59.99,$40+,Paid,No,No,Yes,Verified,255200,4246,1980,68.2,24.8,191,4990851,Not hit
190428,Wild Island: Origins,2020-05-30,Racing,Indie,14.99,$10-20,Paid,No,Yes,No,Playable,4500,87,26,77.4,19.9,24,26097,Not hit
100111,Neon Village,2023-07-31,Racing,AA,0.0,Free,Free,No,Yes,Yes,Playable,2467300,59990,23330,72.0,48.7,7033,1540004,Not hit
163196,Dragon Village: Origins 2,2024-05-11,Casual,Indie,9.99,$5-10,Paid,No,No,No,Verified,31600,872,90,90.7,4.4,65,139641,Not hit
127861,Solar Village Deluxe,2019-07-21,Casual,AA,24.99,$20-40,Paid,No,No,No,Verified,118300,1814,76,96.0,2.2,322,947920,Hit
175147,Crystal Racer 2 2 Remastered,2022-09-20,Strategy,Indie,4.99,< $5,Paid,No,No,No,Playable,1600,41,17,71.3,81.8,6,2904,Not hit
107807,Eternal Racer,2025-08-28,Casual,Indie,0.99,< $5,Paid,No,No,No,Verified,73800,2080,720,74.3,5.2,180,32149,Not hit
164343,Dark Tactics Deluxe II,2023-09-05,Simulation,Indie,0.99,< $5,Paid,No,No,No,Unsupported,2700,67,39,64.1,12.0,4,1204,Not hit
123976,Cyber Tower Remastered,2018-06-07,Simulation,Indie,9.99,$5-10,Paid,No,No,No,Playable,33700,705,45,94.0,17.6,26,133395,Not hit
136667,Crystal Racer Deluxe,2020-07-17,Casual,Indie,19.99,$10-20,Paid,Yes,Yes,No,Verified,10500,160,71,69.4,5.3,61,91746,Not hit
179291,Star Kingdom 2 2,2016-05-22,Survival,Indie,4.99,< $5,Paid,Yes,No,No,Playable,29800,630,345,64.7,31.0,108,57478,Not hit
177589,Cyber Legends Remastered Remastered,2024-03-14,Adventure,Indie,0.99,< $5,Paid,No,No,No,Verified,8800,246,62,80.0,15.3,25,3277,Not hit
177515,Hidden Protocol II Deluxe,2018-02-14,Casual,Indie,4.99,< $5,Paid,No,No,No,Verified,700,17,7,70.9,9.2,2,1521,Not hit
180993,Rogue League Remastered,2020-03-28,Puzzle,Indie,2.99,< $5,Paid,No,No,No,Unsupported,4300,82,15,84.8,8.8,4,5491,Not hit
125789,Dragon Tower Remastered Deluxe,2020-03-20,Sports,Indie,4.99,< $5,Paid,No,Yes,No,Unsupported,9000,144,50,74.7,22.7,21,15015,Not hit
116169,Golden Colony,2023-02-27,Survival,Indie,9.99,$5-10,Paid,Yes,No,No,Verified,16200,193,84,69.9,37.0,36,68167,Not hit
115429,Broken Factory,2023-06-09,Survival,Indie,2.99,< $5,Paid,No,Yes,No,Verified,16200,473,135,77.8,62.9,70,21491,Not hit
137222,Broken Village,2017-11-08,Action,AA,19.99,$10-20,Paid,No,No,No,Playable,78200,909,505,64.3,23.0,164,502957,Not hit
158053,Dark Hunter 2 2,2021-12-08,Simulation,Indie,9.99,$5-10,Paid,No,No,No,Playable,129500,2840,615,82.2,42.2,416,408828,Hit
147952,Iron Dungeon,2016-10-20,Puzzle,Indie,14.99,$10-20,Paid,No,No,No,Playable,14200,273,15,95.0,15.5,27,83324,Not hit
141995,Broken Kingdom II,2020-11-17,Adventure,Indie,0.99,< $5,Paid,No,No,No,Playable,6000,132,52,71.9,4.2,9,2059,Not hit
182695,Dragon Hunter: Origins,2022-11-10,Strategy,Indie,4.99,< $5,Paid,No,Yes,No,Unsupported,800,9,4,73.3,14.1,4,1539,Not hit
117390,Void Horizon 2,2019-08-20,Horror,Indie,14.99,$10-20,Paid,No,No,No,Playable,211900,5978,1295,82.2,13.7,545,1196979,Hit
157054,Frozen Village Remastered Remastered,2019-03-17,Strategy,AA,39.99,$20-40,Paid,No,No,No,Verified,79900,2337,797,74.6,115.8,86,1404708,Not hit
183028,Void Village Remastered,2020-10-04,Simulation,Indie,0.0,Free,Free,Yes,No,No,Unsupported,1700,10,30,26.7,69.5,2,925,Not hit
137037,Eternal Ocean 2 II,2016-10-30,Action,Indie,14.99,$10-20,Paid,No,Yes,No,Playable,260200,5264,2593,67.0,12.7,651,1529000,Not hit
145251,Broken Village II,2021-11-30,Casual,AA,19.99,$10-20,Paid,No,No,No,Playable,6100,126,105,54.6,3.6,10,41772,Not hit
155352,Mystic Island,2020-04-09,Simulation,AAA,49.99,$40+,Paid,No,No,No,Verified,356100,6106,2168,73.8,26.3,362,7075082,Not hit
138184,Frozen Colony 2,2018-09-16,Action,Indie,19.99,$10-20,Paid,No,Yes,No,Playable,10600,282,94,75.2,11.8,82,82516,Not hit
159718,Solar Hunter 2,2021-07-06,Action,Indie,2.99,< $5,Paid,No,No,Yes,Playable,5800,147,53,73.6,6.0,5,7887,Not hit
145621,Rogue Protocol II Deluxe,2025-06-20,Action,Indie,9.99,$5-10,Paid,No,No,No,Playable,2100,41,20,68.7,12.5,1,8388,Not hit
120609,Broken Island,2021-02-16,Racing,Indie,4.99,< $5,Paid,No,No,No,Unsupported,9400,170,56,75.5,22.7,26,20016,Not hit
153650,Star Village 2,2018-11-16,Casual,Indie,9.99,$5-10,Paid,No,Yes,No,Playable,5000,70,37,66.0,14.4,17,18525,Not hit
187986,Eternal Legends II,2025-02-19,Roguelike,Indie,0.99,< $5,Paid,No,Yes,No,Verified,98000,3086,664,82.3,36.8,696,31219,Not hit
165009,Cyber Frontier Remastered,2018-03-25,Simulation,Indie,2.99,< $5,Paid,Yes,No,No,Verified,5400,101,52,66.3,39.7,2,6937,Not hit
184582,Lost Tower: Origins,2020-05-28,Simulation,Indie,14.99,$10-20,Paid,No,No,No,Playable,302100,10643,108,99,35.0,554,1726588,Hit
135446,Steel Island II,2025-12-30,Adventure,AA,39.99,$20-40,Paid,No,No,No,Verified,154900,1952,587,76.9,19.8,160,1987118,Not hit
148729,Wild Legends 2 Deluxe,2022-03-13,Action,Indie,9.99,$5-10,Paid,No,No,No,Verified,114000,2296,600,79.3,9.9,156,430125,Not hit
109916,Eternal Protocol II,2022-07-10,Adventure,Indie,0.99,< $5,Paid,No,No,No,Verified,18800,374,83,82.0,4.4,68,7353,Not hit
144030,Star Survivors Deluxe,2024-10-15,Survival,AA,39.99,$20-40,Paid,No,Yes,No,Playable,30900,622,183,77.3,149.4,201,405940,Not hit
117538,Void League: Origins,2024-11-17,Action,Indie,19.99,$10-20,Paid,Yes,Yes,No,Verified,6700,142,47,75.4,24.0,42,48916,Not hit
167118,Rogue Factory Remastered: Origins,2018-02-12,Action,AA,24.99,$20-40,Paid,No,No,No,,924800,21487,10206,67.8,17.8,2856,8794856,Not hit
152725,Last Chronicles Deluxe,2022-03-13,RPG,Indie,14.99,$10-20,Paid,No,No,No,Playable,40500,1510,93,94.2,111.2,124,223669,Not hit
155611,Golden Kingdom Remastered Deluxe,2025-07-25,RPG,Indie,14.99,$10-20,Paid,Yes,No,No,Playable,5400,113,55,67.8,22.1,19,28501,Not hit
117612,Dragon Survivors,2022-06-29,Adventure,Indie,2.99,< $5,Paid,Yes,No,No,Playable,14900,273,82,77.0,14.6,22,19849,Not hit
190095,Eternal Frontier Deluxe,2017-03-10,Adventure,Indie,9.99,$5-10,Paid,Yes,No,No,Unsupported,2800,53,25,68.0,7.0,1,11905,Not hit
171188,Wild Tactics Deluxe,2019-09-07,Strategy,Indie,14.99,$10-20,Paid,No,No,No,Unsupported,23300,597,237,71.6,17.5,52,143537,Not hit
104366,Golden Protocol Deluxe,2019-05-06,Roguelike,Indie,14.99,$10-20,Paid,No,No,No,Unsupported,2000,58,21,74.3,24.2,6,13627,Not hit
157757,Hidden Dungeon II,2017-02-04,Roguelike,Indie,9.99,$5-10,Paid,No,No,No,,26600,467,5,99,18.7,39,116056,Not hit
117279,Steel Island,2017-04-23,Casual,Indie,2.99,< $5,Paid,Yes,No,No,Verified,2500,26,14,66.7,20.2,6,2860,Not hit
121830,Neon Protocol II Deluxe,2020-12-12,Adventure,Indie,24.99,$20-40,Paid,No,Yes,No,Unsupported,1100,20,11,64.9,33.4,2,11557,Not hit
174962,Tiny Factory: Origins: Origins,2018-10-19,Survival,AA,24.99,$20-40,Paid,No,Yes,No,Verified,19264300,571404,58590,90.7,40.0,92288,208242729,Hit
129415,Golden Odyssey 2,2020-11-12,Action,Indie,2.99,< $5,Paid,Yes,No,No,Playable,1000,24,11,70.9,9.1,2,1229,Not hit
159866,Dark Racer: Origins,2019-02-11,RPG,Indie,14.99,$10-20,Paid,No,No,No,Playable,2700,86,19,82.5,47.6,1,13349,Not hit
183398,Last Ocean: Origins Deluxe,2018-10-14,Simulation,Indie,2.99,< $5,Paid,No,Yes,No,Verified,383800,10675,598,94.7,28.8,2547,373525,Hit
103034,Cyber Survivors,2024-01-25,RPG,Indie,9.99,$5-10,Paid,No,No,No,Verified,7800,184,37,83.5,93.5,8,28643,Not hit
132412,Golden Village 2,2024-08-29,Action,Indie,0.99,< $5,Paid,No,No,No,Playable,4100,80,25,76.3,5.4,15,1580,Not hit
184508,Shadow Empire II 2,2020-09-16,Horror,Indie,2.99,< $5,Paid,No,No,No,Playable,34900,605,102,85.7,8.9,114,43755,Not hit
129156,Pixel Survivors,2023-04-08,Casual,Indie,9.99,$5-10,Paid,No,No,No,Unsupported,3100,50,15,77.1,10.4,12,10549,Not hit
123199,Golden Village: Origins,2018-09-03,Casual,AA,19.99,$10-20,Paid,No,No,No,Unsupported,49800,1345,414,76.5,9.4,101,358499,Not hit
117131,Neon Village II,2025-07-25,Sports,AAA,69.99,$40+,Paid,No,No,Yes,Unsupported,99700,2411,1429,62.8,6.9,107,2566153,Not hit
167525,Iron Island Deluxe,2021-03-24,RPG,Indie,9.99,$5-10,Paid,No,No,No,Verified,2400,33,24,58.2,113.5,8,7607,Not hit
134262,Dark Ocean Deluxe,2017-11-16,Action,Indie,4.99,< $5,Paid,No,No,No,Playable,2400,62,23,73.3,29.1,4,4735,Not hit
128601,Eternal Empire,2018-04-03,RPG,Indie,14.99,$10-20,Paid,No,No,No,Unsupported,1100,15,7,71.8,44.5,2,7104,Not hit
179106,Pixel Kingdom: Origins,2022-12-11,Survival,Indie,0.0,Free,Free,No,No,No,Unsupported,51200,992,625,61.4,18.6,143,19059,Not hit
148359,Mystic Racer Remastered,2025-06-03,Action,Indie,4.99,< $5,Paid,No,Yes,No,Playable,200,3,4,49.0,11.7,0,386,Not hit
177293,Cyber Tower: Origins II,2025-04-26,Strategy,Indie,9.99,$5-10,Paid,No,Yes,No,Verified,56200,1480,570,72.2,20.6,221,199265,Not hit
107067,Lost League,2016-01-04,Puzzle,Indie,0.0,Free,Free,Yes,No,No,Verified,4600,103,71,59.7,1.6,9,6223,Not hit
130488,Iron Legends II,2024-05-08,Adventure,Indie,4.99,< $5,Paid,No,No,No,Verified,105700,1774,542,76.6,5.7,254,230429,Not hit
110101,Dark Dungeon,2024-12-04,Simulation,AAA,49.99,$40+,Paid,No,No,No,Playable,53200,589,377,61.0,32.7,29,880437,Not hit
168302,Dragon Racer II 2,2017-01-26,Casual,Indie,9.99,$5-10,Paid,Yes,No,No,Playable,2500,40,23,64.2,5.4,1,8647,Not hit
134891,Pixel Arena II,2021-06-19,Puzzle,Indie,9.99,$5-10,Paid,No,No,No,Playable,4500,69,18,80.3,14.2,3,20432,Not hit
169819,Dragon Tactics: Origins,2023-09-14,Action,Indie,9.99,$5-10,Paid,No,No,No,Unsupported,10500,139,43,76.6,8.8,15,36024,Not hit
176553,Cyber Ocean Deluxe,2024-05-16,Horror,Indie,2.99,< $5,Paid,No,Yes,No,Verified,275900,8010,871,90.2,5.7,1216,326248,Hit
146916,Solar Tower Remastered II,2025-01-04,Simulation,AA,0.0,Free,Free,No,No,Yes,Unsupported,415800,6569,5529,54.3,33.4,221,593747,Not hit
171632,Hidden Tactics 2 Deluxe II,2025-02-25,Roguelike,Indie,14.99,$10-20,Paid,No,No,No,Playable,600,11,5,74.2,40.3,0,3644,Not hit
129119,Frozen Odyssey,2024-11-13,Sports,AA,39.99,$20-40,Paid,No,No,Yes,Playable,226300,4858,905,84.3,25.8,244,3971631,Hit
149506,Rogue Horizon,2019-11-13,Action,Indie,0.0,Free,Free,Yes,Yes,No,Verified,3400,49,27,65.5,29.3,21,3092,Not hit
182066,Pixel Factory II,2020-10-29,Strategy,Indie,19.99,$10-20,Paid,No,No,No,Playable,50300,1107,205,84.4,81.7,90,317946,Not hit
138961,Crystal Racer 2 2,2022-01-14,Action,Indie,0.0,Free,Free,No,No,No,Verified,14100,168,97,63.7,19.6,33,4705,Not hit
115281,Silent Island,2021-06-12,Casual,Indie,2.99,< $5,Paid,No,No,Yes,Verified,2600,57,30,66.2,2.7,7,2477,Not hit
131635,Crystal Village,2025-02-11,Puzzle,AAA,59.99,$40+,Paid,No,No,Yes,Playable,108000,2716,780,77.7,7.8,256,2840688,Not hit
126529,Steel Protocol: Origins,2024-02-19,Casual,Indie,9.99,$5-10,Paid,Yes,No,No,Verified,19500,376,234,61.7,10.8,50,81617,Not hit
181252,Star Chronicles Deluxe Deluxe,2022-08-25,Action,AA,19.99,$10-20,Paid,No,No,No,Verified,372900,10061,2707,78.8,10.2,906,2740954,Not hit
142661,Neon Horizon Remastered,2022-04-01,Adventure,AA,0.0,Free,Free,No,No,No,Unsupported,985800,11923,6309,65.4,12.0,3083,959199,Not hit
154982,Hidden Factory II II,2016-12-29,Adventure,Indie,9.99,$5-10,Paid,No,No,No,Unsupported,1900,26,8,76.6,9.5,1,8054,Not hit
131450,Iron Racer,2021-06-17,Casual,Indie,4.99,< $5,Paid,No,No,No,Verified,1900,29,12,73.0,8.0,5,3553,Not hit
166378,Cyber Frontier Deluxe,2023-03-27,Adventure,AA,29.99,$20-40,Paid,No,No,Yes,Unsupported,26000,521,129,80.3,5.2,16,303338,Not hit
141477,Void Island,2025-08-20,Strategy,Indie,14.99,$10-20,Paid,No,No,No,Verified,11200,318,110,74.5,79.7,40,56812,Not hit
143845,Frozen Protocol Remastered,2018-09-30,Casual,Indie,9.99,$5-10,Paid,No,Yes,No,Playable,4300,84,34,71.4,7.8,24,18115,Not hit
180660,Lost Hunter: Origins,2018-10-18,Adventure,AA,0.0,Free,Free,No,No,No,Verified,340000,4375,797,84.6,7.1,1222,151423,Hit
122977,Neon Horizon,2021-06-09,Racing,Indie,9.99,$5-10,Paid,Yes,Yes,No,Playable,4400,63,39,61.9,20.7,7,16675,Not hit
139257,Golden Chronicles Deluxe,2022-02-06,Simulation,Indie,4.99,< $5,Paid,No,No,No,Playable,3400,42,28,61.0,55.4,11,7596,Not hit
134225,Steel Arena: Origins,2025-03-07,Roguelike,Indie,9.99,$5-10,Paid,No,No,No,Playable,2500,52,7,89.7,,4,7887,Not hit
151208,Star Frontier 2,2025-06-14,Action,Indie,4.99,< $5,Paid,No,Yes,No,Unsupported,45900,902,110,89.2,9.8,65,91861,Not hit
112395,Tiny Chronicles Deluxe,2020-08-08,Casual,Indie,9.99,$5-10,Paid,No,No,No,Unsupported,200,1,2,52.9,2.2,0,747,Not hit
107733,Solar Horizon 2,2024-11-16,Action,Indie,24.99,$20-40,Paid,No,No,No,Playable,10700,245,55,81.8,11.4,21,120702,Not hit
190687,Shadow Horizon Deluxe,2022-08-03,RPG,Indie,9.99,$5-10,Paid,No,No,No,Unsupported,29600,490,187,72.4,50.2,25,126780,Not hit
105809,Silent Arena,2022-06-25,Horror,Indie,9.99,$5-10,Paid,Yes,Yes,No,Playable,10700,187,147,56.1,8.8,53,42473,Not hit
146694,Broken Protocol II,2020-05-11,RPG,Indie,9.99,$5-10,Paid,No,No,No,Verified,67500,1575,251,86.3,88.7,79,245056,Not hit
146287,Pixel Chronicles: Origins Remastered,2023-10-23,Adventure,Indie,14.99,$10-20,Paid,No,No,No,Verified,17800,429,75,85.3,16.8,37,91332,Not hit
191575,Hidden Racer Remastered: Origins II,2025-08-16,Survival,Indie,4.99,< $5,Paid,No,Yes,No,Verified,7200,84,45,65.4,74.0,16,12821,Not hit
148914,Crystal League Deluxe,2025-08-03,RPG,AA,29.99,$20-40,Paid,No,Yes,Yes,Playable,438000,8659,5993,59.1,24.6,3186,5861104,Not hit
135705,Lost League 2: Origins,2025-04-04,RPG,Indie,0.0,Free,Free,No,No,No,Verified,24800,437,136,76.3,49.6,73,6957,Not hit
149543,Frozen Dungeon II 2,2025-07-16,RPG,AAA,59.99,$40+,Paid,No,No,Yes,Verified,3814800,122233,17943,87.2,104.9,13164,97337799,Hit
107622,Wild Island,2021-02-24,Simulation,Indie,9.99,$5-10,Paid,No,Yes,No,Verified,176400,3196,33,99,29.0,1255,591985,Hit
182917,Void Frontier 2,2020-11-28,Action,Indie,14.99,$10-20,Paid,No,Yes,No,Playable,12600,182,69,72.8,10.7,49,59588,Not hit
122570,Golden Racer: Origins,2016-11-27,Simulation,Indie,9.99,$5-10,Paid,No,No,No,Verified,38500,985,545,64.4,17.0,89,142682,Not hit
172520,Shadow Empire Deluxe Remastered,2022-12-23,RPG,AA,0.0,Free,Free,No,No,No,Playable,41100,903,687,56.8,33.3,127,27850,Not hit
120017,Mystic Legends 2,2016-10-20,Survival,AA,29.99,$20-40,Paid,No,Yes,No,Verified,12314600,390914,3949,99,69.9,67602,137683073,Hit
120202,Silent Colony Remastered,2020-01-21,Survival,Indie,2.99,< $5,Paid,Yes,Yes,No,Playable,14300,356,197,64.4,17.9,106,14187,Not hit
189022,Lost Legends: Origins,2017-11-07,Action,Indie,9.99,$5-10,Paid,No,Yes,No,Playable,74800,1087,117,90.3,8.8,511,269721,Not hit
117908,Shadow Dungeon Remastered,2019-04-08,Adventure,Indie,0.0,Free,Free,No,No,No,Unsupported,32100,771,227,77.3,21.0,45,40811,Not hit
140737,Lost Empire Deluxe Remastered,2023-12-21,RPG,Indie,2.99,< $5,Paid,No,No,No,Playable,4500,118,39,75.2,60.5,4,5463,Not hit
159533,Crystal Tower Deluxe,2018-03-24,Action,AA,24.99,$20-40,Paid,No,Yes,No,Verified,389000,7076,1904,78.8,10.0,2330,3289569,Not hit
166711,Silent Colony Deluxe Remastered,2019-06-22,Casual,Indie,24.99,$20-40,Paid,No,No,Yes,Playable,6200,97,29,77.2,5.2,16,55380,Not hit
126307,Last Island II: Origins,2022-04-13,Action,Indie,9.99,$5-10,Paid,Yes,No,No,Playable,4600,123,42,75.0,20.3,4,17085,Not hit
156536,Iron League Deluxe,2025-11-15,Casual,Indie,9.99,$5-10,Paid,No,No,No,Verified,800,15,11,60.8,3.4,1,2604,Not hit
164084,Wild Colony 2 II,2018-05-28,Racing,Indie,0.0,Free,Free,No,No,Yes,Verified,5500,75,57,57.4,9.2,16,9435,Not hit
155167,Broken Racer: Origins Remastered,2024-04-05,Horror,Indie,0.99,< $5,Paid,No,No,No,Verified,1200,13,10,58.4,7.2,2,470,Not hit
114134,Dark Racer,2021-03-19,Strategy,Indie,2.99,< $5,Paid,No,No,No,Playable,1600,56,6,91.8,22.9,3,1867,Not hit
183916,Iron Odyssey Deluxe,2025-10-02,RPG,Indie,0.99,< $5,Paid,No,No,No,Verified,17600,446,129,77.6,50.7,53,7188,Not hit
162937,Tiny Frontier II,2019-03-06,Adventure,Indie,19.99,$10-20,Paid,No,No,No,Verified,5400,110,28,79.9,41.9,15,40524,Not hit
144548,Dark Factory Deluxe II,2019-01-31,Casual,AA,19.99,$10-20,Paid,No,No,No,Playable,156000,3997,2023,66.4,0.9,441,1036712,Not hit
140404,Iron Island II,2022-03-28,Casual,Indie,14.99,$10-20,Paid,No,No,No,Playable,700,17,9,66.5,1.8,2,3644,Not hit
102331,Pixel Tactics,2020-03-17,Casual,AA,19.99,$10-20,Paid,No,No,No,Playable,48900,729,120,85.9,,71,333637,Not hit
110656,Star Chronicles,2016-07-23,Casual,Indie,9.99,$5-10,Paid,No,No,No,Playable,55000,1114,352,76.0,4.2,201,228679,Not hit
165712,Frozen Kingdom 2,2021-07-25,Strategy,Indie,9.99,$5-10,Paid,No,Yes,No,Unsupported,33800,521,137,79.2,40.3,122,141826,Not hit
190946,Tiny Colony Remastered,2019-10-03,Roguelike,Indie,14.99,$10-20,Paid,Yes,No,No,Unsupported,1600,30,24,57.1,26.2,4,9824,Not hit
122089,Silent Odyssey 2,2018-03-24,Adventure,AAA,59.99,$40+,Paid,No,No,No,Unsupported,522900,9928,5585,64.0,27.4,662,10877735,Not hit
103256,Shadow Ocean,2022-10-30,Strategy,AA,39.99,$20-40,Paid,No,No,Yes,Verified,287100,6259,1292,82.9,52.0,379,3991433,Hit
180068,Neon Survivors: Origins 2,2023-03-30,Simulation,Indie,2.99,< $5,Paid,Yes,No,No,Playable,6900,98,78,56.1,21.0,9,8562,Not hit
147989,Mystic Tower 2,2023-02-28,Roguelike,Indie,19.99,$10-20,Paid,No,No,No,Playable,4700,78,35,69.7,20.9,7,35090,Not hit
161420,Cyber Arena Deluxe,2024-03-22,Casual,Indie,19.99,$10-20,Paid,Yes,No,No,Playable,5500,73,29,71.8,17.3,13,38048,Not hit
120757,Lost Legends,2025-07-17,Strategy,Indie,9.99,$5-10,Paid,No,No,No,Playable,19000,487,14,97.3,16.8,14,62106,Not hit
125419,Steel Odyssey Remastered,2017-10-31,Puzzle,Indie,24.99,$20-40,Paid,No,No,No,Playable,7200,146,49,75.0,5.2,20,73402,Not hit
114985,Iron Legends,2016-06-08,Survival,AA,29.99,$20-40,Paid,No,Yes,No,Playable,162100,2862,1012,73.9,43.2,1017,1577409,Not hit
163973,Rogue Village: Origins,2017-07-29,Puzzle,Indie,4.99,< $5,Paid,No,No,No,Playable,3500,61,18,77.9,8.5,6,7574,Not hit
188652,Frozen Tower II,2023-02-18,Puzzle,Indie,4.99,< $5,Paid,No,No,No,Unsupported,1600,47,16,74.8,4.4,2,3557,Not hit
109287,Pixel Arena,2023-10-17,Simulation,AA,24.99,$20-40,Paid,No,No,No,Unsupported,14800,199,114,63.6,91.8,40,133941,Not hit
108177,Broken Colony,2024-04-28,Roguelike,AA,0.0,Free,Free,No,No,No,Verified,189400,3066,529,85.3,25.4,144,289446,Hit
189170,Cyber Colony Remastered Deluxe,2019-09-05,Casual,Indie,9.99,$5-10,Paid,No,No,No,Playable,700,9,4,69.5,10.6,1,2319,Not hit
184545,Steel Factory II,2025-09-21,Adventure,Indie,2.99,< $5,Paid,No,No,No,Playable,19500,299,101,74.9,5.9,60,24974,Not hit
110212,Shadow Dungeon,2024-11-09,RPG,Indie,9.99,$5-10,Paid,No,No,No,Playable,29100,522,240,68.6,25.0,52,124888,Not hit
162271,Lost Odyssey Remastered,2022-05-31,Sports,AAA,59.99,$40+,Paid,No,Yes,No,Unsupported,52400,656,729,47.4,49.1,310,992493,Not hit
123791,Void Dungeon: Origins,2025-01-08,RPG,AA,39.99,$20-40,Paid,No,No,No,Verified,76900,956,418,69.6,64.2,181,1132565,Not hit
170337,Crystal Tower II,2020-06-15,Action,Indie,2.99,< $5,Paid,No,No,No,Unsupported,19700,420,30,93.5,10.9,31,19840,Not hit
124124,Void Odyssey Deluxe II,2016-08-08,Puzzle,Indie,14.99,$10-20,Paid,No,No,No,Verified,13200,231,44,84.1,39.3,37,83134,Not hit
125974,Mystic Arena,2021-12-27,RPG,AA,24.99,$20-40,Paid,No,No,Yes,Playable,22400,231,143,61.8,33.0,27,194934,Not hit
120535,Wild Kingdom,2017-07-30,Strategy,AA,0.0,Free,Free,No,No,No,Verified,72800,840,420,66.7,34.4,262,24655,Not hit
149395,Golden Ocean,2025-01-24,Strategy,Indie,19.99,$10-20,Paid,No,No,No,Verified,2500,57,4,94.0,42.6,1,17209,Not hit
123717,Star Racer Deluxe,2022-06-29,Adventure,Indie,4.99,< $5,Paid,No,No,No,Verified,11600,207,104,66.6,23.5,43,22560,Not hit
175591,Solar Ocean: Origins,2023-12-07,Action,Indie,4.99,< $5,Paid,No,No,No,Unsupported,1800,33,17,67.4,10.5,4,3195,Not hit
159052,Iron Colony Deluxe,2020-09-16,Survival,Indie,14.99,$10-20,Paid,No,Yes,No,Playable,47900,1142,551,67.5,93.3,313,228676,Not hit
110619,Rogue Tactics,2024-03-09,Simulation,Indie,2.99,< $5,Paid,No,No,No,Playable,900,17,7,72.9,41.7,0,1200,Not hit
148063,Hidden Island II 2,2025-04-07,Action,AA,0.0,Free,Free,No,Yes,No,Unsupported,1216600,20780,8283,71.5,5.4,7627,1822581,Not hit
111988,Void Colony,2020-03-08,Action,Indie,2.99,< $5,Paid,No,No,No,Playable,6800,134,98,57.8,7.2,13,6716,Not hit
135372,Dragon Tactics II,2023-03-13,Horror,Indie,2.99,< $5,Paid,No,No,No,Playable,1200,31,13,71.4,4.2,2,1213,Not hit
148951,Star Empire Deluxe,2020-07-11,Simulation,Indie,9.99,$5-10,Paid,No,No,No,Verified,24700,468,71,86.9,70.2,86,93929,Not hit
160125,Cyber Horizon Deluxe,2024-03-23,Simulation,Indie,4.99,< $5,Paid,Yes,No,No,Playable,9900,263,95,73.6,21.8,19,19573,Not hit
163529,Eternal Survivors II,2018-02-15,Casual,Indie,4.99,< $5,Paid,Yes,No,No,Verified,87300,1126,280,80.1,3.6,55,147823,Not hit
184175,Steel Village Deluxe,2023-10-22,Sports,AAA,69.99,$40+,Paid,No,Yes,Yes,Unsupported,368000,8199,6443,56.0,23.8,1668,8233186,Not hit
150505,Golden Kingdom Remastered,2022-01-26,Sports,Indie,0.99,< $5,Paid,No,Yes,No,Unsupported,26600,520,334,61.0,51.9,205,10341,Not hit
179994,Eternal Colony Remastered,2017-06-06,Adventure,Indie,2.99,< $5,Paid,No,No,No,Verified,49200,1543,277,84.8,11.7,182,61763,Not hit
147138,Last Village,2021-04-15,RPG,Indie,9.99,$5-10,Paid,No,No,No,Verified,4100,109,36,75.4,26.6,9,13766,Not hit
133189,Eternal League,2021-08-08,Simulation,Indie,9.99,$5-10,Paid,No,Yes,No,Verified,31500,880,296,74.9,21.9,117,112578,Not hit
151393,Rogue Racer,2016-02-22,RPG,Indie,9.99,$5-10,Paid,No,No,No,Unsupported,12800,169,26,87.0,105.2,26,40539,Not hit
100481,Hidden Dungeon,2020-04-27,Adventure,Indie,24.99,$20-40,Paid,No,No,No,Unsupported,22100,623,157,79.9,10.1,52,210855,Not hit
144215,Dragon Horizon Remastered: Origins,2018-06-16,Simulation,Indie,24.99,$20-40,Paid,No,Yes,No,Verified,10100,233,77,75.4,57.5,60,101040,Not hit
107252,Golden Factory,2023-10-08,Survival,Indie,4.99,< $5,Paid,No,Yes,No,Verified,1000,13,7,68.9,12.3,3,2118,Not hit
153798,Eternal Legends Remastered,2020-05-07,Casual,Indie,0.99,< $5,Paid,No,No,No,Verified,19400,423,252,62.7,4.4,11,7840,Not hit
150431,Tiny Village II,2025-07-21,Casual,Indie,9.99,$5-10,Paid,No,No,No,Playable,5900,146,31,82.6,7.4,7,20723,Not hit
167895,Wild Colony Deluxe,2022-01-12,Casual,Indie,24.99,$20-40,Paid,No,No,No,Unsupported,3500,59,34,64.2,8.5,2,36979,Not hit
170115,Solar Tactics Deluxe,2020-02-10,Strategy,AA,24.99,$20-40,Paid,No,No,No,Unsupported,48000,822,205,80.1,26.0,52,473780,Not hit
180438,Pixel Horizon Remastered Deluxe,2017-01-17,Action,Indie,4.99,< $5,Paid,No,No,No,Unsupported,305900,6174,465,93.0,22.0,447,533762,Hit
138480,Steel Empire: Origins,2018-07-27,Survival,Indie,9.99,$5-10,Paid,No,Yes,No,Playable,36800,520,86,85.9,41.6,206,132478,Not hit
117057,Hidden Village Deluxe,2024-11-01,Casual,Indie,0.0,Free,Free,No,No,No,Verified,204200,4474,1119,80.0,5.6,122,112667,Hit
114911,Mystic Legends,2018-05-25,Racing,Indie,2.99,< $5,Paid,No,No,No,Unsupported,1800,38,14,73.2,5.7,5,2281,Not hit
110915,Shadow Survivors,2019-04-29,Horror,Indie,2.99,< $5,Paid,No,No,No,Unsupported,1000,24,11,69.7,38.9,3,1035,Not hit
167007,Pixel Ocean Remastered: Origins,2025-03-24,Simulation,Indie,14.99,$10-20,Paid,No,No,No,Playable,1400,27,10,74.7,37.5,1,8244,Not hit
104625,Dark Ocean,2025-07-06,Strategy,Indie,14.99,$10-20,Paid,Yes,Yes,No,Unsupported,5200,114,58,66.5,45.2,24,27124,Not hit
160532,Mystic Island: Origins,2025-06-15,Racing,Indie,4.99,< $5,Paid,No,No,No,Unsupported,1600,18,9,69.1,10.6,3,2751,Not hit
122015,Broken Colony 2 II,2025-04-04,Action,Indie,4.99,< $5,Paid,No,Yes,No,Playable,12900,210,64,76.8,8.4,87,22330,Not hit
181326,Mystic Frontier II,2025-05-16,Casual,Indie,19.99,$10-20,Paid,Yes,No,No,Unsupported,1500,12,13,50.6,2.5,3,13296,Not hit
192463,Mystic Chronicles,2023-06-29,Action,Indie,19.99,$10-20,Paid,No,No,No,Unsupported,5400,132,41,76.4,26.1,7,44412,Not hit
114615,Cyber Hunter Remastered,2024-02-11,Simulation,AA,24.99,$20-40,Paid,No,No,No,Playable,5000,62,21,75.3,88.8,6,54745,Not hit
103663,Steel Kingdom Deluxe,2025-06-13,Simulation,AA,0.0,Free,Free,No,No,No,Verified,2002600,62336,16471,79.1,51.8,4098,2134389,Not hit
167932,Shadow Protocol Deluxe 2,2021-06-07,Racing,Indie,9.99,$5-10,Paid,No,Yes,No,Verified,43300,622,105,85.6,12.3,313,190038,Not hit
148618,Steel Hunter 2,2022-09-05,Simulation,Indie,4.99,< $5,Paid,No,No,No,Playable,4300,91,57,61.5,39.8,6,8334,Not hit
179254,Dragon Arena Deluxe,2022-04-26,Adventure,Indie,2.99,< $5,Paid,No,No,No,Verified,16900,257,82,75.9,4.6,36,21819,Not hit
109213,Rogue Protocol,2025-08-17,Simulation,Indie,9.99,$5-10,Paid,Yes,No,No,Playable,2800,51,20,72.8,93.8,2,12334,Not hit
163455,Void Tower Remastered,2024-07-14,Casual,Indie,4.99,< $5,Paid,Yes,No,No,Unsupported,3900,105,45,70.6,12.8,10,8729,Not hit
130303,Lost Village 2: Origins,2024-03-25,Action,Indie,19.99,$10-20,Paid,No,Yes,No,Playable,7900,179,61,74.7,14.5,23,60810,Not hit
188911,Solar Ocean Remastered,2024-05-13,Roguelike,Indie,4.99,< $5,Paid,Yes,Yes,No,Verified,2700,59,26,70.3,14.8,6,5469,Not hit
163233,Golden Odyssey II,2021-01-17,Strategy,Indie,0.99,< $5,Paid,No,Yes,No,Playable,17400,345,123,73.9,81.6,90,6287,Not hit
125345,Steel Hunter II,2020-02-23,RPG,Indie,14.99,$10-20,Paid,No,No,Yes,Playable,6000,137,100,58.0,144.0,17,40719,Not hit
125937,Solar Survivors,2025-03-23,RPG,Indie,0.0,Free,Free,No,No,No,Unsupported,158600,2228,867,72.0,20.9,94,68468,Not hit
150098,Frozen Horizon: Origins,2019-10-15,Casual,Indie,14.99,$10-20,Paid,No,Yes,No,Playable,14500,343,63,84.7,5.4,60,96083,Not hit
115577,Shadow Ocean II,2021-01-29,Strategy,Indie,9.99,$5-10,Paid,No,No,Yes,Unsupported,4600,74,13,85.1,73.3,9,15554,Not hit
133707,Iron Frontier II,2022-04-09,Action,Indie,14.99,$10-20,Paid,No,No,No,Playable,2200,27,8,79.3,14.1,6,14103,Not hit
142328,Neon Legends Deluxe,2024-05-17,Racing,AA,29.99,$20-40,Paid,No,No,No,Playable,16000,416,197,68.0,12.0,47,210352,Not hit
108695,Broken Colony 2,2021-09-08,Adventure,Indie,14.99,$10-20,Paid,No,No,No,Playable,10400,255,78,76.7,4.1,15,66148,Not hit
165527,Crystal Hunter: Origins Remastered,2025-02-12,Puzzle,Indie,24.99,$20-40,Paid,No,No,No,Unsupported,600,10,6,68.1,9.1,0,6495,Not hit
137962,Void Legends 2,2019-02-10,Strategy,Indie,4.99,< $5,Paid,Yes,Yes,No,Verified,314300,8227,452,94.8,87.5,1653,706686,Hit
134521,Crystal Hunter 2,2022-01-18,Action,Indie,9.99,$5-10,Paid,Yes,Yes,No,Unsupported,2300,40,6,88.4,15.7,3,9601,Not hit
190391,Frozen Hunter: Origins,2023-09-14,Puzzle,AA,19.99,$10-20,Paid,No,No,No,Playable,174500,4424,1695,72.3,3.7,606,1299488,Not hit
127972,Tiny Empire Remastered,2022-12-12,Simulation,Indie,4.99,< $5,Paid,Yes,Yes,No,Playable,63200,1304,1004,56.5,30.6,209,110128,Not hit
150653,Shadow Racer 2,2023-09-06,RPG,Indie,9.99,$5-10,Paid,No,Yes,No,Verified,34600,825,283,74.5,100.3,43,125558,Not hit
165490,Void League Deluxe,2021-06-09,Action,AA,39.99,$20-40,Paid,No,Yes,No,Unsupported,99200,1393,862,61.8,12.0,308,1447738,Not hit
125456,Cyber Tower 2,2025-03-23,Puzzle,Indie,4.99,< $5,Paid,No,No,No,Verified,400,9,4,69.4,13.8,1,825,Not hit
139997,Golden Arena 2 2,2025-02-09,Adventure,Indie,9.99,$5-10,Paid,No,No,No,Verified,700,13,8,66.5,11.0,2,2440,Not hit
183990,Dragon Frontier Deluxe II,2022-12-25,Simulation,Indie,14.99,$10-20,Paid,No,Yes,No,Unsupported,10000,205,82,71.7,28.7,34,58853,Not hit
164269,Steel Legends: Origins: Origins,2016-02-13,Action,AAA,69.99,$40+,Paid,No,No,No,Unsupported,902900,24118,3289,88.0,7.0,2672,27504786,Hit
100259,Tiny Village,2024-12-24,Strategy,Indie,19.99,$10-20,Paid,No,Yes,No,Unsupported,102400,2103,130,94.2,66.6,506,703614,Hit
151837,Pixel Horizon Remastered,2023-02-05,RPG,AA,19.99,$10-20,Paid,No,No,Yes,Playable,529200,10286,4181,71.1,27.4,702,4358809,Not hit
151911,Steel Arena Remastered,2023-03-20,Simulation,Indie,0.0,Free,Free,No,Yes,No,Verified,112200,2135,447,82.7,121.4,650,136773,Hit
154871,Dragon Protocol II,2024-05-12,Simulation,Indie,24.99,$20-40,Paid,Yes,No,No,Unsupported,2900,29,28,52.4,21.6,4,28468,Not hit
110434,Shadow Tactics,2025-09-29,Adventure,AA,24.99,$20-40,Paid,No,No,No,Playable,33000,481,123,79.8,22.1,97,263025,Not hit
175295,Hidden Odyssey II,2022-05-30,Survival,Indie,24.99,$20-40,Paid,Yes,No,No,Playable,236300,5455,1182,82.2,29.8,855,2551254,Hit
152984,Star Arena: Origins,2019-09-05,Casual,Indie,0.99,< $5,Paid,No,No,No,Unsupported,4900,63,42,60.5,2.7,19,2068,Not hit
139405,Neon Tower: Origins,2024-12-21,Simulation,Indie,9.99,$5-10,Paid,No,No,No,Unsupported,2900,30,19,61.3,13.5,3,11753,Not hit
106549,Solar Racer Deluxe,2020-08-30,Action,Indie,19.99,$10-20,Paid,No,Yes,No,Verified,35200,931,389,70.6,25.8,111,231213,Not hit
126011,Lost League Deluxe,2016-04-27,Racing,Indie,9.99,$5-10,Paid,No,Yes,No,Unsupported,7500,146,39,79.0,9.5,10,24748,Not hit
166267,Neon Kingdom: Origins: Origins,2025-10-12,Strategy,Indie,9.99,$5-10,Paid,No,No,No,Unsupported,200,3,4,56.9,8.7,0,851,Not hit
179439,Solar Empire Remastered,2019-11-04,Puzzle,Indie,9.99,$5-10,Paid,No,No,No,Unsupported,13800,225,84,73.0,8.6,52,61544,Not hit
178366,Wild Frontier Remastered,2024-11-23,Strategy,Indie,14.99,$10-20,Paid,No,No,No,Playable,2800,71,27,72.6,48.7,4,16660,Not hit
177811,Silent Village II II,2024-02-20,Casual,AA,19.99,$10-20,Paid,No,No,Yes,Verified,305300,4789,1102,81.3,2.3,665,1979018,Hit
115836,Rogue League II,2023-07-04,Adventure,AA,29.99,$20-40,Paid,No,No,Yes,Verified,28300,591,259,69.6,6.0,82,308313,Not hit
110878,Dark Hunter,2025-09-25,RPG,Indie,2.99,< $5,Paid,Yes,Yes,No,Playable,50600,1408,72,95.2,71.0,310,54841,Not hit
162863,Lost Hunter Remastered,2024-10-17,Simulation,Indie,19.99,$10-20,Paid,No,Yes,No,Verified,1400,16,6,74.1,15.1,3,10422,Not hit
173075,Hidden Tactics II,2025-02-12,Survival,Indie,4.99,< $5,Paid,No,Yes,No,Verified,11500,234,151,61.0,128.2,46,24852,Not hit
151097,Shadow Survivors 2,2025-07-16,Simulation,Indie,9.99,$5-10,Paid,No,No,No,Unsupported,700,15,12,57.5,29.6,1,2758,Not hit
189466,Void Odyssey: Origins,2024-05-05,Action,Indie,0.99,< $5,Paid,No,Yes,No,Verified,26900,599,212,73.9,25.6,73,11890,Not hit
107178,Wild Chronicles 2,2016-08-19,Simulation,AA,0.0,Free,Free,No,No,No,Playable,2558700,60086,11446,84.0,21.5,9664,1316780,Hit
151171,Steel Island 2,2024-09-25,Survival,Indie,9.99,$5-10,Paid,No,Yes,,Playable,19900,332,97,77.4,36.8,103,76314,Not hit
137592,Pixel Protocol: Origins,2023-05-07,Racing,Indie,14.99,$10-20,Paid,Yes,No,No,Unsupported,500,12,6,67.4,11.6,1,3083,Not hit
143068,Broken Colony II II,2022-03-22,Strategy,AA,19.99,$10-20,Paid,No,No,No,Playable,8100,206,72,74.2,60.4,19,70600,Not hit
164935,Crystal Factory 2,2025-04-18,Action,AA,19.99,$10-20,Paid,No,Yes,Yes,Playable,124000,3278,1406,70.0,11.5,428,976028,Not hit
185877,Wild Hunter II,2016-01-18,Strategy,AA,39.99,$20-40,Paid,No,Yes,No,Unsupported,13649800,287755,40359,87.7,72.6,59722,243646627,Hit
132523,Steel Racer Remastered,2025-03-24,Action,Indie,19.99,$10-20,Paid,No,Yes,No,Playable,66300,1748,377,82.3,4.5,96,597548,Not hit
181844,Lost Island II,2023-08-11,Casual,Indie,19.99,$10-20,Paid,No,No,No,Verified,3200,68,38,64.3,8.6,4,27966,Not hit
160939,Golden Horizon: Origins,2018-06-18,Puzzle,Indie,0.0,Free,Free,No,No,No,Verified,88900,1884,656,74.2,18.3,264,68189,Not hit
162160,Frozen Tactics 2,2017-04-06,Adventure,AA,19.99,$10-20,Paid,No,No,No,Unsupported,993500,25801,5974,81.2,12.8,3714,8647540,Hit
106068,Cyber Horizon,2024-09-06,Simulation,Indie,9.99,$5-10,Paid,Yes,No,No,Playable,9000,145,62,70.2,39.7,14,30017,Not hit
125123,Silent Horizon,2018-09-15,Casual,Indie,4.99,< $5,Paid,Yes,No,Yes,Playable,128900,2308,1362,62.9,7.3,66,274293,Not hit
165268,Broken Village: Origins,2016-09-01,Survival,Indie,0.0,Free,Free,No,No,No,Playable,114100,2738,1278,68.2,117.8,302,39168,Not hit
133744,Wild Hunter 2,2016-12-06,Adventure,Indie,0.0,Free,Free,No,Yes,No,Playable,22400,413,172,70.6,13.9,150,8065,Not hit
147064,Rogue Protocol II II,2023-10-11,Action,Indie,9.99,$5-10,Paid,No,No,No,Playable,118900,2001,546,78.6,18.6,114,484900,Not hit
113912,Tiny Survivors 2,2021-06-19,Simulation,Indie,14.99,$10-20,Paid,No,No,No,Unsupported,1200,25,6,81.7,18.9,4,6564,Not hit
178773,Eternal Dungeon II Deluxe,2024-04-18,Adventure,Indie,4.99,< $5,Paid,No,No,No,Verified,23100,585,97,85.8,12.4,51,50441,Not hit
102294,Broken Ocean,2023-08-25,Adventure,Indie,9.99,$5-10,Paid,No,No,No,Verified,89800,1315,60,95.7,4.5,127,367081,Not hit
104033,Hidden Racer,2017-07-28,Action,Indie,9.99,$5-10,Paid,No,No,No,Playable,200,3,1,79.6,10.2,0,843,Not hit
166230,Star Empire 2 2,2025-06-11,Casual,Indie,9.99,$5-10,Paid,No,No,No,Playable,13100,298,109,73.4,3.8,31,57954,Not hit
167155,Last Hunter: Origins II,2017-05-25,Action,Indie,4.99,< $5,Paid,Yes,No,No,Playable,6600,97,40,71.2,21.0,4,11669,Not hit
173963,Wild Horizon: Origins II 2,2023-01-13,Action,Indie,4.99,< $5,Paid,No,No,No,Unsupported,8700,115,59,66.4,18.2,7,18688,Not hit
132338,Steel Chronicles II,2025-04-15,RPG,Indie,0.99,< $5,Paid,No,Yes,No,Verified,43200,853,172,83.3,88.0,155,15466,Not hit
136556,Golden Village: Origins: Origins,2025-06-24,Action,Indie,4.99,< $5,Paid,Yes,No,No,Unsupported,8800,92,49,65.6,17.1,27,18258,Not hit
179180,Silent Dungeon 2,2019-03-31,RPG,Indie,9.99,$5-10,Paid,No,Yes,No,Verified,2400,28,8,79.1,103.0,4,10322,Not hit
168006,Silent Racer Remastered,2018-10-24,Strategy,AA,29.99,$20-40,Paid,No,Yes,Yes,Unsupported,14800,415,176,70.3,53.6,113,182446,Not hit
117575,Lost Empire Deluxe,2018-01-20,Adventure,Indie,24.99,$20-40,Paid,No,No,No,Verified,6500,114,21,84.6,18.6,4,72035,Not hit
166896,Shadow Factory Remastered,2020-07-29,Simulation,Indie,14.99,$10-20,Paid,Yes,Yes,No,Unsupported,58800,1039,355,74.6,33.0,395,365374,Not hit
108621,Steel Legends: Origins,2023-11-01,Strategy,Indie,14.99,$10-20,Paid,No,Yes,No,Verified,5100,57,27,67.9,59.8,8,27386,Not hit
145695,Dark Racer Remastered,2025-08-18,Strategy,Indie,14.99,$10-20,Paid,No,No,No,Playable,14500,399,45,89.9,33.0,50,78679,Not hit
140885,Broken Ocean 2,2024-12-22,Adventure,Indie,4.99,< $5,Paid,Yes,No,No,Unsupported,13400,245,138,64.0,8.4,49,29612,Not hit
110175,Star Survivors,2025-07-28,Simulation,Indie,0.0,Free,Free,No,No,Yes,Unsupported,900,11,7,61.6,21.6,1,711,Not hit
132227,Star League 2,2023-09-19,Casual,Indie,9.99,$5-10,Paid,No,No,No,Verified,52500,769,102,88.3,4.9,169,170925,Not hit
146953,Solar Dungeon 2,2022-05-31,Adventure,Indie,9.99,$5-10,Paid,Yes,No,No,Verified,5600,88,28,76.0,8.4,17,21316,Not hit
170448,Broken Survivors 2 Remastered,2017-01-10,Action,Indie,14.99,$10-20,Paid,No,No,No,Verified,1100,20,7,77.0,12.1,1,7011,Not hit
164417,Solar Kingdom II,2016-08-23,Action,Indie,2.99,< $5,Paid,No,No,No,Verified,5700,193,14,93.6,11.2,7,7704,Not hit
119240,Steel Village,2025-10-04,RPG,Indie,9.99,$5-10,Paid,Yes,No,No,Playable,15700,299,196,60.5,90.5,25,55875,Not hit
166563,Lost Kingdom II II,2020-10-12,Simulation,AA,39.99,$20-40,Paid,No,No,Yes,Verified,775200,23117,6945,76.9,56.8,2483,12681823,Not hit
136112,Star Legends: Origins,2022-05-08,Adventure,Indie,0.0,Free,Free,No,No,No,Playable,647100,20858,3973,84.0,7.3,1456,866676,Hit
132301,Lost Horizon: Origins,2023-05-31,Casual,Indie,9.99,$5-10,Paid,No,No,No,Playable,5400,115,36,76.8,3.1,8,22325,Not hit
101406,Silent Chronicles,2023-09-13,RPG,Indie,14.99,$10-20,Paid,No,No,No,Unsupported,45600,1010,183,84.7,11.8,162,223220,Not hit
101443,Solar Arena,2021-02-01,Horror,Indie,14.99,$10-20,Paid,No,No,No,Playable,3100,46,16,75.0,1.3,10,16051,Not hit
187727,Dark Kingdom Remastered II,2018-06-17,Racing,Indie,14.99,$10-20,Paid,No,Yes,No,Unsupported,2100,31,16,67.7,25.8,6,10845,Not hit
189503,Iron League Deluxe 2,2025-04-08,Action,AAA,59.99,$40+,Paid,No,No,No,Unsupported,1248300,28246,16307,63.4,12.4,839,25787965,Not hit
166600,Iron Racer Deluxe: Origins,2021-08-24,Roguelike,AA,0.0,Free,Free,No,No,No,Verified,580400,15149,5050,75.0,42.0,734,484269,Not hit
191057,Golden Chronicles: Origins,2021-02-21,Horror,Indie,19.99,$10-20,Paid,No,No,No,Verified,66500,1643,231,87.7,16.0,118,501225,Not hit
183879,Neon Horizon: Origins,2022-05-05,RPG,Indie,4.99,< $5,Paid,No,No,No,Verified,13900,371,167,69.0,37.8,24,23720,Not hit
171114,Pixel Survivors Deluxe,2022-08-07,Puzzle,AA,24.99,$20-40,Paid,No,No,No,Playable,729600,20816,1860,91.8,12.3,2884,6776118,Hit
150246,Cyber Village II: Origins,2023-11-24,Roguelike,AA,19.99,$10-20,Paid,No,No,No,Playable,18000,336,148,69.6,10.6,20,142941,Not hit
188060,Steel Tower Deluxe,2025-01-28,Simulation,AAA,69.99,$40+,Paid,No,Yes,No,Playable,23313800,705650,123552,85.1,26.1,146762,645755655,Hit
111026,Iron Tower,2021-05-26,Simulation,Indie,9.99,$5-10,Paid,No,No,No,Unsupported,14500,296,78,79.4,17.6,45,65197,Not hit
151652,Silent Island: Origins II,2019-04-23,Simulation,Indie,19.99,$10-20,Paid,No,No,Yes,Verified,10900,309,93,77.1,13.4,35,73150,Not hit
117316,Last Frontier 2,2024-06-07,Roguelike,Indie,2.99,< $5,Paid,No,No,No,Verified,18400,460,80,85.3,6.5,41,24471,Not hit
149765,Broken Factory II 2,2019-05-12,Puzzle,Indie,0.99,< $5,Paid,No,No,No,Unsupported,13800,274,38,87.9,5.7,26,5561,Not hit
172853,Rogue Colony 2,2025-10-14,Strategy,Indie,14.99,$10-20,Paid,No,No,No,Playable,800,11,6,65.5,103.6,0,4023,Not hit
191760,Broken Protocol Remastered II,2016-05-07,Action,Indie,4.99,< $5,Paid,Yes,No,No,Playable,1700,24,18,57.6,14.8,6,3400,Not hit
185729,Eternal Dungeon 2,2023-10-26,Casual,Indie,19.99,$10-20,Paid,Yes,No,No,Unsupported,1700,36,19,66.5,5.4,3,11030,Not hit
113616,Mystic Dungeon,2019-12-13,Action,AA,0.0,Free,Free,No,Yes,No,Playable,656900,9797,6160,61.4,,4122,970637,Not hit
191168,Dark Tower: Origins 2,2025-01-19,Adventure,Indie,14.99,$10-20,Paid,Yes,No,No,Playable,4400,68,21,76.8,7.8,13,23515,Not hit
169338,Void Factory: Origins,2025-03-19,Action,Indie,2.99,< $5,Paid,No,No,No,Unsupported,24400,448,152,74.8,11.5,54,33150,Not hit
124679,Tiny League II 2,2018-06-16,Roguelike,AA,39.99,$20-40,Paid,No,No,No,Playable,29800,696,281,71.3,,49,380733,Not hit
174259,Lost Chronicles Deluxe,2025-09-16,Action,AA,29.99,$20-40,Paid,No,No,No,Playable,55200,973,385,71.7,7.2,182,644107,Not hit
187431,Steel Arena 2,2024-05-17,Racing,Indie,4.99,< $5,Paid,Yes,No,No,Playable,29900,645,171,79.1,7.5,33,50042,Not hit
181474,Wild League 2,2022-08-07,Casual,Indie,4.99,< $5,Paid,No,No,No,Verified,12800,176,105,62.7,3.0,38,26539,Not hit
185544,Golden Village 2 2,2017-04-16,Casual,Indie,4.99,< $5,Paid,No,No,No,Unsupported,600,13,9,62.7,5.2,0,1309,Not hit
174185,Solar Protocol: Origins 2,2022-01-29,Action,AAA,59.99,$40+,Paid,No,No,Yes,Unsupported,251200,2842,1284,68.9,28.0,460,6583555,Not hit
116687,Steel Arena II,2017-01-29,Simulation,Indie,14.99,$10-20,Paid,No,No,No,Playable,19000,679,54,92.7,20.6,53,93147,Not hit
163011,Neon Ocean Remastered 2,2025-01-17,Strategy,Indie,0.99,< $5,Paid,Yes,Yes,No,Playable,35200,455,404,53.0,140.2,217,12619,Not hit
168931,Lost Survivors II,2022-12-17,Action,AA,24.99,$20-40,Paid,No,No,No,Verified,165600,4858,1024,82.6,12.5,598,1474931,Hit
153835,Void Dungeon 2,2018-09-07,Action,Indie,9.99,$5-10,Paid,No,No,No,Verified,900,18,9,68.1,35.1,2,3041,Not hit
101295,Tiny Legends,2024-02-22,Racing,Indie,14.99,$10-20,Paid,No,No,No,Unsupported,4400,69,1,99,11.6,2,24334,Not hit
176960,Crystal Tactics Remastered,2020-07-22,Action,Indie,4.99,< $5,Paid,No,Yes,No,Unsupported,900,9,5,67.2,11.2,6,1807,Not hit
167599,Star Tower II II,2018-10-02,Casual,Indie,9.99,$5-10,Paid,No,No,,Verified,1500,32,15,69.6,4.6,5,6144,Not hit
138258,Hidden Island II,2025-02-01,Roguelike,Indie,4.99,< $5,Paid,No,No,No,Unsupported,6300,75,32,70.4,21.9,8,13290,Not hit
148433,Silent Survivors 2,2024-03-06,Strategy,Indie,0.0,Free,Free,No,Yes,No,Verified,202000,5546,1849,75.0,83.7,1550,292581,Not hit
116132,Rogue Island,2023-08-14,Simulation,Indie,4.99,< $5,Paid,No,No,No,Playable,119500,1642,404,80.3,10.6,312,199769,Hit
133337,Last Factory Remastered,2020-07-16,RPG,Indie,14.99,$10-20,Paid,No,Yes,No,Verified,5900,133,67,66.9,80.3,11,36406,Not hit
171521,Rogue Empire 2,2025-10-30,Adventure,AA,0.0,Free,Free,No,No,No,Verified,82700,1942,555,77.8,18.0,238,86725,Not hit
165897,Last Ocean Deluxe Deluxe,2017-02-18,Strategy,Indie,19.99,$10-20,Paid,No,Yes,No,Unsupported,16700,329,41,89.1,37.6,119,131329,Not hit
108251,Tiny Protocol II,2018-02-26,Action,Indie,0.99,< $5,Paid,No,Yes,No,Playable,12200,219,192,53.3,8.0,35,3839,Not hit
166748,Last Village 2,2020-07-29,Adventure,Indie,9.99,$5-10,Paid,No,No,No,Verified,1500,34,11,75.7,3.3,4,5938,Not hit
101554,Golden Protocol,2019-08-17,Simulation,AA,29.99,$20-40,Paid,No,No,No,Playable,62100,1122,397,73.9,37.6,198,844430,Not hit
121386,Solar Village 2,2022-10-22,Simulation,AA,24.99,$20-40,Paid,No,No,No,Playable,161400,3827,2510,60.4,30.0,113,1777889,Not hit
179550,Last Odyssey II,2022-01-19,Action,Indie,14.99,$10-20,Paid,No,No,No,Playable,12700,382,43,90.1,11.1,48,80959,Not hit
169042,Broken Village Remastered Deluxe,2025-01-11,Action,AA,0.0,Free,Free,No,No,No,Playable,114300,2019,995,67.0,12.1,294,51623,Not hit
186617,Steel Factory Remastered,2025-06-25,Horror,AAA,49.99,$40+,Paid,No,Yes,Yes,Unsupported,600200,10148,5021,66.9,3.2,3792,10951990,Not hit
115022,Cyber Protocol Remastered,2024-06-05,Action,AAA,49.99,$40+,Paid,No,No,No,Unsupported,254900,4515,2245,66.8,26.0,517,4598052,Not hit
121682,Dragon Empire,2019-08-23,Simulation,Indie,4.99,< $5,Paid,Yes,No,No,Unsupported,5600,97,38,72.5,39.1,4,9467,Not hit
113690,Void Tactics,2023-12-11,Simulation,AA,39.99,$20-40,Paid,No,No,No,Unsupported,209300,1998,1226,62.0,14.2,483,3773566,Not hit
174111,Pixel Odyssey 2 II,2024-01-13,Casual,Indie,14.99,$10-20,Paid,No,No,No,Verified,3500,42,27,61.9,7.1,2,23471,Not hit
107326,Solar Chronicles,2017-09-24,Action,Indie,0.99,< $5,Paid,No,No,No,Verified,34000,555,126,81.5,5.0,103,12439,Not hit
111137,Hidden Legends Deluxe,2021-01-31,Casual,Indie,19.99,$10-20,Paid,No,No,No,Playable,29900,374,101,78.8,4.7,98,266915,Not hit
183435,Eternal Factory Remastered,2019-01-07,Puzzle,Indie,14.99,$10-20,Paid,No,No,No,Playable,1600,29,10,76.8,8.6,4,8532,Not hit
188319,Tiny Dungeon II Remastered,2024-05-26,Simulation,Indie,9.99,$5-10,Paid,No,Yes,No,Playable,5600,101,39,72.7,44.0,5,25251,Not hit
168191,Tiny Island Remastered,2021-04-02,Roguelike,Indie,24.99,$20-40,Paid,No,No,No,Verified,1500,42,10,82.4,31.5,4,13640,Not hit
171743,Solar League: Origins,2021-10-19,RPG,Indie,0.99,< $5,Paid,Yes,No,No,Verified,11700,182,66,73.4,61.6,12,4354,Not hit
175702,Last Kingdom 2,2022-02-13,Strategy,Indie,2.99,< $5,Paid,No,Yes,No,Playable,7500,208,73,74.1,141.4,25,7531,Not hit
167266,Mystic Protocol 2,2024-02-13,Strategy,Indie,0.99,< $5,Paid,No,No,No,Playable,16400,354,14,96.4,58.0,46,7182,Not hit
103515,Frozen League,2022-07-01,Adventure,Indie,19.99,$10-20,Paid,Yes,No,No,Verified,16100,240,112,68.2,23.1,23,118029,Not hit
109102,Silent Protocol Remastered,2021-03-25,Simulation,Indie,4.99,< $5,Paid,No,No,No,Verified,159400,3231,328,90.8,45.1,521,323176,Hit
107659,Steel Arena,2018-10-09,Adventure,Indie,9.99,$5-10,Paid,No,No,No,Unsupported,45000,1300,313,80.6,13.2,120,142402,Not hit
132005,Cyber Island: Origins,2016-04-14,Strategy,Indie,9.99,$5-10,Paid,No,No,No,Verified,27800,868,73,92.3,17.5,107,100802,Not hit
112987,Tiny Hunter,2020-07-12,Strategy,Indie,2.99,< $5,Paid,No,Yes,No,Playable,5500,61,26,70.6,46.1,12,6097,Not hit
146324,Star Ocean Deluxe,2020-06-04,Adventure,Indie,24.99,$20-40,Paid,No,No,No,Verified,2500,29,12,71.1,7.0,8,24957,Not hit
119795,Steel Kingdom: Origins,2019-07-22,RPG,Indie,0.99,< $5,Paid,No,No,No,Verified,11400,264,150,63.8,27.5,7,4719,Not hit
162826,Pixel Odyssey Deluxe,2021-01-13,Action,Indie,14.99,$10-20,Paid,No,No,No,Unsupported,153500,2420,590,80.4,8.9,321,799534,Hit
148803,Mystic Racer II 2,2021-10-07,Adventure,Indie,2.99,< $5,Paid,Yes,No,No,Verified,12100,159,61,72.4,8.7,8,13193,Not hit
121312,Cyber Racer,2024-12-07,RPG,AA,39.99,$20-40,Paid,No,Yes,No,Playable,11400,190,107,64.3,62.0,13,160044,Not hit
162456,Eternal Empire Remastered,2024-03-13,Action,AAA,59.99,$40+,Paid,No,Yes,No,Unsupported,74900,831,353,70.2,9.4,335,1588643,Not hit
185618,Star Tactics Deluxe 2,2025-03-09,Racing,Indie,14.99,$10-20,Paid,No,No,No,Unsupported,2000,46,16,74.7,13.3,5,12254,Not hit
106623,Cyber Protocol,2018-03-18,Adventure,Indie,24.99,$20-40,Paid,No,No,Yes,Playable,49100,1379,95,93.6,7.1,61,457093,Not hit
109657,Pixel Colony 2,2020-08-13,RPG,Indie,9.99,$5-10,Paid,No,No,No,Unsupported,9000,242,84,74.4,43.9,32,28972,Not hit
186543,Hidden Chronicles 2,2024-09-11,Action,Indie,14.99,$10-20,Paid,No,No,No,Verified,18400,501,136,78.8,8.2,17,95292,Not hit
114541,Cyber Colony,2019-08-21,Simulation,Indie,9.99,$5-10,Paid,No,Yes,No,Playable,20700,429,263,62.0,15.8,57,80116,Not hit
133448,Iron Arena Remastered,2022-06-05,Adventure,Indie,4.99,< $5,Paid,No,No,No,Verified,64000,2151,74,96.7,13.0,82,121732,Not hit
124938,Silent Legends 2,2024-03-06,Casual,Indie,9.99,$5-10,Paid,No,No,No,Verified,500,10,6,65.1,4.0,1,1692,Not hit
169597,Void League Deluxe: Origins,2022-08-09,Sports,Indie,19.99,$10-20,Paid,No,Yes,No,Playable,18500,235,59,80.1,16.0,125,147229,Not hit
122496,Frozen Colony,2017-07-06,RPG,Indie,14.99,$10-20,Paid,No,No,Yes,Playable,20200,387,104,78.9,120.0,20,106421,Not hit
111248,Broken Horizon 2 II,2016-06-10,RPG,Indie,14.99,$10-20,Paid,No,Yes,No,Playable,6500,94,20,82.9,37.8,17,41294,Not hit
133004,Lost Colony 2,2025-12-27,RPG,Indie,14.99,$10-20,Paid,No,Yes,No,Unsupported,35300,823,556,59.7,79.9,202,232924,Not hit
126492,Lost Tactics,2025-12-23,Action,AA,24.99,$20-40,Paid,No,No,No,Unsupported,222500,3384,1514,69.1,23.7,876,1790614,Not hit
169708,Void Colony Remastered Remastered,2018-02-24,Casual,Indie,9.99,$5-10,Paid,Yes,Yes,No,Verified,6500,93,86,52.5,8.5,9,26236,Not hit
180771,Shadow Empire II,2023-06-07,Adventure,Indie,9.99,$5-10,Paid,No,No,No,Verified,15100,216,80,73.0,3.4,52,56648,Not hit
109065,Steel Frontier 2,2016-07-15,Horror,Indie,9.99,$5-10,Paid,No,No,No,Unsupported,93100,2794,250,91.8,4.4,96,372013,Not hit
143623,Hidden Dungeon: Origins Remastered,2019-12-11,Strategy,Indie,9.99,$5-10,Paid,No,Yes,No,Playable,4300,53,31,63.1,36.1,21,14870,Not hit
101480,Neon Ocean,2017-12-05,Action,AA,39.99,$20-40,Paid,No,No,No,Playable,17800,333,230,59.3,5.2,27,270695,Not hit
156277,Cyber League: Origins II,2024-02-06,Adventure,AA,24.99,$20-40,Paid,No,No,No,Verified,343300,9041,537,94.4,7.2,507,3424607,Hit
180882,Solar Dungeon 2 Deluxe,2023-08-25,Simulation,Indie,4.99,< $5,Paid,No,No,No,Playable,300,4,4,57.6,11.2,0,641,Not hit
128749,Cyber Tower 2: Origins,2020-02-27,Action,Indie,2.99,< $5,Paid,No,No,No,Playable,3800,81,46,64.4,17.9,11,5124,Not hit
107104,Silent Tower,2024-01-22,Simulation,Indie,9.99,$5-10,Paid,No,Yes,No,Unsupported,126800,3441,834,80.5,56.9,370,448852,Hit
181215,Cyber Kingdom 2,2023-01-10,Adventure,Indie,24.99,$20-40,Paid,Yes,No,Yes,Verified,31800,697,219,76.2,11.1,64,326237,Not hit
178329,Steel Legends Remastered,2025-07-07,Adventure,Indie,19.99,$10-20,Paid,No,No,No,Playable,34700,876,164,84.3,4.4,56,265175,Not hit
115725,Neon Racer Deluxe,2021-07-21,RPG,Indie,2.99,< $5,Paid,No,No,No,Unsupported,22700,373,49,88.5,21.8,22,27077,Not hit
169893,Void Hunter,2020-01-19,Puzzle,Indie,0.0,Free,Free,No,No,No,Playable,1700,21,17,56.2,5.0,5,421,Not hit
125641,Frozen Dungeon II,2016-01-12,Simulation,AA,39.99,$20-40,Paid,No,Yes,No,Playable,603200,10050,3386,74.8,27.7,2808,9870561,Not hit
170004,Neon Tower 2,2020-03-03,Action,Indie,0.99,< $5,Paid,Yes,Yes,Yes,Unsupported,1500,21,19,53.5,9.6,10,538,Not hit
128638,Silent Survivors Remastered,2018-01-21,Simulation,Indie,4.99,< $5,Paid,No,No,No,Unsupported,117200,2164,144,93.8,50.6,405,233343,Hit
177034,Hidden Dungeon II II,2023-02-06,Adventure,AAA,59.99,$40+,Paid,No,No,Yes,Unsupported,2505600,71537,13424,84.2,4.4,8762,49571981,Hit
120276,Dragon Island II 2,2016-07-29,Simulation,Indie,4.99,< $5,Paid,No,No,No,Playable,24800,526,282,65.2,125.1,72,49741,Not hit
137555,Tiny Tactics,2025-12-29,Adventure,Indie,4.99,< $5,Paid,No,No,Yes,Verified,9100,138,91,60.3,7.5,29,15647,Not hit
127713,Star Empire Remastered,2024-03-08,RPG,Indie,9.99,$5-10,Paid,No,No,No,Verified,11100,339,42,89.0,24.6,39,40044,Not hit
132375,Frozen Odyssey II,2021-09-26,Action,Indie,2.99,< $5,Paid,No,No,No,Verified,15100,370,159,70.0,5.1,53,17223,Not hit
173260,Frozen League Remastered: Origins,2020-09-11,Casual,Indie,9.99,$5-10,Paid,No,No,No,Verified,1800,21,16,57.4,3.9,5,6484,Not hit
122607,Lost Colony,2020-09-16,Action,Indie,9.99,$5-10,Paid,No,Yes,No,Playable,1000,28,7,81.1,15.6,5,4342,Not hit
155500,Solar Tactics,2019-04-30,Racing,Indie,9.99,$5-10,Paid,No,Yes,No,Playable,4900,134,48,73.8,23.0,13,21392,Not hit
147545,Void Chronicles II 2,2023-07-28,Casual,Indie,2.99,< $5,Paid,No,No,No,Verified,252800,9290,94,99,3.1,647,326602,Hit
169930,Frozen Tactics Remastered: Origins,2022-09-01,Casual,Indie,19.99,$10-20,Paid,No,No,No,Playable,10800,149,80,65.1,7.8,34,74638,Not hit
144622,Dragon Empire Deluxe,2019-01-18,Adventure,Indie,19.99,$10-20,Paid,No,No,No,Verified,4000,58,17,78.6,4.7,6,33322,Not hit
180327,Star Arena Remastered 2 Deluxe,2024-03-16,Action,Indie,9.99,$5-10,Paid,Yes,No,No,Unsupported,8800,115,58,66.8,11.1,15,30028,Not hit
134484,Lost Legends II,2023-07-04,Adventure,Indie,2.99,< $5,Paid,No,No,No,Verified,3900,58,15,80.0,37.8,6,4263,Not hit
105032,Cyber Village,2024-10-18,Strategy,Indie,4.99,< $5,Paid,No,No,No,Playable,9400,134,45,74.9,42.0,8,19745,Not hit
160717,Pixel Colony Deluxe 2,2021-05-26,Survival,Indie,0.0,Free,Free,No,No,No,Verified,33400,854,119,87.8,18.0,91,51980,Not hit
185914,Hidden Kingdom: Origins: Origins,2023-11-30,Adventure,Indie,4.99,< $5,Paid,No,No,No,Unsupported,28600,419,114,78.7,43.6,62,52154,Not hit
122274,Dragon Tower Remastered,2019-04-26,Puzzle,Indie,0.99,< $5,Paid,No,Yes,No,Verified,2500,49,33,60.6,4.9,16,832,Not hit
164713,Frozen Tower Deluxe,2024-05-30,Casual,Indie,14.99,$10-20,Paid,No,No,No,Unsupported,7400,145,82,64.0,3.8,17,42668,Not hit
188874,Eternal Horizon II,2020-12-10,Action,Indie,2.99,< $5,Paid,No,No,No,Playable,4400,62,28,69.4,13.3,9,5583,Not hit
177256,Golden Frontier II 2,2018-09-27,Roguelike,Indie,19.99,$10-20,Paid,No,Yes,No,Verified,6100,168,35,83.0,84.8,35,43745,Not hit
146213,Lost Factory,2022-09-03,Roguelike,Indie,9.99,$5-10,Paid,Yes,Yes,No,Unsupported,22200,647,98,86.9,45.0,118,85426,Not hit
135557,Last Colony,2024-12-25,Survival,AA,29.99,$20-40,Paid,No,Yes,No,Verified,94500,1811,436,80.6,142.0,241,1011284,Not hit
106142,Dragon Factory,2025-05-14,RPG,Indie,14.99,$10-20,Paid,No,No,No,Verified,24900,648,311,67.6,55.0,82,169464,Not hit
178699,Dark Dungeon Deluxe: Origins,2017-04-14,RPG,Indie,4.99,< $5,Paid,No,No,No,Playable,10600,271,88,75.6,36.5,9,22309,Not hit
152096,Star League II,2020-07-31,Simulation,AA,24.99,$20-40,Paid,No,No,No,Verified,9100,148,80,65.2,27.4,14,76342,Not hit
137740,Silent Hunter: Origins,2024-05-18,RPG,Indie,2.99,< $5,Paid,No,No,,Unsupported,18400,283,49,85.3,84.0,34,18072,Not hit
106956,Void Chronicles,2025-04-21,Adventure,Indie,14.99,$10-20,Paid,No,No,No,Verified,400,9,5,69.9,4.8,1,2633,Not hit
148581,Lost Survivors: Origins 2,2025-11-25,Adventure,Indie,4.99,< $5,Paid,No,No,Yes,Playable,287400,7953,655,92.4,7.1,909,646516,Hit
150875,Neon Factory,2023-09-24,Horror,Indie,14.99,$10-20,Paid,Yes,No,No,Verified,148800,3045,31,99,6.6,401,887096,Hit
134188,Frozen League II,2022-02-28,Racing,Indie,4.99,< $5,Paid,Yes,Yes,No,Playable,8800,125,65,66.0,12.5,53,15501,Not hit
190724,Iron Hunter: Origins,2022-07-22,Horror,Indie,9.99,$5-10,Paid,No,No,No,Playable,200,3,2,61.6,14.8,0,821,Not hit
134854,Cyber Frontier: Origins,2025-04-10,Simulation,AA,19.99,$10-20,Paid,No,No,No,Playable,91300,1667,192,89.7,29.3,243,692234,Not hit
166674,Frozen Legends Deluxe Deluxe,2022-06-15,Strategy,Indie,2.99,< $5,Paid,Yes,Yes,No,Verified,4100,117,43,73.7,60.8,4,4583,Not hit
171040,Cyber Odyssey II 2,2023-03-26,RPG,Indie,4.99,< $5,Paid,Yes,No,No,Playable,10209300,297310,6378,97.9,62.5,35816,19482440,Hit
141292,Cyber Odyssey II,2024-02-03,Casual,Indie,4.99,< $5,Paid,No,No,No,Playable,4900,67,30,70.0,7.4,4,9562,Not hit
159903,Lost Tactics Deluxe,2020-02-02,Casual,Indie,4.99,< $5,Paid,No,No,No,Verified,41900,1339,319,80.8,6.6,107,92754,Not hit
162012,Pixel Kingdom Remastered,2024-01-03,Action,AA,29.99,$20-40,Paid,No,No,Yes,Unsupported,112100,1407,732,65.8,18.1,261,1464609,Not hit
140108,Iron Survivors 2,2023-07-17,Racing,Indie,0.99,< $5,Paid,No,No,No,Verified,31100,491,181,73.1,11.4,73,11041,Not hit
114430,Star Frontier,2019-02-09,RPG,AA,0.0,Free,Free,No,Yes,No,Verified,23104700,555520,114589,82.9,60.4,160396,9977455,Hit
126677,Neon Hunter Remastered Remastered,2022-05-29,Adventure,Indie,14.99,$10-20,Paid,Yes,No,No,Playable,27400,555,256,68.5,18.2,58,130190,Not hit
143438,Crystal Frontier II,2020-04-11,Simulation,Indie,4.99,< $5,Paid,Yes,No,No,Verified,393100,7406,3175,70.0,14.8,1076,675751,Not hit
172335,Pixel Island: Origins 2 Remastered,2023-10-10,Roguelike,AA,24.99,$20-40,Paid,No,No,No,Playable,9600,172,85,67.0,9.7,15,90646,Not hit
102923,Void League,2020-03-21,Action,Indie,4.99,< $5,Paid,No,Yes,No,Verified,300,2,4,48.2,14.7,1,646,Not hit
142772,Crystal Village II,2025-10-03,Horror,Indie,19.99,$10-20,Paid,No,No,No,Unsupported,700,12,4,78.5,9.7,1,4959,Not hit
118426,Pixel Protocol 2 Deluxe,2021-01-31,Action,Indie,9.99,$5-10,Paid,No,No,No,Unsupported,59200,1750,212,89.2,5.1,179,264417,Not hit
126751,Pixel Colony Deluxe: Origins,2016-12-23,Strategy,Indie,4.99,< $5,Paid,No,Yes,No,Playable,3800,58,20,74.5,35.8,9,7347,Not hit
124198,Silent Odyssey Remastered,2021-05-02,Puzzle,Indie,0.99,< $5,Paid,No,No,No,Unsupported,9100,282,38,88.4,19.4,35,3849,Not hit
186691,Hidden Island Remastered,2024-11-11,Puzzle,Indie,24.99,$20-40,Paid,No,No,No,Playable,7600,134,13,91.4,5.5,26,84751,Not hit
118833,Crystal Frontier Remastered,2025-11-07,Strategy,Indie,14.99,$10-20,Paid,No,No,No,Verified,2100,34,1,99,89.0,3,11592,Not hit
116835,Golden Dungeon Remastered,2019-10-24,Horror,Indie,9.99,$5-10,Paid,No,Yes,No,Verified,8000,203,107,65.6,3.9,59,25962,Not hit
137777,Frozen Frontier II,2021-01-15,Action,Indie,9.99,$5-10,Paid,No,No,No,Playable,15200,401,86,82.5,6.4,40,48864,Not hit
189096,Steel Tactics II,2024-10-15,Simulation,Indie,9.99,$5-10,Paid,No,No,No,Verified,4700,141,44,76.5,33.1,16,18185,Not hit
116761,Dark Tactics 2,2023-10-31,RPG,Indie,2.99,< $5,Paid,No,Yes,No,Unsupported,63500,1595,412,79.5,40.8,227,69415,Not hit
142365,Golden Tactics 2 Deluxe,2023-09-13,Adventure,AA,29.99,$20-40,Paid,No,No,Yes,Playable,27300,500,221,69.4,8.4,35,272087,Not hit
102701,Mystic Tactics,2024-09-07,Survival,Indie,9.99,$5-10,Paid,Yes,Yes,No,Playable,1100,8,11,44.7,73.0,3,4529,Not hit
164491,Pixel Frontier II,2020-09-10,Casual,AA,39.99,$20-40,Paid,No,No,No,Verified,7200,80,47,63.2,10.6,14,116132,Not hit
142883,Cyber Dungeon,2023-08-01,Horror,Indie,2.99,< $5,Paid,Yes,No,No,Verified,5000,55,23,71.1,13.2,7,5422,Not hit
162086,Frozen Frontier: Origins,2021-09-09,Racing,Indie,14.99,$10-20,Paid,No,No,No,Verified,14800,360,119,75.2,11.8,13,83563,Not hit
128971,Golden Legends Deluxe,2022-05-31,Action,AAA,59.99,$40+,Paid,No,No,Yes,Playable,1145000,24105,5043,82.7,12.5,3252,28829080,Hit
150209,Golden Hunter 2,2023-09-06,Puzzle,AA,39.99,$20-40,Paid,No,No,No,Verified,6700,167,62,73.2,7.3,7,110162,Not hit
155315,Hidden Tower Remastered,2023-07-12,Casual,Indie,2.99,< $5,Paid,Yes,No,No,Playable,9600,224,34,87.2,7.8,31,12888,Not hit
166304,Golden Village Remastered II,2025-07-12,Sports,AAA,69.99,$40+,Paid,No,Yes,Yes,Unsupported,628000,14590,4838,75.1,62.1,2172,19335193,Not hit
140145,Solar Tower Deluxe,2022-10-18,Action,Indie,9.99,$5-10,Paid,No,No,No,Verified,400,4,2,68.9,15.2,0,1576,Not hit
156055,Pixel Dungeon 2,2018-01-14,Action,Indie,14.99,$10-20,Paid,No,No,No,Playable,44200,562,106,84.2,9.9,35,280452,Not hit
144178,Broken Ocean: Origins II,2024-11-05,Casual,Indie,9.99,$5-10,Paid,Yes,No,No,Playable,15900,268,60,82.0,4.0,59,67386,Not hit
133670,Mystic Protocol,2021-08-13,Survival,AA,29.99,$20-40,Paid,No,Yes,No,Playable,66600,1334,344,79.5,49.4,164,907736,Not hit
181770,Shadow Survivors II,2023-07-16,Sports,Indie,9.99,$5-10,Paid,Yes,Yes,No,Verified,1400,17,14,56.2,84.4,3,5420,Not hit
159237,Crystal Tower Remastered,2016-12-18,Casual,Indie,9.99,$5-10,Paid,No,No,No,Playable,15000,460,19,96.2,2.9,14,49899,Not hit
122681,Solar Island: Origins,2020-04-08,Action,Indie,2.99,< $5,Paid,No,No,Yes,Playable,41200,857,506,62.9,10.9,164,46753,Not hit
159496,Star Factory II,2022-09-23,Roguelike,Indie,0.99,< $5,Paid,No,No,No,Playable,1400,33,15,68.8,,3,604,Not hit
162567,Void Village II,2022-08-07,Strategy,Indie,2.99,< $5,Paid,No,No,No,Verified,5000,105,22,83.3,111.4,7,5885,Not hit
184656,Cyber Arena Remastered,2022-04-04,Action,Indie,0.99,< $5,Paid,Yes,No,No,Playable,50600,1537,450,77.4,8.0,98,16018,Not hit
152836,Tiny Frontier Remastered: Origins,2022-11-24,RPG,Indie,2.99,< $5,Paid,No,Yes,No,Verified,4400,66,36,65.0,25.9,17,5719,Not hit
184952,Golden Horizon Remastered Remastered,2023-06-29,Simulation,AAA,0.0,Free,Free,No,No,No,Playable,3721800,45194,25422,64.0,17.9,7722,4287991,Not hit
182991,Tiny Ocean II,2017-07-03,Simulation,Indie,0.99,< $5,Paid,No,No,No,Playable,2800,52,21,71.7,50.8,9,947,Not hit
173852,Eternal League 2 Deluxe,2023-04-21,Action,AA,39.99,$20-40,Paid,No,No,No,Unsupported,141000,2788,1343,67.5,13.7,535,2276807,Not hit
107511,Solar Island,2023-01-21,Strategy,Indie,0.99,< $5,Paid,No,Yes,No,Unsupported,87500,1379,271,83.6,65.7,486,37238,Not hit
180697,Tiny Empire: Origins,2017-11-20,Action,AA,29.99,$20-40,Paid,No,No,No,Verified,100200,1809,945,65.7,5.2,140,1334652,Not hit
187949,Golden Frontier Deluxe Remastered,2019-07-02,Racing,Indie,9.99,$5-10,Paid,Yes,Yes,No,Unsupported,3700,87,30,75.0,14.3,25,14562,Not hit
175887,Star Horizon: Origins,2019-11-28,Action,Indie,0.0,Free,Free,No,Yes,No,Verified,241700,6849,2547,72.9,7.3,1890,179388,Not hit
169412,Pixel Tower,2023-11-18,Adventure,Indie,19.99,$10-20,Paid,No,No,No,Unsupported,300,7,4,64.4,8.5,1,2640,Not hit
110249,Tiny Ocean: Origins,2023-10-29,Puzzle,AA,29.99,$20-40,Paid,No,No,Yes,Playable,66800,1165,404,74.3,6.5,60,817882,Not hit
170078,Rogue Tactics II,2021-12-05,Strategy,Indie,9.99,$5-10,Paid,No,No,No,Unsupported,354000,12133,653,94.9,17.9,1400,1384377,Hit
174407,Lost Odyssey Deluxe 2,2019-05-21,Adventure,Indie,9.99,$5-10,Paid,No,No,No,Playable,9000,132,22,86.2,4.5,9,39330,Not hit
151948,Neon Arena Deluxe,2024-07-24,Adventure,AA,24.99,$20-40,Paid,No,No,No,Verified,139100,2368,841,73.8,5.5,273,1259743,Not hit
133485,Broken Racer Remastered,2018-06-28,Sports,Indie,0.0,Free,Free,No,Yes,No,Verified,2900,20,34,38.8,24.1,10,2332,Not hit
130784,Broken Colony Deluxe II,2022-06-03,Racing,Indie,4.99,< $5,Paid,No,Yes,No,Playable,200,2,3,50.0,9.4,0,328,Not hit
158275,Silent Arena Remastered,2020-10-15,Adventure,AA,29.99,$20-40,Paid,No,No,No,Unsupported,684100,21809,3433,86.4,6.4,1363,7921763,Hit
127528,Broken Colony Deluxe,2021-09-22,Action,Indie,19.99,$10-20,Paid,No,Yes,No,Playable,39300,1131,214,84.1,26.4,310,289585,Not hit
121756,Solar Dungeon Remastered,2019-06-30,RPG,Indie,24.99,$20-40,Paid,No,No,No,Verified,277300,7775,586,93.0,150.8,389,2744324,Hit
187172,Mystic Arena Remastered II,2023-10-15,Action,AA,19.99,$10-20,Paid,No,No,No,Playable,39600,431,246,63.8,5.4,69,330755,Not hit
136741,Steel Protocol 2,2025-07-08,Casual,Indie,9.99,$5-10,Paid,No,No,No,Unsupported,7600,203,56,78.6,,25,25479,Not hit
192130,Steel Village 2 Deluxe,2025-05-10,Puzzle,Indie,4.99,< $5,Paid,No,No,No,Verified,6100,80,32,72.2,10.1,5,12390,Not hit
149839,Wild Dungeon Deluxe Deluxe,2019-09-22,Survival,AAA,59.99,$40+,Paid,No,Yes,Yes,Playable,1490000,33798,13472,71.5,38.8,10548,30070356,Not hit
153243,Lost Village Remastered,2017-02-20,Action,Indie,14.99,$10-20,Paid,No,No,No,Playable,6300,131,33,80.3,8.7,18,34363,Not hit
175221,Neon Tower: Origins 2,2023-09-20,Strategy,Indie,19.99,$10-20,Paid,No,No,No,Verified,4600,109,71,60.6,78.5,10,40356,Not hit
106105,Steel Hunter,2024-03-16,Action,Indie,14.99,$10-20,Paid,No,No,No,Verified,35300,490,45,91.6,9.3,45,173971,Not hit
153317,Golden Empire Remastered,2017-10-22,Action,Indie,4.99,< $5,Paid,Yes,Yes,No,Playable,218100,6587,2002,76.7,22.8,336,370661,Not hit
192426,Wild Factory 2,2022-06-12,Action,Indie,0.0,Free,Free,No,No,No,Verified,5000,65,41,61.6,52.3,6,3801,Not hit
179920,Neon Protocol Deluxe 2,2018-09-09,Puzzle,Indie,9.99,$5-10,Paid,No,No,Yes,Playable,3400,61,11,85.3,8.8,13,12633,Not hit
120905,Cyber Arena II,2023-02-10,Simulation,Indie,19.99,$10-20,Paid,No,No,No,Verified,7800,220,86,72.2,41.6,4,51461,Not hit
128897,Steel Tactics Deluxe,2022-06-19,Action,Indie,9.99,$5-10,Paid,Yes,Yes,No,Unsupported,29400,609,214,74.1,8.1,113,99458,Not hit
117945,Iron Island,2022-01-31,Casual,Indie,9.99,$5-10,Paid,No,No,No,Playable,1800,41,17,71.7,5.5,6,8025,Not hit
143475,Steel Arena II Deluxe,2017-01-18,Puzzle,AA,29.99,$20-40,Paid,No,No,No,Verified,82800,1082,292,78.8,4.3,304,1036658,Not hit
128564,Solar Empire,2019-07-26,RPG,AA,19.99,$10-20,Paid,No,No,Yes,Playable,664200,10987,191,98.3,45.6,2076,4382556,Hit
119462,Shadow Empire: Origins,2016-09-20,Action,Indie,4.99,< $5,Paid,No,Yes,No,Playable,7900,100,87,54.0,29.6,53,14053,Not hit
189836,Crystal League Deluxe II Deluxe,2017-05-04,Racing,Indie,0.0,Free,Free,No,No,No,Playable,2600,45,31,59.3,24.4,2,1214,Not hit
150283,Iron Survivors 2: Origins,2022-12-05,Casual,AA,39.99,$20-40,Paid,No,No,Yes,Unsupported,94700,1836,853,68.3,4.4,313,1302021,Not hit
126381,Hidden League,2021-07-11,Casual,Indie,24.99,$20-40,Paid,No,No,No,Playable,14400,176,65,73.3,6.3,45,142565,Not hit
154316,Shadow Frontier: Origins,2020-06-05,Action,Indie,4.99,< $5,Paid,No,No,No,Unsupported,400,3,3,63.6,18.5,0,870,Not hit
101739,Pixel Colony,2021-11-23,Strategy,Indie,14.99,$10-20,Paid,No,Yes,No,Verified,18300,509,136,79.0,105.8,94,107745,Not hit
121867,Iron Legends Remastered,2017-09-01,RPG,Indie,4.99,< $5,Paid,No,No,No,Unsupported,2400,63,11,85.5,32.1,2,4502,Not hit
182658,Eternal Chronicles: Origins 2,2018-05-28,Simulation,Indie,9.99,$5-10,Paid,No,No,No,Verified,604100,18009,2573,87.5,23.4,1278,2436048,Hit
171262,Shadow Empire Deluxe II,2024-05-19,Simulation,Indie,4.99,< $5,Paid,No,No,No,Playable,400,5,6,50.6,31.0,1,847,Not hit
101258,Star Island,2024-11-06,Puzzle,AA,19.99,$10-20,Paid,No,No,No,Unsupported,20400,448,135,76.9,10.1,24,158074,Not hit
131117,Cyber Arena: Origins II,2019-01-31,Strategy,Indie,9.99,$5-10,Paid,No,No,No,Verified,900,13,9,62.1,99.9,1,3871,Not hit
129230,Neon Village Deluxe,2022-04-16,Action,AA,24.99,$20-40,Paid,No,No,No,Playable,3018600,70336,16607,80.9,10.9,7172,26519800,Hit
164639,Pixel Odyssey: Origins 2,2022-10-08,Action,Indie,9.99,$5-10,Paid,Yes,Yes,No,Verified,21700,418,135,75.6,15.4,60,73979,Not hit
183250,Silent Tower 2 Remastered,2023-04-22,Action,AA,39.99,$20-40,Paid,No,Yes,Yes,Playable,2700,41,34,55.8,21.3,13,46141,Not hit
158719,Cyber Village: Origins,2021-04-26,RPG,Indie,9.99,$5-10,Paid,No,No,No,Verified,5500,156,57,73.7,37.5,5,22441,Not hit
122903,Golden Odyssey,2021-02-19,RPG,Indie,24.99,$20-40,Paid,No,No,No,Verified,5400,80,37,68.6,40.0,7,56892,Not hit
158423,Solar Protocol Remastered,2024-12-07,Simulation,Indie,9.99,$5-10,Paid,No,Yes,No,Unsupported,15700,495,101,83.2,58.2,29,67372,Not hit
164528,Pixel Racer 2,2024-04-15,Action,Indie,14.99,$10-20,Paid,No,No,No,Unsupported,900,11,7,65.7,5.4,3,5936,Not hit
162678,Broken Arena 2,2022-07-16,Action,AAA,0.0,Free,Free,No,Yes,No,Playable,1688100,29117,23253,55.6,22.4,3608,1837355,Not hit
177626,Crystal Ocean II Remastered,2023-05-11,Horror,Indie,19.99,$10-20,Paid,No,No,No,Unsupported,2600,66,22,75.3,9.5,9,21230,Not hit
167784,Hidden Odyssey Remastered,2025-01-18,Action,AA,19.99,$10-20,Paid,No,No,No,Verified,171300,4876,895,84.5,14.7,404,1391480,Hit
155759,Wild Village,2021-05-19,Strategy,Indie,19.99,$10-20,Paid,No,No,No,Verified,66000,1945,475,80.4,36.2,180,513560,Not hit
162123,Cyber Racer II,2023-02-22,Casual,Indie,9.99,$5-10,Paid,No,No,No,Playable,2600,59,1,98.9,6.6,3,11784,Not hit
144326,Star Arena Deluxe,2021-07-27,Action,Indie,9.99,$5-10,Paid,No,Yes,Yes,Verified,4500,86,49,64.1,30.5,12,17814,Not hit
187579,Void Horizon Deluxe,2023-02-27,Casual,Indie,2.99,< $5,Paid,No,No,No,Playable,4500,98,22,81.7,11.4,9,5157,Not hit
138036,Wild Factory Remastered,2016-05-07,Adventure,AA,19.99,$10-20,Paid,No,No,No,Verified,229400,5923,2865,67.4,13.2,222,1734049,Not hit
121275,Pixel Arena: Origins,2022-07-12,Simulation,AA,29.99,$20-40,Paid,No,No,No,Playable,573900,8841,3577,71.2,81.2,2293,6344194,Not hit
129600,Dragon Frontier,2022-10-26,Strategy,Indie,2.99,< $5,Paid,Yes,Yes,No,Playable,5500,81,35,70.5,43.5,36,5714,Not hit
153354,Lost Village II: Origins,2024-04-29,Casual,Indie,14.99,$10-20,Paid,Yes,No,No,Verified,14600,191,110,63.7,1.5,14,76416,Not hit
125826,Void Tower,2025-09-03,Roguelike,Indie,0.99,< $5,Paid,No,No,No,Playable,2700,46,32,59.1,32.1,5,1094,Not hit
132116,Last League Remastered,2021-10-06,Adventure,Indie,14.99,$10-20,Paid,No,No,No,Unsupported,73800,1677,117,93.5,22.7,142,389540,Not hit
111840,Golden Tower Remastered,2024-08-07,Action,Indie,14.99,$10-20,Paid,No,Yes,Yes,Unsupported,9200,157,70,69.2,26.6,47,43655,Not hit
154094,Mystic Colony,2020-04-25,Adventure,Indie,9.99,$5-10,Paid,No,No,No,Playable,22200,603,59,91.1,6.1,88,84468,Not hit
137148,Dragon Tactics 2,2024-10-04,Strategy,Indie,2.99,< $5,Paid,No,Yes,No,Playable,7500,132,30,81.9,42.4,16,10169,Not hit
185988,Neon Tactics Remastered,2025-03-14,Simulation,AA,19.99,$10-20,Paid,No,No,No,Verified,190400,3356,403,89.3,18.1,283,1578048,Hit
136963,Neon Odyssey Remastered,2024-01-12,RPG,Indie,2.99,< $5,Paid,No,No,No,Verified,11900,273,160,63.2,60.3,42,12877,Not hit
150949,Steel Frontier Remastered,2017-10-18,Action,Indie,9.99,$5-10,Paid,No,No,No,Playable,26500,841,136,86.1,12.5,60,114596,Not hit
121941,Pixel Colony Deluxe,2025-11-29,Adventure,AA,29.99,$20-40,Paid,No,No,No,Playable,133600,3812,1244,75.4,13.8,77,1513638,Not hit
107770,Rogue League: Origins,2017-12-20,Adventure,Indie,19.99,$10-20,Paid,No,No,No,Verified,32700,901,191,82.6,24.7,30,220757,Not hit
181511,Shadow Chronicles Deluxe,2023-06-25,Sports,AA,24.99,$20-40,Paid,No,No,No,Playable,2431000,79490,15937,83.3,28.1,1497,26795506,Hit
131746,Last Empire Remastered,2016-08-08,Simulation,Indie,2.99,< $5,Paid,No,No,No,Verified,2100,33,14,70.8,84.9,4,2270,Not hit
127935,Lost Dungeon II,2022-03-08,Action,AA,19.99,$10-20,Paid,No,No,No,Playable,19000,434,152,74.2,8.9,44,123490,Not hit
130858,Dark Empire Remastered,2021-09-04,Action,Indie,14.99,$10-20,Paid,No,No,Yes,Verified,20100,472,48,90.8,13.9,24,115287,Not hit
125086,Crystal Ocean 2,2025-03-10,Strategy,Indie,14.99,$10-20,Paid,No,Yes,No,Playable,8600,189,64,75.0,12.5,21,55188,Not hit
157165,Golden Kingdom Remastered Deluxe Remastered,2025-05-29,RPG,Indie,24.99,$20-40,Paid,No,Yes,No,Verified,400,6,4,65.7,113.5,2,3230,Not hit
191131,Neon League: Origins,2020-01-28,Casual,Indie,14.99,$10-20,Paid,No,No,No,Unsupported,600,14,6,74.9,3.0,0,3551,Not hit
184989,Mystic Hunter Deluxe,2024-05-11,Horror,AA,39.99,$20-40,Paid,No,No,No,Verified,169300,2485,1101,69.3,11.5,371,2255837,Not hit
181622,Frozen League Deluxe,2023-01-27,Survival,Indie,2.99,< $5,Paid,No,Yes,No,Playable,29100,512,99,83.8,24.2,82,31993,Not hit
168672,Silent Island II Deluxe,2020-05-30,Simulation,AA,19.99,$10-20,Paid,No,No,No,Verified,64000,743,746,49.9,22.9,122,425970,Not hit
118315,Dragon Protocol Remastered,2016-12-24,Strategy,Indie,14.99,$10-20,Paid,No,Yes,No,Playable,2000,19,11,65.2,84.7,15,11922,Not hit
114097,Silent Legends Deluxe,2025-09-18,Puzzle,Indie,14.99,$10-20,Paid,No,No,No,Playable,19200,558,104,84.4,3.4,11,115885,Not hit
148137,Last Empire Deluxe,2025-08-25,Adventure,AAA,69.99,$40+,Paid,No,No,Yes,Playable,1102300,16141,8502,65.5,33.3,2526,26681284,Not hit
151763,Dark Colony 2,2021-06-30,Action,Indie,14.99,$10-20,Paid,Yes,No,No,Unsupported,10000,239,33,88.2,4.1,20,63905,Not hit
143327,Hidden Tower II,2023-07-15,Action,Indie,14.99,$10-20,Paid,No,No,No,Unsupported,20800,541,28,95.2,3.6,54,128499,Not hit
118648,Star Protocol Remastered Remastered,2018-04-28,Action,Indie,0.0,Free,Free,No,No,No,Playable,17900,318,123,72.2,16.2,68,6559,Not hit
137629,Rogue Island II,2022-10-24,RPG,Indie,0.99,< $5,Paid,No,No,,Playable,3300,54,8,87.2,34.1,5,1395,Not hit
116317,Silent Protocol II,2025-06-30,Simulation,Indie,19.99,$10-20,Paid,Yes,No,No,Playable,10000,247,122,67.2,26.6,29,80982,Not hit
184804,Shadow League Deluxe II,2025-06-10,Action,Indie,19.99,$10-20,Paid,No,Yes,No,Unsupported,400,5,5,56.0,11.1,2,3239,Not hit
132671,Broken Chronicles: Origins,2021-08-28,RPG,Indie,4.99,< $5,Paid,No,No,No,Verified,400,7,4,71.3,120.9,0,672,Not hit
173889,Steel Dungeon II,2021-05-24,Casual,Indie,19.99,$10-20,Paid,No,No,No,Playable,900,14,7,67.2,15.0,1,6348,Not hit
168339,Rogue Legends Deluxe,2025-11-11,Casual,Indie,0.0,Free,Free,Yes,No,No,Verified,10900,90,83,52.4,2.3,32,4380,Not hit
140515,Dragon Dungeon 2,2023-05-10,RPG,AA,0.0,Free,Free,No,Yes,Yes,Verified,53300,566,507,52.8,128.1,206,74327,Not hit
118574,Mystic Village II,2018-08-19,Puzzle,Indie,4.99,< $5,Paid,No,No,No,Verified,3300,37,14,73.2,8.6,8,5187,Not hit
144696,Rogue Kingdom Remastered,2025-09-22,Simulation,Indie,9.99,$5-10,Paid,Yes,No,No,,1100,25,17,60.7,48.0,3,4549,Not hit
115096,Frozen Dungeon 2,2025-06-28,Action,Indie,4.99,< $5,Paid,No,Yes,No,Playable,28400,355,201,63.9,9.0,218,46610,Not hit
111470,Last Tower,2019-08-13,Action,Indie,14.99,$10-20,Paid,No,Yes,No,Playable,39000,878,237,78.8,8.5,155,185037,Not hit
178403,Last Arena II,2021-07-29,Strategy,Indie,9.99,$5-10,Paid,No,No,No,Unsupported,113300,2083,702,74.8,84.6,374,388498,Not hit
141366,Hidden Legends: Origins Remastered,2025-12-07,Racing,Indie,4.99,< $5,Paid,No,Yes,No,Playable,200,3,4,51.4,12.4,1,388,Not hit
189281,Silent League 2,2016-05-07,Action,AA,29.99,$20-40,Paid,No,No,No,Unsupported,238200,5017,2060,70.9,5.2,884,2349517,Not hit
136778,Last League Deluxe: Origins,2023-12-31,Simulation,Indie,9.99,$5-10,Paid,Yes,Yes,No,Playable,170600,4881,1734,73.8,47.5,484,573044,Not hit
107844,Shadow Island,2017-11-08,Action,Indie,9.99,$5-10,Paid,No,Yes,No,Verified,49000,878,104,89.5,24.7,220,186737,Not hit
175184,Last Tactics Deluxe 2,2025-04-05,RPG,Indie,14.99,$10-20,Paid,No,Yes,No,Playable,51200,1574,339,82.3,13.1,396,342431,Not hit
182029,Hidden Racer II,2019-09-21,Puzzle,Indie,2.99,< $5,Paid,Yes,No,No,Playable,42500,1185,223,84.2,6.1,69,52399,Not hit
119758,Last Racer Deluxe,2021-04-02,Horror,Indie,0.99,< $5,Paid,No,No,No,Unsupported,9500,127,34,79.1,20.1,28,4157,Not hit
