order_id,order_date,region,province,channel,category,product,quantity,unit_price,discount,revenue,cost,profit,customer_type,payment_method,rating
ORD01043,2024-11-27,ภาคอีสาน,ขอนแก่น,Shopee,คอมพิวเตอร์,คีย์บอร์ดแมคคานิคอล,1,2490,0,2490.0,1576.84,913.16,ลูกค้าประจำ,โอนผ่านแอป,4
ORD01243,2025-11-10,ภาคเหนือ,เชียงราย,หน้าร้าน,ความงาม,เซรั่มบำรุงผิว,1,790,0.05,840.56,525.29,315.27,ลูกค้าประจำ,โอนผ่านแอป,5
ORD01744,2025-07-25,ภาคกลาง,นนทบุรี,หน้าร้าน,อิเล็กทรอนิกส์,สมาร์ทวอทช์,2,3490,0.05,7426.72,4950.42,2476.3,ลูกค้าประจำ,เงินสด,5
ORD00747,2024-12-17,ภาคอีสาน,ขอนแก่น,หน้าร้าน,อิเล็กทรอนิกส์,สมาร์ทวอทช์,3,3490,0,10470.0,6913.53,3556.47,ลูกค้าใหม่,เก็บเงินปลายทาง,5
ORD02916,2025-04-08,ภาคกลาง,ปทุมธานี,Lazada,แฟชั่น,กระเป๋าเป้,3,990,0.15,2827.44,1966.19,861.25,ลูกค้าใหม่,บัตรเครดิต,3
ORD01829,2025-03-28,ภาคกลาง,ปทุมธานี,LINE Shopping,เครื่องใช้ในบ้าน,หม้อทอดไร้น้ำมัน,2,2590,0.15,4931.36,3019.37,1911.99,ลูกค้าใหม่,เก็บเงินปลายทาง,3
ORD02512,2025-11-04,ภาคตะวันออก,ชลบุรี,Shopee,แฟชั่น,กระเป๋าเป้,1,990,0.1,997.92,615.01,382.91,ลูกค้าใหม่,เงินสด,1
ORD00942,2024-03-02,ภาคเหนือ,เชียงราย,LINE Shopping,อิเล็กทรอนิกส์,ลำโพงบลูทูธ,5,1590,0,7950.0,5628.82,2321.18,ลูกค้าใหม่,บัตรเครดิต,4
ORD02677,2025-10-14,ภาคตะวันออก,จันทบุรี,Lazada,คอมพิวเตอร์,SSD 1TB,1,2190,0,2452.8,1595.21,857.59,ลูกค้าประจำ,บัตรเครดิต,5
ORD00922,2024-09-20,ภาคกลาง,นครปฐม,หน้าร้าน,คอมพิวเตอร์,"จอมอนิเตอร์ 24""",1,4290,0,4290.0,2978.24,1311.76,ลูกค้าประจำ,โอนผ่านแอป,5
ORD00082,2024-04-22,ภาคกลาง,ปทุมธานี,หน้าร้าน,อิเล็กทรอนิกส์,สมาร์ทวอทช์,3,3490,0,10470.0,5791.55,4678.45,ลูกค้าใหม่,เก็บเงินปลายทาง,4
ORD02501,2024-12-12,ภาคกลาง,ปทุมธานี,Lazada,ความงาม,ครีมกันแดด,2,450,0.1,810.0,554.1,255.9,ลูกค้าใหม่,เก็บเงินปลายทาง,4
ORD02117,2025-10-12,ภาคเหนือ,เชียงราย,เว็บไซต์,ความงาม,ครีมกันแดด,4,450,0.1,1814.4,1153.37,661.03,ลูกค้าประจำ,เงินสด,5
ORD00227,2025-11-24,ภาคใต้,ภูเก็ต,Lazada,คอมพิวเตอร์,เมาส์เกมมิ่ง,4,890,0.1,3588.48,2490.63,1097.85,ลูกค้าใหม่,เงินสด,5
ORD02778,2024-08-23,ภาคตะวันออก,จันทบุรี,Lazada,เครื่องใช้ในบ้าน,เครื่องฟอกอากาศ,2,4990,0.1,8982.0,6198.71,2783.29,ลูกค้าประจำ,เก็บเงินปลายทาง,4
ORD00429,2024-10-02,ภาคเหนือ,พิษณุโลก,Shopee,เครื่องใช้ในบ้าน,หม้อทอดไร้น้ำมัน,5,2590,0.15,11007.5,8077.12,2930.38,ลูกค้าประจำ,เงินสด,3
ORD00012,2025-12-07,ภาคกลาง,ปทุมธานี,Shopee,เครื่องใช้ในบ้าน,เครื่องฟอกอากาศ,4,4990,0,22355.2,11874.99,10480.21,ลูกค้าใหม่,โอนผ่านแอป,4
ORD01315,2024-07-28,ภาคกลาง,นนทบุรี,Lazada,คอมพิวเตอร์,SSD 1TB,2,2190,0,4380.0,2572.44,1807.56,ลูกค้าใหม่,บัตรเครดิต,4
ORD00045,2025-07-05,ภาคเหนือ,เชียงราย,หน้าร้าน,ความงาม,เซรั่มบำรุงผิว,1,790,0,884.8,478.57,406.23,ลูกค้าใหม่,เก็บเงินปลายทาง,4
ORD00501,2024-05-17,ภาคกลาง,นนทบุรี,Shopee,อิเล็กทรอนิกส์,ลำโพงบลูทูธ,2,1590,0.1,2862.0,2047.8,814.2,ลูกค้าประจำ,เก็บเงินปลายทาง,4
ORD02202,2025-03-27,ภาคเหนือ,พิษณุโลก,เว็บไซต์,แฟชั่น,รองเท้าผ้าใบ,3,1890,0.15,5397.84,3839.89,1557.95,ลูกค้าประจำ,บัตรเครดิต,4
ORD01105,2025-06-20,ภาคกลาง,กรุงเทพมหานคร,เว็บไซต์,ความงาม,ลิปสติก,1,350,0,392.0,218.61,173.39,ลูกค้าประจำ,,3
ORD00767,2025-12-14,ภาคเหนือ,เชียงใหม่,หน้าร้าน,อิเล็กทรอนิกส์,สมาร์ทวอทช์,4,3490,0,15635.2,7811.55,7823.65,ลูกค้าใหม่,บัตรเครดิต,5
ORD00158,2024-01-24,ภาคเหนือ,เชียงใหม่,Lazada,ความงาม,เซรั่มบำรุงผิว,1,790,0,790.0,507.28,282.72,ลูกค้าใหม่,เงินสด,2
ORD02298,2024-02-10,ภาคกลาง,นนทบุรี,Shopee,แฟชั่น,รองเท้าผ้าใบ,1,1890,0.05,1795.5,1290.0,505.5,ลูกค้าใหม่,บัตรเครดิต,
ORD00509,2025-10-04,ภาคตะวันออก,ระยอง,LINE Shopping,ความงาม,เซรั่มบำรุงผิว,1,790,0.15,752.08,582.72,169.36,ลูกค้าประจำ,เก็บเงินปลายทาง,5
ORD00289,2024-12-17,ภาคเหนือ,พิษณุโลก,Lazada,คอมพิวเตอร์,คีย์บอร์ดแมคคานิคอล,1,2490,0.15,2116.5,1624.62,491.88,ลูกค้าประจำ,บัตรเครดิต,5
ORD02573,2025-06-21,ภาคเหนือ,เชียงใหม่,LINE Shopping,ความงาม,เซรั่มบำรุงผิว,2,790,0.15,1504.16,904.91,599.25,ลูกค้าประจำ,โอนผ่านแอป,4
ORD01527,2025-01-14,ภาคตะวันออก,จันทบุรี,เว็บไซต์,เครื่องใช้ในบ้าน,กาต้มน้ำไฟฟ้า,2,590,0.1,1189.44,678.83,510.61,ลูกค้าประจำ,เงินสด,3
ORD02816,2024-01-09,ภาคอีสาน,นครราชสีมา,หน้าร้าน,คอมพิวเตอร์,คีย์บอร์ดแมคคานิคอล,1,2490,0,2490.0,1523.15,966.85,ลูกค้าประจำ,บัตรเครดิต,5
ORD01600,2024-12-09,ภาคเหนือ,เชียงราย,Lazada,อิเล็กทรอนิกส์,พาวเวอร์แบงก์,1,690,0,690.0,441.24,248.76,ลูกค้าประจำ,เงินสด,5
ORD00009,2025-11-15,ภาคกลาง,ปทุมธานี,Shopee,เครื่องใช้ในบ้าน,กาต้มน้ำไฟฟ้า,2,590,0,1321.6,854.44,467.16,ลูกค้าประจำ,โอนผ่านแอป,3
ORD01576,2024-05-21,ภาคอีสาน,นครราชสีมา,Shopee,อิเล็กทรอนิกส์,พาวเวอร์แบงก์,2,690,0,1380.0,949.09,430.91,ลูกค้าประจำ,โอนผ่านแอป,4
ORD02465,2024-06-09,ภาคกลาง,นครปฐม,หน้าร้าน,ความงาม,ลิปสติก,1,350,0.05,332.5,229.22,103.28,ลูกค้าใหม่,เก็บเงินปลายทาง,5
ORD02601,2025-01-14,ภาคกลาง,ปทุมธานี,Lazada,คอมพิวเตอร์,คีย์บอร์ดแมคคานิคอล,2,2490,0.1,5019.84,2806.05,2213.79,ลูกค้าใหม่,เก็บเงินปลายทาง,3
ORD00836,2024-03-24,ภาคเหนือ,เชียงใหม่,Lazada,คอมพิวเตอร์,SSD 1TB,2,2190,0,4380.0,3176.73,1203.27,ลูกค้าใหม่,เก็บเงินปลายทาง,4
ORD02309,2024-03-05,ภาคกลาง,นครปฐม,หน้าร้าน,อิเล็กทรอนิกส์,พาวเวอร์แบงก์,1,690,0.05,655.5,496.45,159.05,ลูกค้าประจำ,เงินสด,5
ORD02558,2025-04-05,ภาคกลาง,นนทบุรี,Lazada,ความงาม,เซรั่มบำรุงผิว,1,790,0.15,752.08,452.21,299.87,ลูกค้าใหม่,บัตรเครดิต,5
ORD02307,2024-11-19,ภาคกลาง,กรุงเทพมหานคร,เว็บไซต์,อิเล็กทรอนิกส์,พาวเวอร์แบงก์,2,690,0,1380.0,825.59,554.41,ลูกค้าใหม่,เก็บเงินปลายทาง,5
ORD02863,2025-04-02,ภาคใต้,สงขลา,เว็บไซต์,แฟชั่น,รองเท้าผ้าใบ,1,1890,0.1,1905.12,1260.33,644.79,ลูกค้าประจำ,เงินสด,3
ORD01616,2024-03-10,ภาคอีสาน,นครราชสีมา,LINE Shopping,เครื่องใช้ในบ้าน,หม้อทอดไร้น้ำมัน,2,2590,0.05,4921.0,3342.02,1578.98,ลูกค้าใหม่,โอนผ่านแอป,3
ORD02878,2024-02-16,ภาคใต้,ภูเก็ต,หน้าร้าน,แฟชั่น,กางเกงยีนส์,5,890,0.05,4227.5,3264.55,962.95,ลูกค้าใหม่,บัตรเครดิต,3
ORD00571,2025-10-01,ภาคกลาง,ปทุมธานี,หน้าร้าน,คอมพิวเตอร์,SSD 1TB,1,2190,0.05,2330.16,1594.34,735.82,ลูกค้าประจำ,โอนผ่านแอป,5
ORD01642,2024-04-06,ภาคอีสาน,ขอนแก่น,หน้าร้าน,คอมพิวเตอร์,เมาส์เกมมิ่ง,2,890,0,1780.0,1216.16,563.84,ลูกค้าประจำ,เก็บเงินปลายทาง,4
ORD00383,2025-05-27,ภาคอีสาน,นครราชสีมา,Shopee,อิเล็กทรอนิกส์,หูฟังไร้สาย,1,1290,0,1444.8,835.9,608.9,ลูกค้าใหม่,บัตรเครดิต,4
ORD00404,2024-08-26,ภาคตะวันออก,ชลบุรี,Shopee,อิเล็กทรอนิกส์,หูฟังไร้สาย,1,1290,0,1290.0,899.77,390.23,ลูกค้าประจำ,เก็บเงินปลายทาง,4
ORD01357,2025-03-22,ภาคกลาง,ปทุมธานี,Shopee,ความงาม,เซรั่มบำรุงผิว,1,790,0.05,840.56,442.94,397.62,ลูกค้าประจำ,บัตรเครดิต,4
ORD02447,2024-10-20,ภาคอีสาน,นครราชสีมา,เว็บไซต์,ความงาม,เซรั่มบำรุงผิว,4,790,0.05,3002.0,1935.11,1066.89,ลูกค้าใหม่,เก็บเงินปลายทาง,3
ORD00764,2025-03-21,ภาคกลาง,กรุงเทพมหานคร,Shopee,คอมพิวเตอร์,เมาส์เกมมิ่ง,3,890,0,2990.4,1693.44,1296.96,ลูกค้าประจำ,บัตรเครดิต,4
ORD01678,2024-10-05,ภาคตะวันออก,จันทบุรี,Lazada,เครื่องใช้ในบ้าน,กาต้มน้ำไฟฟ้า,3,590,0.15,1504.5,1025.43,479.07,ลูกค้าประจำ,เงินสด,4
ORD00001,2025-11-08,ภาคกลาง,กรุงเทพมหานคร,หน้าร้าน,อิเล็กทรอนิกส์,หูฟังไร้สาย,2,1290,0,2889.6,1531.82,1357.78,ลูกค้าประจำ,เก็บเงินปลายทาง,3
ORD00932,2024-04-21,ภาคกลาง,นนทบุรี,Shopee,ความงาม,เซรั่มบำรุงผิว,1,790,0,790.0,542.69,247.31,ลูกค้าประจำ,โอนผ่านแอป,4
ORD02595,2024-11-22,ภาคกลาง,นนทบุรี,Shopee,อิเล็กทรอนิกส์,พาวเวอร์แบงก์,3,690,0,2070.0,1514.34,555.66,ลูกค้าประจำ,โอนผ่านแอป,5
ORD02037,2025-04-06,ภาคกลาง,ปทุมธานี,Lazada,ความงาม,ครีมกันแดด,1,450,0.1,453.6,278.06,175.54,ลูกค้าประจำ,บัตรเครดิต,5
ORD02664,2024-04-16,ภาคกลาง,ปทุมธานี,LINE Shopping,คอมพิวเตอร์,เมาส์เกมมิ่ง,1,890,0,890.0,605.43,284.57,ลูกค้าประจำ,บัตรเครดิต,5
ORD01132,2025-12-04,ภาคกลาง,นครปฐม,Shopee,ความงาม,ครีมกันแดด,5,450,0,2520.0,1592.79,927.21,ลูกค้าประจำ,เก็บเงินปลายทาง,3
ORD00793,2025-07-10,ภาคตะวันออก,จันทบุรี,Shopee,อิเล็กทรอนิกส์,ลำโพงบลูทูธ,1,1590,0.05,1691.76,1131.28,560.48,ลูกค้าประจำ,เงินสด,3
ORD01079,2025-05-14,ภาคกลาง,กรุงเทพมหานคร,หน้าร้าน,เครื่องใช้ในบ้าน,กาต้มน้ำไฟฟ้า,1,590,0.05,627.76,398.99,228.77,ลูกค้าประจำ,บัตรเครดิต,3
ORD00695,2024-07-15,ภาคเหนือ,,หน้าร้าน,ความงาม,ครีมกันแดด,1,450,0,450.0,294.75,155.25,ลูกค้าประจำ,โอนผ่านแอป,3
ORD02921,2024-06-25,ภาคกลาง,นครปฐม,หน้าร้าน,เครื่องใช้ในบ้าน,เครื่องฟอกอากาศ,1,4990,0,4990.0,3367.66,1622.34,ลูกค้าประจำ,โอนผ่านแอป,3
ORD01494,2025-05-08,ภาคกลาง,กรุงเทพมหานคร,Lazada,อิเล็กทรอนิกส์,ลำโพงบลูทูธ,2,1590,0.1,3205.44,1855.24,1350.2,ลูกค้าประจำ,บัตรเครดิต,3
ORD01311,2025-12-27,ภาคอีสาน,อุบลราชธานี,LINE Shopping,แฟชั่น,กางเกงยีนส์,2,890,0.05,1893.92,988.12,905.8,ลูกค้าประจำ,โอนผ่านแอป,2
ORD01640,2025-12-16,ภาคกลาง,นนทบุรี,หน้าร้าน,ความงาม,ลิปสติก,4,350,0,1568.0,1021.24,546.76,ลูกค้าประจำ,เก็บเงินปลายทาง,3
ORD01394,2024-08-06,ภาคเหนือ,เชียงราย,หน้าร้าน,คอมพิวเตอร์,คีย์บอร์ดแมคคานิคอล,2,2490,0,4980.0,2827.33,2152.67,ลูกค้าประจำ,บัตรเครดิต,5
ORD01826,2024-12-28,ภาคอีสาน,อุบลราชธานี,Lazada,ความงาม,ครีมกันแดด,1,450,0.1,405.0,306.52,98.48,ลูกค้าใหม่,โอนผ่านแอป,1
ORD02965,2025-03-27,ภาคอีสาน,อุดรธานี,Lazada,เครื่องใช้ในบ้าน,หม้อทอดไร้น้ำมัน,2,2590,0.1,5221.44,3178.82,2042.62,ลูกค้าใหม่,เก็บเงินปลายทาง,3
ORD02263,2025-08-24,ภาคกลาง,นนทบุรี,หน้าร้าน,ความงาม,เซรั่มบำรุงผิว,2,790,0,1769.6,939.85,829.75,ลูกค้าประจำ,เก็บเงินปลายทาง,4
ORD01409,2025-01-17,ภาคกลาง,นครปฐม,Shopee,แฟชั่น,กระเป๋าเป้,4,990,0,4435.2,2573.51,1861.69,ลูกค้าประจำ,บัตรเครดิต,5
ORD00199,2025-03-27,ภาคตะวันออก,ชลบุรี,LINE Shopping,อิเล็กทรอนิกส์,พาวเวอร์แบงก์,1,690,0.05,734.16,415.77,318.39,ลูกค้าประจำ,เงินสด,5
ORD02905,2025-05-10,ภาคตะวันออก,จันทบุรี,Lazada,เครื่องใช้ในบ้าน,หม้อทอดไร้น้ำมัน,5,2590,0,14504.0,8040.93,6463.07,ลูกค้าประจำ,เก็บเงินปลายทาง,5
ORD02388,2024-11-08,ภาคตะวันออก,ระยอง,Shopee,คอมพิวเตอร์,เมาส์เกมมิ่ง,2,890,0.1,1602.0,1053.95,548.05,ลูกค้าใหม่,เงินสด,3
ORD00155,2025-11-19,ภาคอีสาน,อุบลราชธานี,Lazada,แฟชั่น,รองเท้าผ้าใบ,3,1890,0.1,5715.36,3201.32,2514.04,ลูกค้าใหม่,เงินสด,4
ORD00095,2025-12-27,ภาคกลาง,ปทุมธานี,หน้าร้าน,แฟชั่น,เสื้อยืด,5,290,0.05,1542.8,930.93,611.87,ลูกค้าใหม่,เงินสด,3
ORD00007,2024-05-22,ภาคอีสาน,นครราชสีมา,Lazada,เครื่องใช้ในบ้าน,กาต้มน้ำไฟฟ้า,2,590,0.05,1121.0,734.43,386.57,ลูกค้าประจำ,เงินสด,5
ORD02531,2025-02-22,ภาคกลาง,ปทุมธานี,Shopee,คอมพิวเตอร์,"จอมอนิเตอร์ 24""",3,4290,0,14414.4,8477.27,5937.13,ลูกค้าประจำ,โอนผ่านแอป,5
ORD00221,2025-08-28,ภาคตะวันออก,ระยอง,LINE Shopping,คอมพิวเตอร์,คีย์บอร์ดแมคคานิคอล,1,2490,0,2788.8,1485.53,1303.27,ลูกค้าประจำ,เงินสด,5
ORD00069,2025-08-02,ภาคกลาง,นนทบุรี,เว็บไซต์,คอมพิวเตอร์,เมาส์เกมมิ่ง,2,890,0.15,1694.56,1064.74,629.82,ลูกค้าใหม่,บัตรเครดิต,4
ORD01727,2024-12-03,ภาคกลาง,ปทุมธานี,หน้าร้าน,ความงาม,ครีมกันแดด,2,450,0.05,855.0,602.14,252.86,ลูกค้าประจำ,โอนผ่านแอป,4
ORD00243,2024-12-06,ภาคอีสาน,อุบลราชธานี,LINE Shopping,ความงาม,ครีมกันแดด,1,450,0.05,427.5,310.91,116.59,ลูกค้าประจำ,โอนผ่านแอป,4
ORD01157,2024-12-07,ภาคกลาง,กรุงเทพมหานคร,หน้าร้าน,ความงาม,ครีมกันแดด,2,450,0,900.0,544.77,355.23,ลูกค้าประจำ,บัตรเครดิต,5
ORD01160,2025-08-05,ภาคกลาง,นนทบุรี,Lazada,อิเล็กทรอนิกส์,ลำโพงบลูทูธ,1,1590,0,1780.8,1109.14,671.66,ลูกค้าประจำ,เงินสด,5
ORD02121,2025-10-16,ภาคใต้,สุราษฎร์ธานี,หน้าร้าน,อิเล็กทรอนิกส์,พาวเวอร์แบงก์,1,690,0,772.8,482.78,290.02,ลูกค้าประจำ,บัตรเครดิต,5
ORD00028,2024-11-17,ภาคตะวันออก,ชลบุรี,หน้าร้าน,อิเล็กทรอนิกส์,ลำโพงบลูทูธ,4,1590,0,6360.0,4399.57,1960.43,ลูกค้าประจำ,โอนผ่านแอป,4
ORD00004,2024-08-21,ภาคตะวันออก,ระยอง,Shopee,คอมพิวเตอร์,เมาส์เกมมิ่ง,1,890,0,890.0,518.45,371.55,ลูกค้าใหม่,บัตรเครดิต,5
ORD02348,2025-02-19,ภาคเหนือ,เชียงใหม่,Shopee,แฟชั่น,รองเท้าผ้าใบ,1,1890,0.15,1799.28,1238.38,560.9,ลูกค้าประจำ,โอนผ่านแอป,3
ORD00719,2025-05-24,ภาคเหนือ,พิษณุโลก,Shopee,ความงาม,ครีมกันแดด,1,450,0.05,478.8,294.93,183.87,ลูกค้าประจำ,โอนผ่านแอป,5
ORD00074,2024-10-29,ภาคกลาง,ปทุมธานี,Lazada,คอมพิวเตอร์,คีย์บอร์ดแมคคานิคอล,3,2490,0,7470.0,4901.59,2568.41,ลูกค้าประจำ,บัตรเครดิต,5
ORD00459,2024-12-09,ภาคกลาง,นครปฐม,หน้าร้าน,คอมพิวเตอร์,เมาส์เกมมิ่ง,2,890,0,1780.0,1018.55,761.45,ลูกค้าประจำ,โอนผ่านแอป,5
ORD02658,2024-12-18,ภาคอีสาน,อุบลราชธานี,หน้าร้าน,อิเล็กทรอนิกส์,หูฟังไร้สาย,1,1290,0.05,1225.5,878.54,346.96,ลูกค้าใหม่,โอนผ่านแอป,5
ORD02493,2025-08-24,ภาคกลาง,ปทุมธานี,Lazada,คอมพิวเตอร์,เมาส์เกมมิ่ง,1,890,0.05,946.96,490.4,456.56,ลูกค้าใหม่,เงินสด,3
ORD02453,2025-07-22,ภาคเหนือ,เชียงราย,หน้าร้าน,แฟชั่น,รองเท้าผ้าใบ,1,1890,0,2116.8,1185.03,931.77,ลูกค้าประจำ,เงินสด,5
ORD01687,2025-01-17,ภาคอีสาน,นครราชสีมา,หน้าร้าน,ความงาม,ครีมกันแดด,4,450,0,2016.0,1155.07,860.93,ลูกค้าใหม่,บัตรเครดิต,4
ORD02190,2024-06-12,ภาคกลาง,กรุงเทพมหานคร,Shopee,ความงาม,ครีมกันแดด,1,450,0.05,427.5,264.73,162.77,ลูกค้าใหม่,เก็บเงินปลายทาง,3
ORD00662,2024-07-02,ภาคอีสาน,อุดรธานี,หน้าร้าน,เครื่องใช้ในบ้าน,กาต้มน้ำไฟฟ้า,4,590,0,2360.0,1556.63,803.37,ลูกค้าประจำ,เก็บเงินปลายทาง,5
ORD00814,2024-07-19,ภาคตะวันออก,จันทบุรี,Lazada,อิเล็กทรอนิกส์,ลำโพงบลูทูธ,1,1590,0.15,1351.5,914.33,437.17,ลูกค้าประจำ,โอนผ่านแอป,3
ORD00286,2025-09-17,ภาคกลาง,นครปฐม,Lazada,แฟชั่น,กางเกงยีนส์,1,890,0.15,847.28,549.65,297.63,ลูกค้าใหม่,เงินสด,5
ORD00889,2025-09-03,ภาคตะวันออก,ระยอง,เว็บไซต์,คอมพิวเตอร์,คีย์บอร์ดแมคคานิคอล,1,2490,0,2788.8,1852.72,936.08,ลูกค้าประจำ,โอนผ่านแอป,5
ORD02333,2024-11-24,ภาคตะวันออก,ระยอง,หน้าร้าน,เครื่องใช้ในบ้าน,หม้อทอดไร้น้ำมัน,2,2590,0,5180.0,3883.62,1296.38,ลูกค้าใหม่,เงินสด,4
ORD00468,2024-03-05,ภาคเหนือ,พิษณุโลก,Shopee,ความงาม,ลิปสติก,3,350,0.1,945.0,719.94,225.06,ลูกค้าประจำ,เก็บเงินปลายทาง,4
ORD02666,2025-12-09,ภาคตะวันออก,ระยอง,Lazada,แฟชั่น,กระเป๋าเป้,2,990,0.15,1884.96,1444.76,440.2,ลูกค้าประจำ,เก็บเงินปลายทาง,4
ORD02056,2025-09-13,ภาคกลาง,ปทุมธานี,หน้าร้าน,ความงาม,ครีมกันแดด,1,450,0.05,478.8,334.98,143.82,ลูกค้าประจำ,บัตรเครดิต,3
ORD02549,2025-10-19,ภาคเหนือ,พิษณุโลก,Shopee,แฟชั่น,เสื้อยืด,1,290,0,324.8,161.63,163.17,,โอนผ่านแอป,5
ORD02503,2024-10-22,ภาคกลาง,ปทุมธานี,LINE Shopping,คอมพิวเตอร์,"จอมอนิเตอร์ 24""",1,4290,0.05,4075.5,2870.58,1204.92,ลูกค้าใหม่,บัตรเครดิต,4
ORD00673,2025-11-09,ภาคกลาง,นนทบุรี,Lazada,คอมพิวเตอร์,คีย์บอร์ดแมคคานิคอล,1,2490,0,2788.8,1669.37,1119.43,ลูกค้าประจำ,บัตรเครดิต,3
ORD00658,2024-04-28,ภาคกลาง,นนทบุรี,หน้าร้าน,เครื่องใช้ในบ้าน,เครื่องฟอกอากาศ,2,4990,0,9980.0,6666.76,3313.24,ลูกค้าประจำ,เก็บเงินปลายทาง,4
ORD01110,2024-07-09,ภาคกลาง,นนทบุรี,หน้าร้าน,ความงาม,ครีมกันแดด,1,450,0,450.0,299.03,150.97,ลูกค้าใหม่,เก็บเงินปลายทาง,5
ORD01793,2025-04-22,ภาคกลาง,ปทุมธานี,เว็บไซต์,แฟชั่น,กระเป๋าเป้,2,990,0.15,1884.96,1137.44,747.52,ลูกค้าประจำ,เงินสด,5
ORD01340,2025-06-28,ภาคเหนือ,พิษณุโลก,Shopee,เครื่องใช้ในบ้าน,กาต้มน้ำไฟฟ้า,1,590,0,660.8,377.64,283.16,ลูกค้าใหม่,บัตรเครดิต,3
ORD01397,2024-05-10,ภาคกลาง,นครปฐม,Lazada,เครื่องใช้ในบ้าน,กาต้มน้ำไฟฟ้า,1,590,0,590.0,383.89,206.11,ลูกค้าใหม่,เงินสด,4
ORD01572,2025-07-14,ภาคตะวันออก,จันทบุรี,หน้าร้าน,แฟชั่น,กางเกงยีนส์,1,890,0.05,946.96,634.74,312.22,ลูกค้าประจำ,โอนผ่านแอป,3
ORD01553,2024-06-30,ภาคตะวันออก,ชลบุรี,หน้าร้าน,เครื่องใช้ในบ้าน,หม้อทอดไร้น้ำมัน,1,2590,0.05,2460.5,1758.97,701.53,ลูกค้าใหม่,เงินสด,3
ORD02585,2025-12-02,ภาคกลาง,นครปฐม,Lazada,ความงาม,ลิปสติก,2,350,0.05,744.8,471.56,273.24,ลูกค้าประจำ,บัตรเครดิต,4
ORD01934,2025-05-18,ภาคเหนือ,เชียงใหม่,Lazada,อิเล็กทรอนิกส์,พาวเวอร์แบงก์,2,690,0.1,1391.04,813.14,577.9,ลูกค้าใหม่,โอนผ่านแอป,4
ORD02703,2025-10-20,ภาคเหนือ,เชียงราย,หน้าร้าน,เครื่องใช้ในบ้าน,เครื่องฟอกอากาศ,1,4990,0,5588.8,3187.43,2401.37,ลูกค้าประจำ,บัตรเครดิต,4
ORD02797,2024-09-18,ภาคเหนือ,พิษณุโลก,หน้าร้าน,ความงาม,เซรั่มบำรุงผิว,1,790,0,790.0,442.98,347.02,ลูกค้าใหม่,เก็บเงินปลายทาง,5
ORD00258,2025-10-24,ภาคกลาง,นนทบุรี,LINE Shopping,แฟชั่น,เสื้อยืด,3,290,0.15,828.24,480.05,348.19,ลูกค้าประจำ,เงินสด,3
ORD00284,2025-07-29,ภาคอีสาน,อุบลราชธานี,Lazada,เครื่องใช้ในบ้าน,เครื่องฟอกอากาศ,3,4990,0.05,15928.08,9227.43,6700.65,ลูกค้าประจำ,บัตรเครดิต,5
ORD00421,2025-12-29,ภาคเหนือ,เชียงราย,Shopee,ความงาม,ลิปสติก,1,350,0.05,372.4,204.83,167.57,ลูกค้าใหม่,เงินสด,5
ORD00743,2024-01-04,ภาคตะวันออก,ชลบุรี,Shopee,คอมพิวเตอร์,SSD 1TB,2,2190,0,4380.0,2600.51,1779.49,ลูกค้าประจำ,โอนผ่านแอป,4
ORD00577,2025-05-31,ภาคกลาง,นนทบุรี,เว็บไซต์,อิเล็กทรอนิกส์,สมาร์ทวอทช์,1,3490,0.05,3713.36,1939.68,1773.68,ลูกค้าประจำ,เงินสด,4
ORD02342,2024-07-29,ภาคกลาง,นครปฐม,หน้าร้าน,คอมพิวเตอร์,"จอมอนิเตอร์ 24""",4,4290,0,17160.0,10913.27,6246.73,ลูกค้าใหม่,เก็บเงินปลายทาง,5
ORD00707,2024-09-20,ภาคอีสาน,อุบลราชธานี,หน้าร้าน,ความงาม,ครีมกันแดด,3,450,0,1350.0,797.56,552.44,ลูกค้าใหม่,โอนผ่านแอป,5
ORD01204,2025-10-14,ภาคกลาง,นนทบุรี,Lazada,เครื่องใช้ในบ้าน,กาต้มน้ำไฟฟ้า,1,590,0.05,627.76,432.67,195.09,ลูกค้าใหม่,บัตรเครดิต,3
ORD02815,2024-12-22,ภาคกลาง,ปทุมธานี,เว็บไซต์,เครื่องใช้ในบ้าน,เครื่องฟอกอากาศ,1,4990,0.15,4241.5,3033.25,1208.25,ลูกค้าประจำ,เงินสด,5
ORD02749,2025-02-14,ภาคกลาง,นครปฐม,Shopee,แฟชั่น,รองเท้าผ้าใบ,3,1890,0,6350.4,3933.86,2416.54,ลูกค้าใหม่,เก็บเงินปลายทาง,4
ORD01404,2025-08-04,ภาคกลาง,นครปฐม,หน้าร้าน,ความงาม,เซรั่มบำรุงผิว,1,790,0,884.8,495.38,389.42,ลูกค้าประจำ,เงินสด,3
ORD02082,2024-02-07,ภาคกลาง,ปทุมธานี,Shopee,เครื่องใช้ในบ้าน,กาต้มน้ำไฟฟ้า,2,590,0.15,1003.0,698.62,304.38,ลูกค้าใหม่,เก็บเงินปลายทาง,4
ORD01086,2025-04-01,ภาคเหนือ,เชียงราย,LINE Shopping,ความงาม,เซรั่มบำรุงผิว,1,790,0.15,752.08,463.81,288.27,ลูกค้าใหม่,เงินสด,3
ORD02339,2024-06-10,ภาคใต้,สงขลา,หน้าร้าน,อิเล็กทรอนิกส์,หูฟังไร้สาย,1,1290,0,1290.0,759.09,530.91,ลูกค้าประจำ,,3
ORD02538,2024-05-09,ภาคกลาง,นนทบุรี,เว็บไซต์,อิเล็กทรอนิกส์,พาวเวอร์แบงก์,1,690,0.05,655.5,497.61,157.89,ลูกค้าใหม่,เก็บเงินปลายทาง,3
ORD02127,2025-10-27,ภาคกลาง,นครปฐม,Lazada,คอมพิวเตอร์,คีย์บอร์ดแมคคานิคอล,4,2490,0.05,10597.44,5545.27,5052.17,ลูกค้าประจำ,เก็บเงินปลายทาง,4
ORD01756,2025-09-30,ภาคใต้,สงขลา,Shopee,แฟชั่น,กางเกงยีนส์,3,890,0,2990.4,1925.77,1064.63,ลูกค้าใหม่,เก็บเงินปลายทาง,5
ORD02064,2024-06-11,ภาคกลาง,ปทุมธานี,หน้าร้าน,ความงาม,ครีมกันแดด,2,450,0,900.0,522.77,377.23,ลูกค้าใหม่,เก็บเงินปลายทาง,5
ORD01244,2024-05-12,ภาคอีสาน,อุบลราชธานี,Shopee,แฟชั่น,เสื้อยืด,3,290,0.15,739.5,569.74,169.76,ลูกค้าประจำ,โอนผ่านแอป,4
ORD01617,2025-06-25,ภาคเหนือ,พิษณุโลก,Shopee,แฟชั่น,เสื้อยืด,1,290,0,324.8,205.75,119.05,ลูกค้าประจำ,เก็บเงินปลายทาง,4
ORD02593,2025-09-04,ภาคเหนือ,เชียงใหม่,Lazada,คอมพิวเตอร์,"จอมอนิเตอร์ 24""",3,4290,0,14414.4,7965.67,6448.73,ลูกค้าประจำ,บัตรเครดิต,5
ORD02085,2024-08-22,ภาคอีสาน,อุบลราชธานี,Lazada,เครื่องใช้ในบ้าน,หม้อทอดไร้น้ำมัน,2,2590,0.15,4403.0,3120.86,1282.14,ลูกค้าใหม่,,5
ORD00735,2025-06-08,ภาคตะวันออก,จันทบุรี,Shopee,เครื่องใช้ในบ้าน,หม้อทอดไร้น้ำมัน,2,2590,0,5801.6,3758.0,2043.6,ลูกค้าใหม่,เงินสด,5
ORD00503,2025-10-02,ภาคกลาง,ปทุมธานี,หน้าร้าน,เครื่องใช้ในบ้าน,เครื่องฟอกอากาศ,1,4990,0,5588.8,2991.62,2597.18,ลูกค้าประจำ,เงินสด,5
ORD00460,2024-08-13,ภาคอีสาน,อุบลราชธานี,Shopee,ความงาม,ครีมกันแดด,2,450,0,900.0,510.57,389.43,ลูกค้าประจำ,โอนผ่านแอป,4
ORD01688,2025-02-18,ภาคตะวันออก,ระยอง,Shopee,อิเล็กทรอนิกส์,พาวเวอร์แบงก์,2,690,0.05,1468.32,759.21,709.11,ลูกค้าใหม่,บัตรเครดิต,3
ORD02187,2024-04-14,ภาคกลาง,นนทบุรี,หน้าร้าน,เครื่องใช้ในบ้าน,กาต้มน้ำไฟฟ้า,2,590,0,1180.0,673.14,506.86,ลูกค้าประจำ,เงินสด,4
ORD02856,2025-12-02,ภาคกลาง,นนทบุรี,Lazada,เครื่องใช้ในบ้าน,เครื่องฟอกอากาศ,2,4990,0.15,9500.96,5755.42,3745.54,ลูกค้าประจำ,เงินสด,5
ORD00285,2024-11-11,ภาคกลาง,นครปฐม,Lazada,เครื่องใช้ในบ้าน,กาต้มน้ำไฟฟ้า,1,590,0,590.0,430.33,159.67,ลูกค้าใหม่,เก็บเงินปลายทาง,3
ORD01033,2024-03-24,ภาคอีสาน,ขอนแก่น,Shopee,อิเล็กทรอนิกส์,หูฟังไร้สาย,1,1290,0,1290.0,722.4,567.6,ลูกค้าใหม่,โอนผ่านแอป,4
ORD00825,2025-11-06,ภาคอีสาน,นครราชสีมา,Shopee,ความงาม,ครีมกันแดด,1,450,0,504.0,322.74,181.26,ลูกค้าประจำ,เงินสด,4
ORD00992,2025-12-02,ภาคกลาง,นครปฐม,หน้าร้าน,แฟชั่น,กางเกงยีนส์,3,890,0,2990.4,1658.15,1332.25,ลูกค้าประจำ,เก็บเงินปลายทาง,3
ORD01155,2024-11-03,ภาคตะวันออก,จันทบุรี,หน้าร้าน,เครื่องใช้ในบ้าน,เครื่องฟอกอากาศ,5,4990,0,24950.0,18619.24,6330.76,ลูกค้าใหม่,เก็บเงินปลายทาง,4
ORD02817,2025-01-25,ภาคใต้,สุราษฎร์ธานี,Lazada,คอมพิวเตอร์,คีย์บอร์ดแมคคานิคอล,3,2490,0,8366.4,4281.71,4084.69,ลูกค้าประจำ,โอนผ่านแอป,1
ORD00495,2025-02-09,ภาคอีสาน,นครราชสีมา,เว็บไซต์,อิเล็กทรอนิกส์,หูฟังไร้สาย,1,1290,0.1,1300.32,961.71,338.61,ลูกค้าใหม่,โอนผ่านแอป,4
ORD01220,2025-01-02,ภาคกลาง,กรุงเทพมหานคร,เว็บไซต์,เครื่องใช้ในบ้าน,หม้อทอดไร้น้ำมัน,3,2590,0.05,8267.28,4809.19,3458.09,ลูกค้าประจำ,โอนผ่านแอป,1
ORD00467,2025-11-18,ภาคกลาง,ปทุมธานี,Lazada,แฟชั่น,กางเกงยีนส์,2,890,0,1993.6,1104.57,889.03,ลูกค้าประจำ,เก็บเงินปลายทาง,4
ORD02728,2024-09-13,ภาคตะวันออก,จันทบุรี,Lazada,อิเล็กทรอนิกส์,พาวเวอร์แบงก์,2,690,0.15,1173.0,945.53,227.47,ลูกค้าใหม่,เก็บเงินปลายทาง,4
ORD02194,2024-02-16,ภาคกลาง,กรุงเทพมหานคร,Shopee,อิเล็กทรอนิกส์,พาวเวอร์แบงก์,2,690,0,1380.0,1019.51,360.49,ลูกค้าใหม่,บัตรเครดิต,5
ORD01284,2025-12-12,ภาคใต้,สงขลา,หน้าร้าน,อิเล็กทรอนิกส์,พาวเวอร์แบงก์,5,690,0,3864.0,2029.12,1834.88,ลูกค้าประจำ,บัตรเครดิต,4
ORD02313,2024-02-15,ภาคอีสาน,นครราชสีมา,Lazada,คอมพิวเตอร์,SSD 1TB,1,2190,0,2190.0,1296.31,893.69,ลูกค้าประจำ,โอนผ่านแอป,5
ORD00975,2024-04-20,ภาคใต้,สุราษฎร์ธานี,Lazada,อิเล็กทรอนิกส์,หูฟังไร้สาย,1,1290,0,1290.0,859.17,430.83,ลูกค้าประจำ,เก็บเงินปลายทาง,5
ORD00948,2024-10-04,ภาคตะวันออก,ระยอง,Lazada,เครื่องใช้ในบ้าน,หม้อทอดไร้น้ำมัน,1,2590,0.05,2460.5,1488.27,972.23,ลูกค้าใหม่,โอนผ่านแอป,4
ORD02261,2025-03-29,ภาคกลาง,นนทบุรี,หน้าร้าน,แฟชั่น,กระเป๋าเป้,4,990,0.05,4213.44,2682.36,1531.08,ลูกค้าใหม่,เงินสด,4
ORD02769,2025-12-01,ภาคเหนือ,เชียงใหม่,หน้าร้าน,ความงาม,เซรั่มบำรุงผิว,1,790,0.05,840.56,533.51,307.05,ลูกค้าประจำ,บัตรเครดิต,4
ORD01987,2024-08-04,ภาคอีสาน,นครราชสีมา,Shopee,ความงาม,ลิปสติก,2,350,0.05,665.0,459.26,205.74,ลูกค้าประจำ,เงินสด,5
ORD02356,2024-01-23,ภาคกลาง,นนทบุรี,LINE Shopping,เครื่องใช้ในบ้าน,เครื่องฟอกอากาศ,5,4990,0,24950.0,17422.68,7527.32,ลูกค้าใหม่,บัตรเครดิต,5
ORD02091,2024-05-07,ภาคอีสาน,อุดรธานี,Shopee,ความงาม,เซรั่มบำรุงผิว,5,790,0,3950.0,2566.96,1383.04,ลูกค้าใหม่,เก็บเงินปลายทาง,2
ORD00573,2025-06-18,ภาคเหนือ,เชียงใหม่,Shopee,อิเล็กทรอนิกส์,หูฟังไร้สาย,2,1290,0,2889.6,1560.88,1328.72,ลูกค้าใหม่,เก็บเงินปลายทาง,3
ORD01913,2024-11-03,ภาคกลาง,นนทบุรี,Shopee,คอมพิวเตอร์,SSD 1TB,1,2190,0,2190.0,1380.28,809.72,ลูกค้าประจำ,เก็บเงินปลายทาง,5
ORD00210,2024-06-04,ภาคอีสาน,อุบลราชธานี,หน้าร้าน,แฟชั่น,กางเกงยีนส์,1,890,0,890.0,594.44,295.56,ลูกค้าใหม่,เก็บเงินปลายทาง,4
ORD00318,2024-11-19,ภาคอีสาน,นครราชสีมา,หน้าร้าน,คอมพิวเตอร์,เมาส์เกมมิ่ง,4,890,0,3560.0,2141.88,1418.12,ลูกค้าประจำ,เก็บเงินปลายทาง,4
ORD01040,2025-04-20,ภาคกลาง,นนทบุรี,Lazada,แฟชั่น,กระเป๋าเป้,4,990,0,4435.2,2480.11,1955.09,ลูกค้าใหม่,เงินสด,4
ORD00849,2024-07-03,ภาคใต้,สุราษฎร์ธานี,Lazada,เครื่องใช้ในบ้าน,กาต้มน้ำไฟฟ้า,1,590,0.05,560.5,395.05,165.45,ลูกค้าประจำ,เงินสด,3
ORD01263,2024-05-09,ภาคกลาง,กรุงเทพมหานคร,หน้าร้าน,อิเล็กทรอนิกส์,สมาร์ทวอทช์,2,3490,0.05,6631.0,3850.33,2780.67,ลูกค้าประจำ,เก็บเงินปลายทาง,4
ORD00535,2024-01-06,ภาคกลาง,นนทบุรี,Lazada,ความงาม,เซรั่มบำรุงผิว,1,790,0.15,671.5,577.79,93.71,ลูกค้าใหม่,เงินสด,5
ORD02888,2025-03-27,ภาคอีสาน,ขอนแก่น,LINE Shopping,แฟชั่น,กระเป๋าเป้,2,990,0,2217.6,1174.94,1042.66,ลูกค้าประจำ,เก็บเงินปลายทาง,4
ORD00373,2025-12-07,ภาคใต้,ภูเก็ต,Lazada,อิเล็กทรอนิกส์,สมาร์ทวอทช์,1,3490,0.05,3713.36,1974.28,1739.08,ลูกค้าประจำ,บัตรเครดิต,4
ORD02970,2025-07-16,ภาคใต้,สุราษฎร์ธานี,หน้าร้าน,แฟชั่น,เสื้อยืด,1,290,0,324.8,172.08,152.72,ลูกค้าประจำ,โอนผ่านแอป,5
ORD00701,2024-03-10,ภาคเหนือ,พิษณุโลก,หน้าร้าน,ความงาม,ครีมกันแดด,1,450,0,450.0,273.57,176.43,ลูกค้าใหม่,โอนผ่านแอป,5
ORD02964,2024-03-14,ภาคกลาง,นนทบุรี,Lazada,เครื่องใช้ในบ้าน,กาต้มน้ำไฟฟ้า,2,590,0,1180.0,803.88,376.12,ลูกค้าใหม่,เก็บเงินปลายทาง,3
ORD00163,2025-11-18,ภาคกลาง,นครปฐม,หน้าร้าน,แฟชั่น,กางเกงยีนส์,1,890,0,996.8,604.61,392.19,ลูกค้าประจำ,เงินสด,4
ORD02885,2025-05-05,ภาคกลาง,นครปฐม,หน้าร้าน,แฟชั่น,กระเป๋าเป้,1,990,0,1108.8,587.89,520.91,ลูกค้าประจำ,บัตรเครดิต,5
ORD01944,2024-11-08,ภาคกลาง,กรุงเทพมหานคร,เว็บไซต์,อิเล็กทรอนิกส์,พาวเวอร์แบงก์,1,690,0,690.0,480.63,209.37,ลูกค้าใหม่,โอนผ่านแอป,4
ORD00447,2025-10-09,ภาคกลาง,กรุงเทพมหานคร,LINE Shopping,อิเล็กทรอนิกส์,พาวเวอร์แบงก์,1,690,0,772.8,447.01,325.79,ลูกค้าประจำ,บัตรเครดิต,4
ORD02772,2024-07-10,ภาคเหนือ,พิษณุโลก,Lazada,ความงาม,ลิปสติก,1,350,0.1,315.0,259.83,55.17,ลูกค้าใหม่,โอนผ่านแอป,2
ORD00396,2024-03-28,ภาคกลาง,นนทบุรี,เว็บไซต์,ความงาม,ลิปสติก,4,350,0.05,1330.0,782.29,547.71,ลูกค้าประจำ,โอนผ่านแอป,3
ORD02832,2025-12-28,ภาคเหนือ,เชียงราย,หน้าร้าน,คอมพิวเตอร์,SSD 1TB,1,2190,0.05,2330.16,1398.88,931.28,ลูกค้าประจำ,โอนผ่านแอป,5
ORD00048,2025-06-27,ภาคตะวันออก,ชลบุรี,Shopee,ความงาม,เซรั่มบำรุงผิว,1,790,0,884.8,474.22,410.58,ลูกค้าประจำ,บัตรเครดิต,3
ORD00720,2024-08-28,ภาคกลาง,ปทุมธานี,LINE Shopping,อิเล็กทรอนิกส์,สมาร์ทวอทช์,2,3490,0,6980.0,3922.17,3057.83,ลูกค้าใหม่,โอนผ่านแอป,4
ORD01562,2025-03-06,ภาคกลาง,ปทุมธานี,Shopee,อิเล็กทรอนิกส์,พาวเวอร์แบงก์,4,690,0,3091.2,1877.65,1213.55,ลูกค้าประจำ,เงินสด,5
ORD01006,2025-11-22,ภาคอีสาน,อุดรธานี,LINE Shopping,อิเล็กทรอนิกส์,หูฟังไร้สาย,1,1290,0.05,1372.56,726.66,645.9,ลูกค้าใหม่,บัตรเครดิต,5
ORD01841,2024-11-02,ภาคตะวันออก,ระยอง,Shopee,อิเล็กทรอนิกส์,พาวเวอร์แบงก์,5,690,0.1,3105.0,2151.77,953.23,ลูกค้าใหม่,เก็บเงินปลายทาง,3
ORD00310,2025-05-13,ภาคกลาง,นนทบุรี,Lazada,ความงาม,ครีมกันแดด,3,450,0,1512.0,983.15,528.85,ลูกค้าใหม่,เงินสด,5
ORD02779,2024-01-16,ภาคกลาง,นครปฐม,LINE Shopping,เครื่องใช้ในบ้าน,เครื่องฟอกอากาศ,2,4990,0.05,9481.0,5523.11,3957.89,ลูกค้าใหม่,เงินสด,5
ORD02112,2025-01-17,ภาคกลาง,นนทบุรี,Shopee,แฟชั่น,กางเกงยีนส์,2,890,0,1993.6,1143.6,850.0,ลูกค้าใหม่,บัตรเครดิต,5
ORD02273,2024-02-27,ภาคใต้,ภูเก็ต,Shopee,เครื่องใช้ในบ้าน,เครื่องฟอกอากาศ,2,4990,0.1,8982.0,6438.34,2543.66,ลูกค้าประจำ,เก็บเงินปลายทาง,3
ORD01213,2025-11-14,ภาคอีสาน,อุดรธานี,LINE Shopping,อิเล็กทรอนิกส์,หูฟังไร้สาย,1,1290,0.1,1300.32,892.05,408.27,ลูกค้าใหม่,โอนผ่านแอป,5
ORD01320,2025-12-06,ภาคกลาง,กรุงเทพมหานคร,เว็บไซต์,เครื่องใช้ในบ้าน,กาต้มน้ำไฟฟ้า,1,590,0.15,561.68,330.32,231.36,ลูกค้าประจำ,โอนผ่านแอป,2
ORD00470,2024-12-05,ภาคตะวันออก,ชลบุรี,เว็บไซต์,ความงาม,ลิปสติก,1,350,0.15,297.5,230.4,67.1,ลูกค้าประจำ,เก็บเงินปลายทาง,4
ORD01464,2025-12-03,ภาคตะวันออก,จันทบุรี,LINE Shopping,ความงาม,ลิปสติก,3,350,0,1176.0,596.58,579.42,ลูกค้าใหม่,โอนผ่านแอป,5
ORD00698,2024-05-13,ภาคใต้,สงขลา,Shopee,เครื่องใช้ในบ้าน,กาต้มน้ำไฟฟ้า,3,590,0,1770.0,1057.84,712.16,ลูกค้าใหม่,เก็บเงินปลายทาง,3
ORD01138,2024-11-27,ภาคใต้,ภูเก็ต,Lazada,แฟชั่น,รองเท้าผ้าใบ,4,1890,0.15,6426.0,4436.15,1989.85,ลูกค้าประจำ,เก็บเงินปลายทาง,3
ORD02108,2025-03-07,ภาคอีสาน,อุบลราชธานี,หน้าร้าน,อิเล็กทรอนิกส์,ลำโพงบลูทูธ,1,1590,0,1780.8,887.79,893.01,ลูกค้าประจำ,บัตรเครดิต,3
ORD01938,2024-11-30,ภาคใต้,สงขลา,LINE Shopping,อิเล็กทรอนิกส์,สมาร์ทวอทช์,1,3490,0.1,3141.0,2176.0,965.0,ลูกค้าประจำ,เก็บเงินปลายทาง,4
ORD00718,2025-01-29,ภาคเหนือ,พิษณุโลก,Shopee,แฟชั่น,กระเป๋าเป้,2,990,0,2217.6,1406.65,810.95,ลูกค้าประจำ,เก็บเงินปลายทาง,4
ORD02321,2025-10-22,ภาคเหนือ,เชียงราย,หน้าร้าน,เครื่องใช้ในบ้าน,เครื่องฟอกอากาศ,2,4990,0,11177.6,6516.74,4660.86,ลูกค้าประจำ,เก็บเงินปลายทาง,4
ORD02206,2025-11-12,ภาคกลาง,นนทบุรี,Lazada,ความงาม,ลิปสติก,1,350,0,392.0,218.68,173.32,ลูกค้าใหม่,,4
ORD02237,2024-05-11,ภาคกลาง,นนทบุรี,หน้าร้าน,อิเล็กทรอนิกส์,หูฟังไร้สาย,1,1290,0,1290.0,744.24,545.76,ลูกค้าใหม่,โอนผ่านแอป,5
ORD01643,2025-08-28,ภาคกลาง,กรุงเทพมหานคร,Lazada,แฟชั่น,กางเกงยีนส์,1,890,0,996.8,516.79,480.01,ลูกค้าประจำ,โอนผ่านแอป,5
ORD01606,2025-03-11,ภาคใต้,ภูเก็ต,หน้าร้าน,อิเล็กทรอนิกส์,สมาร์ทวอทช์,3,3490,0,11726.4,6529.72,5196.68,ลูกค้าใหม่,บัตรเครดิต,5
ORD00485,2024-11-19,ภาคอีสาน,อุดรธานี,Shopee,เครื่องใช้ในบ้าน,เครื่องฟอกอากาศ,2,4990,0,9980.0,6555.7,3424.3,ลูกค้าประจำ,เงินสด,3
ORD02100,2025-12-19,ภาคกลาง,นนทบุรี,Lazada,คอมพิวเตอร์,คีย์บอร์ดแมคคานิคอล,4,2490,0,11155.2,5628.51,5526.69,ลูกค้าใหม่,โอนผ่านแอป,5
ORD02021,2025-12-26,ภาคกลาง,กรุงเทพมหานคร,หน้าร้าน,แฟชั่น,กระเป๋าเป้,1,990,0,1108.8,626.66,482.14,ลูกค้าประจำ,เก็บเงินปลายทาง,3
ORD02720,2025-11-20,ภาคตะวันออก,ระยอง,Shopee,ความงาม,เซรั่มบำรุงผิว,4,790,0,3539.2,2029.27,1509.93,ลูกค้าประจำ,บัตรเครดิต,3
ORD00011,2025-11-25,ภาคเหนือ,พิษณุโลก,LINE Shopping,คอมพิวเตอร์,คีย์บอร์ดแมคคานิคอล,2,2490,0,5577.6,3003.0,2574.6,ลูกค้าประจำ,โอนผ่านแอป,5
ORD02543,2024-10-15,ภาคอีสาน,นครราชสีมา,Lazada,อิเล็กทรอนิกส์,ลำโพงบลูทูธ,1,1590,0.05,1510.5,1059.47,451.03,ลูกค้าใหม่,เงินสด,5
ORD02909,2025-11-23,ภาคเหนือ,พิษณุโลก,หน้าร้าน,ความงาม,ลิปสติก,2,350,0,784.0,414.49,369.51,ลูกค้าประจำ,เก็บเงินปลายทาง,5
ORD01835,2024-09-14,ภาคกลาง,กรุงเทพมหานคร,Shopee,แฟชั่น,เสื้อยืด,5,290,0.15,1232.5,968.69,263.81,ลูกค้าประจำ,เงินสด,5
ORD00896,2025-01-28,ภาคกลาง,กรุงเทพมหานคร,เว็บไซต์,แฟชั่น,กระเป๋าเป้,3,990,0,3326.4,2074.29,1252.11,ลูกค้าประจำ,เก็บเงินปลายทาง,4
ORD02696,2025-09-13,ภาคอีสาน,นครราชสีมา,Lazada,ความงาม,เซรั่มบำรุงผิว,3,790,0,2654.4,1700.09,954.31,ลูกค้าประจำ,เก็บเงินปลายทาง,3
ORD01415,2025-11-28,ภาคกลาง,กรุงเทพมหานคร,Lazada,อิเล็กทรอนิกส์,ลำโพงบลูทูธ,4,1590,0,7123.2,3678.74,3444.46,ลูกค้าใหม่,เก็บเงินปลายทาง,3
ORD00024,2024-02-12,ภาคตะวันออก,จันทบุรี,หน้าร้าน,อิเล็กทรอนิกส์,สมาร์ทวอทช์,1,3490,0,3490.0,2166.37,1323.63,ลูกค้าประจำ,เก็บเงินปลายทาง,5
ORD01228,2025-06-20,ภาคกลาง,ปทุมธานี,หน้าร้าน,คอมพิวเตอร์,คีย์บอร์ดแมคคานิคอล,1,2490,0,2788.8,1844.69,944.11,ลูกค้าใหม่,โอนผ่านแอป,3
ORD01154,2025-07-18,ภาคกลาง,นครปฐม,Shopee,ความงาม,ครีมกันแดด,3,450,0,1512.0,826.76,685.24,ลูกค้าใหม่,เงินสด,2
ORD01059,2025-10-04,ภาคกลาง,ปทุมธานี,หน้าร้าน,ความงาม,เซรั่มบำรุงผิว,1,790,0,884.8,553.66,331.14,ลูกค้าใหม่,บัตรเครดิต,5
ORD02510,2024-03-05,ภาคใต้,ภูเก็ต,Shopee,อิเล็กทรอนิกส์,พาวเวอร์แบงก์,1,690,0.15,586.5,492.54,93.96,ลูกค้าใหม่,บัตรเครดิต,4
ORD00728,2025-11-18,ภาคกลาง,นครปฐม,LINE Shopping,อิเล็กทรอนิกส์,พาวเวอร์แบงก์,1,690,0.1,695.52,385.69,309.83,ลูกค้าใหม่,บัตรเครดิต,3
ORD01360,2024-08-04,ภาคกลาง,ปทุมธานี,LINE Shopping,แฟชั่น,กางเกงยีนส์,1,890,0.1,801.0,547.9,253.1,ลูกค้าใหม่,เงินสด,4
ORD01733,2025-11-27,ภาคอีสาน,ขอนแก่น,Shopee,แฟชั่น,เสื้อยืด,1,290,0.1,292.32,213.65,78.67,ลูกค้าประจำ,เก็บเงินปลายทาง,4
ORD01870,2025-01-26,ภาคเหนือ,เชียงใหม่,หน้าร้าน,อิเล็กทรอนิกส์,ลำโพงบลูทูธ,1,1590,0,1780.8,1113.48,667.32,ลูกค้าใหม่,โอนผ่านแอป,4
ORD02822,2024-04-20,ภาคกลาง,ปทุมธานี,Lazada,เครื่องใช้ในบ้าน,กาต้มน้ำไฟฟ้า,1,590,0.05,560.5,436.94,123.56,ลูกค้าประจำ,เงินสด,4
ORD02587,2024-10-06,ภาคอีสาน,ขอนแก่น,Lazada,เครื่องใช้ในบ้าน,หม้อทอดไร้น้ำมัน,3,2590,0.1,6993.0,5290.8,1702.2,ลูกค้าใหม่,เงินสด,4
ORD01830,2024-07-14,ภาคเหนือ,พิษณุโลก,เว็บไซต์,ความงาม,ลิปสติก,2,350,0,700.0,440.36,259.64,ลูกค้าใหม่,เงินสด,5
ORD01057,2024-05-20,ภาคกลาง,นครปฐม,หน้าร้าน,แฟชั่น,เสื้อยืด,1,290,0,290.0,198.34,91.66,ลูกค้าประจำ,เงินสด,3
ORD01749,2025-09-04,ภาคกลาง,กรุงเทพมหานคร,Lazada,ความงาม,เซรั่มบำรุงผิว,1,790,0,884.8,563.09,321.71,ลูกค้าประจำ,โอนผ่านแอป,3
ORD00168,2025-08-06,ภาคเหนือ,เชียงราย,Shopee,เครื่องใช้ในบ้าน,เครื่องฟอกอากาศ,2,4990,0.15,9500.96,6769.82,2731.14,ลูกค้าประจำ,บัตรเครดิต,3
ORD00402,2025-02-27,ภาคอีสาน,ขอนแก่น,Lazada,ความงาม,ครีมกันแดด,1,450,0.15,428.4,295.11,133.29,ลูกค้าประจำ,บัตรเครดิต,4
ORD00854,2024-01-22,ภาคกลาง,นนทบุรี,Shopee,เครื่องใช้ในบ้าน,เครื่องฟอกอากาศ,2,4990,0.15,8483.0,5587.23,2895.77,ลูกค้าใหม่,โอนผ่านแอป,
ORD02041,2025-12-20,ภาคใต้,สุราษฎร์ธานี,Shopee,อิเล็กทรอนิกส์,สมาร์ทวอทช์,2,3490,0,7817.6,5118.68,2698.92,ลูกค้าประจำ,บัตรเครดิต,4
ORD00289,2024-12-17,ภาคเหนือ,พิษณุโลก,Lazada,คอมพิวเตอร์,คีย์บอร์ดแมคคานิคอล,1,2490,0.15,2116.5,1624.62,491.88,ลูกค้าประจำ,บัตรเครดิต,5
ORD00929,2025-03-29,ภาคกลาง,นครปฐม,หน้าร้าน,ความงาม,เซรั่มบำรุงผิว,5,790,0,4424.0,2647.57,1776.43,ลูกค้าประจำ,บัตรเครดิต,4
ORD02181,2024-06-13,ภาคกลาง,กรุงเทพมหานคร,หน้าร้าน,เครื่องใช้ในบ้าน,กาต้มน้ำไฟฟ้า,1,590,0,590.0,341.44,248.56,ลูกค้าใหม่,บัตรเครดิต,5
ORD01153,2025-01-16,ภาคกลาง,กรุงเทพมหานคร,หน้าร้าน,อิเล็กทรอนิกส์,สมาร์ทวอทช์,3,3490,0,11726.4,7003.69,4722.71,ลูกค้าประจำ,เก็บเงินปลายทาง,4
ORD02562,2024-11-10,ภาคกลาง,กรุงเทพมหานคร,หน้าร้าน,แฟชั่น,กระเป๋าเป้,2,990,0,1980.0,1395.12,584.88,,เงินสด,5
ORD02279,2025-11-15,ภาคเหนือ,เชียงใหม่,LINE Shopping,เครื่องใช้ในบ้าน,เครื่องฟอกอากาศ,1,4990,0,5588.8,2758.57,2830.23,ลูกค้าประจำ,บัตรเครดิต,4
ORD02039,2024-12-31,ภาคเหนือ,เชียงใหม่,Lazada,แฟชั่น,กระเป๋าเป้,1,990,0.05,940.5,639.36,301.14,ลูกค้าใหม่,โอนผ่านแอป,5
ORD01748,2025-04-03,ภาคอีสาน,อุบลราชธานี,LINE Shopping,ความงาม,ครีมกันแดด,1,450,0.1,453.6,310.41,143.19,ลูกค้าประจำ,บัตรเครดิต,5
ORD00405,2024-12-07,ภาคใต้,สงขลา,Shopee,คอมพิวเตอร์,เมาส์เกมมิ่ง,2,890,0,1780.0,1260.31,519.69,ลูกค้าใหม่,บัตรเครดิต,5
ORD00079,2025-01-14,ภาคเหนือ,พิษณุโลก,Shopee,คอมพิวเตอร์,"จอมอนิเตอร์ 24""",1,4290,0.1,4324.32,3133.16,1191.16,ลูกค้าใหม่,เก็บเงินปลายทาง,4
ORD01107,2024-03-07,ภาคใต้,สงขลา,หน้าร้าน,แฟชั่น,รองเท้าผ้าใบ,1,1890,0,1890.0,1313.24,576.76,ลูกค้าใหม่,บัตรเครดิต,4
ORD00901,2025-03-17,ภาคกลาง,นครปฐม,LINE Shopping,แฟชั่น,กางเกงยีนส์,4,890,0.15,3389.12,2542.19,846.93,ลูกค้าใหม่,บัตรเครดิต,4
ORD00340,2025-05-25,ภาคกลาง,นนทบุรี,หน้าร้าน,เครื่องใช้ในบ้าน,เครื่องฟอกอากาศ,3,4990,0,16766.4,9944.3,6822.1,ลูกค้าประจำ,บัตรเครดิต,5
ORD00325,2025-09-18,ภาคอีสาน,อุบลราชธานี,Shopee,คอมพิวเตอร์,SSD 1TB,2,2190,0,4905.6,2733.31,2172.29,ลูกค้าใหม่,บัตรเครดิต,4
ORD00330,2025-02-19,ภาคเหนือ,เชียงราย,Lazada,อิเล็กทรอนิกส์,หูฟังไร้สาย,1,1290,0.1,1300.32,945.57,354.75,ลูกค้าใหม่,บัตรเครดิต,
ORD00688,2024-07-09,ภาคกลาง,นครปฐม,Shopee,แฟชั่น,กระเป๋าเป้,1,990,0,990.0,625.82,364.18,ลูกค้าใหม่,บัตรเครดิต,3
ORD01273,2025-01-08,ภาคใต้,สงขลา,Lazada,อิเล็กทรอนิกส์,พาวเวอร์แบงก์,1,690,0,772.8,484.52,288.28,ลูกค้าประจำ,เก็บเงินปลายทาง,4
ORD01763,2024-12-06,ภาคเหนือ,เชียงใหม่,Shopee,ความงาม,ครีมกันแดด,1,450,0,450.0,314.7,135.3,ลูกค้าใหม่,เงินสด,4
ORD00654,2025-11-20,ภาคตะวันออก,ชลบุรี,LINE Shopping,แฟชั่น,กางเกงยีนส์,4,890,0.05,3787.84,2429.8,1358.04,ลูกค้าใหม่,โอนผ่านแอป,5
ORD01117,2025-08-27,ภาคใต้,สงขลา,หน้าร้าน,เครื่องใช้ในบ้าน,เครื่องฟอกอากาศ,1,4990,0,5588.8,3646.36,1942.44,ลูกค้าประจำ,เก็บเงินปลายทาง,5
ORD00835,2025-04-04,ภาคกลาง,ปทุมธานี,เว็บไซต์,คอมพิวเตอร์,คีย์บอร์ดแมคคานิคอล,3,2490,0.1,7529.76,5103.36,2426.4,ลูกค้าประจำ,บัตรเครดิต,4
ORD00883,2024-07-11,ภาคกลาง,ปทุมธานี,หน้าร้าน,เครื่องใช้ในบ้าน,เครื่องฟอกอากาศ,2,4990,0,9980.0,6197.89,3782.11,ลูกค้าใหม่,เก็บเงินปลายทาง,5
ORD02073,2024-11-09,ภาคกลาง,ปทุมธานี,Shopee,คอมพิวเตอร์,คีย์บอร์ดแมคคานิคอล,4,2490,0,9960.0,7148.3,2811.7,ลูกค้าประจำ,เก็บเงินปลายทาง,5
ORD01896,2024-02-19,ภาคเหนือ,พิษณุโลก,Lazada,ความงาม,ลิปสติก,2,350,0,700.0,425.02,274.98,ลูกค้าใหม่,บัตรเครดิต,2
ORD02839,2025-12-27,ภาคกลาง,กรุงเทพมหานคร,เว็บไซต์,แฟชั่น,รองเท้าผ้าใบ,1,1890,0.1,1905.12,1127.19,777.93,ลูกค้าประจำ,บัตรเครดิต,3
ORD02764,2025-11-06,ภาคอีสาน,อุดรธานี,Shopee,อิเล็กทรอนิกส์,ลำโพงบลูทูธ,1,1590,0.1,1602.72,929.72,673.0,ลูกค้าประจำ,บัตรเครดิต,3
ORD00462,2025-04-26,ภาคเหนือ,เชียงใหม่,Lazada,แฟชั่น,กระเป๋าเป้,1,990,0,1108.8,634.08,474.72,ลูกค้าใหม่,เงินสด,5
ORD02642,2024-10-24,ภาคกลาง,นนทบุรี,หน้าร้าน,ความงาม,ครีมกันแดด,1,450,0,450.0,249.69,200.31,ลูกค้าประจำ,บัตรเครดิต,5
ORD01090,2024-09-25,ภาคใต้,สงขลา,หน้าร้าน,อิเล็กทรอนิกส์,สมาร์ทวอทช์,3,3490,0.05,9946.5,7279.78,2666.72,ลูกค้าใหม่,โอนผ่านแอป,5
ORD02998,2024-01-03,ภาคใต้,สุราษฎร์ธานี,หน้าร้าน,เครื่องใช้ในบ้าน,กาต้มน้ำไฟฟ้า,2,590,0.05,1121.0,700.19,420.81,ลูกค้าประจำ,เงินสด,5
ORD00547,2025-05-22,ภาคอีสาน,อุบลราชธานี,เว็บไซต์,ความงาม,เซรั่มบำรุงผิว,1,790,0.1,796.32,527.88,268.44,ลูกค้าใหม่,เงินสด,4
ORD01274,2025-06-02,ภาคเหนือ,เชียงราย,เว็บไซต์,คอมพิวเตอร์,"จอมอนิเตอร์ 24""",2,4290,0,9609.6,5812.82,3796.78,ลูกค้าประจำ,เงินสด,3
ORD02660,2025-12-12,ภาคกลาง,กรุงเทพมหานคร,หน้าร้าน,เครื่องใช้ในบ้าน,เครื่องฟอกอากาศ,3,4990,0,16766.4,8822.16,7944.24,ลูกค้าประจำ,เงินสด,5
ORD01070,2025-12-06,ภาคอีสาน,อุบลราชธานี,Lazada,เครื่องใช้ในบ้าน,เครื่องฟอกอากาศ,5,4990,0,27944.0,17785.5,10158.5,ลูกค้าประจำ,เก็บเงินปลายทาง,4
ORD01097,2024-07-29,ภาคอีสาน,อุบลราชธานี,Lazada,เครื่องใช้ในบ้าน,หม้อทอดไร้น้ำมัน,3,2590,0,7770.0,4655.21,3114.79,ลูกค้าประจำ,เก็บเงินปลายทาง,4
ORD00345,2025-12-28,ภาคอีสาน,อุบลราชธานี,LINE Shopping,เครื่องใช้ในบ้าน,เครื่องฟอกอากาศ,3,4990,0.15,14251.44,9990.74,4260.7,ลูกค้าประจำ,โอนผ่านแอป,5
ORD01992,2024-03-09,ภาคใต้,ภูเก็ต,Lazada,เครื่องใช้ในบ้าน,เครื่องฟอกอากาศ,3,4990,0,14970.0,10685.29,4284.71,ลูกค้าประจำ,เก็บเงินปลายทาง,5
ORD00431,2025-07-06,ภาคกลาง,นครปฐม,หน้าร้าน,อิเล็กทรอนิกส์,สมาร์ทวอทช์,1,3490,0,3908.8,2277.34,1631.46,ลูกค้าประจำ,บัตรเครดิต,4
ORD01845,2025-10-10,ภาคเหนือ,พิษณุโลก,Shopee,อิเล็กทรอนิกส์,ลำโพงบลูทูธ,2,1590,0.1,3205.44,1924.48,1280.96,ลูกค้าประจำ,บัตรเครดิต,4
ORD01760,2024-02-28,ภาคกลาง,ปทุมธานี,หน้าร้าน,เครื่องใช้ในบ้าน,เครื่องฟอกอากาศ,1,4990,0,4990.0,3604.35,1385.65,ลูกค้าใหม่,เก็บเงินปลายทาง,5
ORD00584,2024-12-27,ภาคกลาง,กรุงเทพมหานคร,Lazada,ความงาม,เซรั่มบำรุงผิว,1,790,0.15,671.5,589.94,81.56,ลูกค้าประจำ,โอนผ่านแอป,4
ORD00057,2025-11-19,ภาคอีสาน,อุบลราชธานี,เว็บไซต์,คอมพิวเตอร์,SSD 1TB,1,2190,0,2452.8,1283.99,1168.81,ลูกค้าประจำ,เก็บเงินปลายทาง,5
ORD02135,2024-01-31,ภาคใต้,สุราษฎร์ธานี,หน้าร้าน,แฟชั่น,กระเป๋าเป้,1,990,0,990.0,552.82,437.18,ลูกค้าประจำ,โอนผ่านแอป,3
ORD01577,2025-09-02,ภาคกลาง,กรุงเทพมหานคร,เว็บไซต์,อิเล็กทรอนิกส์,พาวเวอร์แบงก์,5,690,0,3864.0,2263.81,1600.19,ลูกค้าประจำ,บัตรเครดิต,5
ORD00853,2025-02-23,ภาคตะวันออก,ชลบุรี,หน้าร้าน,ความงาม,ครีมกันแดด,3,450,0.05,1436.4,907.4,529.0,ลูกค้าประจำ,เงินสด,5
ORD01376,2025-11-25,ภาคเหนือ,พิษณุโลก,Shopee,คอมพิวเตอร์,คีย์บอร์ดแมคคานิคอล,1,2490,0,2788.8,1722.23,1066.57,ลูกค้าประจำ,เงินสด,5
ORD01067,2025-02-11,ภาคกลาง,กรุงเทพมหานคร,เว็บไซต์,แฟชั่น,กระเป๋าเป้,3,990,0,3326.4,1976.1,1350.3,ลูกค้าประจำ,บัตรเครดิต,5
ORD01121,2024-11-30,ภาคกลาง,กรุงเทพมหานคร,เว็บไซต์,ความงาม,ลิปสติก,1,350,0.05,332.5,222.84,109.66,ลูกค้าประจำ,เงินสด,5
ORD00733,2025-04-10,ภาคตะวันออก,จันทบุรี,เว็บไซต์,คอมพิวเตอร์,เมาส์เกมมิ่ง,1,890,0,996.8,502.16,494.64,ลูกค้าประจำ,บัตรเครดิต,5
ORD00453,2024-12-14,ภาคอีสาน,นครราชสีมา,Shopee,แฟชั่น,กางเกงยีนส์,1,890,0.1,801.0,569.67,231.33,ลูกค้าประจำ,เงินสด,4
ORD01930,2024-12-15,ภาคเหนือ,เชียงใหม่,Shopee,คอมพิวเตอร์,SSD 1TB,1,2190,0.05,2080.5,1371.02,709.48,ลูกค้าประจำ,โอนผ่านแอป,5
ORD00171,2025-07-18,ภาคกลาง,นนทบุรี,หน้าร้าน,เครื่องใช้ในบ้าน,กาต้มน้ำไฟฟ้า,5,590,0.05,3138.8,2020.18,1118.62,ลูกค้าใหม่,เงินสด,4
ORD01313,2025-02-13,ภาคเหนือ,เชียงใหม่,หน้าร้าน,ความงาม,ครีมกันแดด,3,450,0,1512.0,849.2,662.8,ลูกค้าประจำ,เก็บเงินปลายทาง,4
ORD00794,2024-10-03,ภาคอีสาน,ขอนแก่น,หน้าร้าน,เครื่องใช้ในบ้าน,กาต้มน้ำไฟฟ้า,1,590,0,590.0,405.99,184.01,ลูกค้าใหม่,เงินสด,5
ORD02272,2024-12-11,ภาคกลาง,กรุงเทพมหานคร,LINE Shopping,แฟชั่น,เสื้อยืด,1,290,0.05,275.5,160.88,114.62,ลูกค้าประจำ,เงินสด,3
ORD01932,2025-07-18,ภาคอีสาน,อุบลราชธานี,เว็บไซต์,คอมพิวเตอร์,"จอมอนิเตอร์ 24""",3,4290,0,14414.4,8454.0,5960.4,ลูกค้าใหม่,เงินสด,5
ORD02274,2024-03-16,ภาคกลาง,นนทบุรี,Shopee,คอมพิวเตอร์,คีย์บอร์ดแมคคานิคอล,2,2490,0,4980.0,3476.67,1503.33,ลูกค้าประจำ,เก็บเงินปลายทาง,5
ORD00869,2024-01-15,ภาคกลาง,นนทบุรี,Lazada,แฟชั่น,รองเท้าผ้าใบ,1,1890,0,1890.0,1251.6,638.4,ลูกค้าใหม่,โอนผ่านแอป,3
ORD02504,2024-08-03,ภาคกลาง,นนทบุรี,Shopee,ความงาม,ครีมกันแดด,3,450,0.15,1147.5,778.71,368.79,ลูกค้าประจำ,บัตรเครดิต,4
ORD02277,2024-11-06,ภาคเหนือ,เชียงราย,หน้าร้าน,ความงาม,ลิปสติก,1,350,0,350.0,241.76,108.24,ลูกค้าประจำ,บัตรเครดิต,3
ORD01143,2024-11-03,ภาคใต้,สงขลา,หน้าร้าน,คอมพิวเตอร์,"จอมอนิเตอร์ 24""",1,4290,0,4290.0,2394.29,1895.71,ลูกค้าใหม่,เงินสด,4
ORD01020,2025-08-11,ภาคกลาง,นครปฐม,Lazada,แฟชั่น,รองเท้าผ้าใบ,1,1890,0,2116.8,1327.77,789.03,ลูกค้าใหม่,เงินสด,5
ORD01004,2025-02-03,ภาคกลาง,นครปฐม,Shopee,แฟชั่น,เสื้อยืด,1,290,0.1,292.32,198.27,94.05,ลูกค้าประจำ,บัตรเครดิต,3
ORD00891,2025-07-22,ภาคกลาง,นนทบุรี,Shopee,แฟชั่น,กางเกงยีนส์,1,890,0.15,847.28,559.64,287.64,ลูกค้าประจำ,เก็บเงินปลายทาง,5
ORD00371,2024-08-15,ภาคกลาง,กรุงเทพมหานคร,Shopee,เครื่องใช้ในบ้าน,กาต้มน้ำไฟฟ้า,1,590,0.1,531.0,342.76,188.24,,โอนผ่านแอป,3
ORD00739,2025-09-07,ภาคกลาง,นครปฐม,หน้าร้าน,เครื่องใช้ในบ้าน,เครื่องฟอกอากาศ,5,4990,0,27944.0,18053.92,9890.08,ลูกค้าใหม่,โอนผ่านแอป,3
ORD01171,2024-12-25,ภาคอีสาน,อุดรธานี,หน้าร้าน,ความงาม,เซรั่มบำรุงผิว,2,790,0,1580.0,928.21,651.79,ลูกค้าประจำ,เก็บเงินปลายทาง,4
ORD02517,2024-11-18,ภาคอีสาน,นครราชสีมา,LINE Shopping,แฟชั่น,กางเกงยีนส์,4,890,0,3560.0,2356.43,1203.57,ลูกค้าประจำ,บัตรเครดิต,5
ORD00484,2024-11-09,ภาคกลาง,นนทบุรี,Shopee,เครื่องใช้ในบ้าน,หม้อทอดไร้น้ำมัน,1,2590,0,2590.0,1690.68,899.32,ลูกค้าประจำ,โอนผ่านแอป,4
ORD02011,2024-10-08,ภาคอีสาน,อุดรธานี,เว็บไซต์,ความงาม,ลิปสติก,1,350,0.05,332.5,222.58,109.92,ลูกค้าประจำ,เก็บเงินปลายทาง,5
ORD00993,2024-09-23,ภาคกลาง,กรุงเทพมหานคร,หน้าร้าน,อิเล็กทรอนิกส์,สมาร์ทวอทช์,1,3490,0,3490.0,1933.74,1556.26,ลูกค้าประจำ,เงินสด,5
ORD00331,2024-07-18,ภาคกลาง,ปทุมธานี,Shopee,อิเล็กทรอนิกส์,สมาร์ทวอทช์,1,3490,0.1,3141.0,1970.03,1170.97,ลูกค้าใหม่,เงินสด,5
ORD01197,2024-01-24,ภาคเหนือ,พิษณุโลก,Lazada,เครื่องใช้ในบ้าน,เครื่องฟอกอากาศ,3,4990,0.1,13473.0,9957.17,3515.83,ลูกค้าประจำ,เงินสด,5
ORD01936,2024-08-03,ภาคอีสาน,ขอนแก่น,หน้าร้าน,อิเล็กทรอนิกส์,ลำโพงบลูทูธ,1,1590,0,1590.0,1077.68,512.32,ลูกค้าประจำ,บัตรเครดิต,5
ORD01772,2025-11-23,ภาคกลาง,กรุงเทพมหานคร,หน้าร้าน,แฟชั่น,กางเกงยีนส์,3,890,0.05,2840.88,1956.98,883.9,ลูกค้าใหม่,เงินสด,4
ORD02831,2025-06-27,ภาคกลาง,นนทบุรี,หน้าร้าน,แฟชั่น,กางเกงยีนส์,1,890,0,996.8,654.4,342.4,ลูกค้าประจำ,เงินสด,5
ORD01884,2024-09-11,ภาคใต้,สงขลา,เว็บไซต์,แฟชั่น,รองเท้าผ้าใบ,4,1890,0.05,7182.0,5635.87,1546.13,ลูกค้าประจำ,บัตรเครดิต,4
ORD01581,2024-06-28,ภาคตะวันออก,ชลบุรี,Shopee,ความงาม,ลิปสติก,5,350,0,1750.0,1085.3,664.7,ลูกค้าใหม่,บัตรเครดิต,5
ORD00189,2025-04-19,ภาคอีสาน,ขอนแก่น,หน้าร้าน,ความงาม,ครีมกันแดด,1,450,0,504.0,274.09,229.91,ลูกค้าใหม่,โอนผ่านแอป,4
ORD02584,2025-06-09,ภาคอีสาน,นครราชสีมา,หน้าร้าน,แฟชั่น,กางเกงยีนส์,2,890,0,1993.6,1125.74,867.86,ลูกค้าใหม่,เงินสด,5
ORD00461,2025-04-18,ภาคอีสาน,ขอนแก่น,Shopee,คอมพิวเตอร์,คีย์บอร์ดแมคคานิคอล,1,2490,0.1,2509.92,1840.73,669.19,ลูกค้าประจำ,เงินสด,2
ORD01064,2025-01-25,ภาคตะวันออก,ระยอง,Shopee,อิเล็กทรอนิกส์,หูฟังไร้สาย,1,1290,0.05,1372.56,900.9,471.66,ลูกค้าใหม่,เก็บเงินปลายทาง,5
ORD02022,2024-11-07,ภาคกลาง,นนทบุรี,Lazada,ความงาม,เซรั่มบำรุงผิว,1,790,0.05,750.5,552.56,197.94,ลูกค้าใหม่,เงินสด,5
ORD01395,2024-05-14,ภาคตะวันออก,จันทบุรี,LINE Shopping,อิเล็กทรอนิกส์,หูฟังไร้สาย,1,1290,0,1290.0,858.44,431.56,ลูกค้าใหม่,เงินสด,5
ORD02168,2024-08-16,ภาคกลาง,นครปฐม,Lazada,เครื่องใช้ในบ้าน,หม้อทอดไร้น้ำมัน,2,2590,0,5180.0,3194.18,1985.82,ลูกค้าประจำ,บัตรเครดิต,4
ORD00222,2024-01-02,ภาคกลาง,กรุงเทพมหานคร,LINE Shopping,เครื่องใช้ในบ้าน,หม้อทอดไร้น้ำมัน,1,2590,0.05,2460.5,1679.37,781.13,ลูกค้าประจำ,โอนผ่านแอป,5
ORD00908,2025-06-26,ภาคกลาง,ปทุมธานี,หน้าร้าน,เครื่องใช้ในบ้าน,เครื่องฟอกอากาศ,2,4990,0.05,10618.72,6656.53,3962.19,ลูกค้าประจำ,เก็บเงินปลายทาง,5
ORD01353,2024-03-15,ภาคกลาง,นครปฐม,Shopee,ความงาม,เซรั่มบำรุงผิว,1,790,0,790.0,524.46,265.54,ลูกค้าใหม่,โอนผ่านแอป,3
ORD01994,2024-08-10,ภาคอีสาน,ขอนแก่น,Shopee,อิเล็กทรอนิกส์,ลำโพงบลูทูธ,2,1590,0.15,2703.0,1963.76,739.24,ลูกค้าประจำ,เก็บเงินปลายทาง,5
ORD01491,2024-07-27,ภาคเหนือ,เชียงราย,Lazada,อิเล็กทรอนิกส์,สมาร์ทวอทช์,2,3490,0.1,6282.0,5113.62,1168.38,ลูกค้าใหม่,เก็บเงินปลายทาง,3
ORD01459,2024-08-21,ภาคใต้,สงขลา,Lazada,เครื่องใช้ในบ้าน,หม้อทอดไร้น้ำมัน,1,2590,0.1,2331.0,1913.66,417.34,ลูกค้าใหม่,โอนผ่านแอป,4
ORD02893,2025-04-06,ภาคกลาง,นครปฐม,หน้าร้าน,อิเล็กทรอนิกส์,พาวเวอร์แบงก์,3,690,0,2318.4,1333.14,985.26,ลูกค้าประจำ,เงินสด,5
ORD00169,2025-07-13,ภาคตะวันออก,จันทบุรี,Shopee,ความงาม,ลิปสติก,4,350,0,1568.0,1034.65,533.35,ลูกค้าใหม่,เงินสด,4
ORD01908,2025-12-16,ภาคกลาง,นครปฐม,Shopee,อิเล็กทรอนิกส์,สมาร์ทวอทช์,2,3490,0.15,6644.96,4763.45,1881.51,ลูกค้าใหม่,เก็บเงินปลายทาง,5
ORD01823,2025-12-25,ภาคกลาง,นครปฐม,เว็บไซต์,ความงาม,ครีมกันแดด,1,450,0,504.0,261.6,242.4,ลูกค้าประจำ,เก็บเงินปลายทาง,5
ORD02865,2025-12-06,ภาคเหนือ,เชียงใหม่,Lazada,เครื่องใช้ในบ้าน,เครื่องฟอกอากาศ,1,4990,0,5588.8,3136.65,2452.15,ลูกค้าใหม่,โอนผ่านแอป,1
ORD02154,2024-09-24,ภาคตะวันออก,จันทบุรี,หน้าร้าน,คอมพิวเตอร์,SSD 1TB,3,2190,0.05,6241.5,4612.76,1628.74,,เงินสด,5
ORD02795,2025-11-01,ภาคกลาง,นครปฐม,เว็บไซต์,อิเล็กทรอนิกส์,ลำโพงบลูทูธ,1,1590,0,1780.8,1011.93,768.87,ลูกค้าใหม่,เก็บเงินปลายทาง,4
ORD00174,2025-03-20,ภาคกลาง,นครปฐม,LINE Shopping,อิเล็กทรอนิกส์,หูฟังไร้สาย,1,1290,0.15,1228.08,938.49,289.59,ลูกค้าใหม่,เงินสด,5
ORD01552,2024-10-10,ภาคเหนือ,เชียงราย,Shopee,ความงาม,ลิปสติก,2,350,0.15,595.0,439.57,155.43,ลูกค้าประจำ,เก็บเงินปลายทาง,3
ORD01242,2025-07-11,ภาคกลาง,กรุงเทพมหานคร,Shopee,คอมพิวเตอร์,คีย์บอร์ดแมคคานิคอล,1,2490,0,2788.8,1558.96,1229.84,ลูกค้าประจำ,เงินสด,5
ORD01525,2025-07-21,ภาคกลาง,กรุงเทพมหานคร,Shopee,อิเล็กทรอนิกส์,พาวเวอร์แบงก์,3,690,0,2318.4,1206.28,1112.12,ลูกค้าประจำ,เก็บเงินปลายทาง,5
ORD01104,2024-12-23,ภาคเหนือ,เชียงราย,Lazada,คอมพิวเตอร์,SSD 1TB,3,2190,0,6570.0,4324.72,2245.28,ลูกค้าใหม่,เก็บเงินปลายทาง,4
ORD00569,2024-08-08,ภาคอีสาน,อุดรธานี,หน้าร้าน,อิเล็กทรอนิกส์,หูฟังไร้สาย,1,1290,0,1290.0,817.23,472.77,ลูกค้าประจำ,บัตรเครดิต,5
ORD02040,2024-03-19,ภาคกลาง,กรุงเทพมหานคร,หน้าร้าน,คอมพิวเตอร์,"จอมอนิเตอร์ 24""",1,4290,0,4290.0,3022.26,1267.74,ลูกค้าใหม่,บัตรเครดิต,4
ORD00826,2025-12-21,ภาคใต้,สุราษฎร์ธานี,LINE Shopping,คอมพิวเตอร์,SSD 1TB,1,2190,0,2452.8,1597.41,855.39,ลูกค้าใหม่,เงินสด,4
ORD01602,2024-05-18,ภาคกลาง,นครปฐม,หน้าร้าน,คอมพิวเตอร์,คีย์บอร์ดแมคคานิคอล,5,2490,0.05,11827.5,6942.25,4885.25,ลูกค้าประจำ,เก็บเงินปลายทาง,4
ORD01234,2025-05-18,ภาคอีสาน,นครราชสีมา,Lazada,แฟชั่น,กางเกงยีนส์,2,890,0,1993.6,1290.41,703.19,ลูกค้าประจำ,โอนผ่านแอป,4
ORD01421,2025-06-25,ภาคอีสาน,อุดรธานี,หน้าร้าน,แฟชั่น,กางเกงยีนส์,4,890,0,3987.2,2227.2,1760.0,ลูกค้าใหม่,โอนผ่านแอป,4
ORD00628,2024-04-08,ภาคใต้,สุราษฎร์ธานี,Shopee,คอมพิวเตอร์,คีย์บอร์ดแมคคานิคอล,1,2490,0,2490.0,1530.19,959.81,ลูกค้าใหม่,โอนผ่านแอป,5
ORD01454,2024-03-21,ภาคอีสาน,อุดรธานี,Shopee,อิเล็กทรอนิกส์,สมาร์ทวอทช์,2,3490,0,6980.0,4201.09,2778.91,ลูกค้าใหม่,โอนผ่านแอป,3
ORD02806,2025-07-29,ภาคเหนือ,เชียงราย,LINE Shopping,ความงาม,เซรั่มบำรุงผิว,4,790,0.15,3008.32,1771.01,1237.31,ลูกค้าประจำ,เงินสด,4
ORD01254,2025-09-27,ภาคใต้,ภูเก็ต,Lazada,อิเล็กทรอนิกส์,สมาร์ทวอทช์,4,3490,0,15635.2,9845.52,5789.68,ลูกค้าประจำ,เงินสด,5
ORD02399,2024-11-22,ภาคกลาง,นนทบุรี,เว็บไซต์,แฟชั่น,กางเกงยีนส์,1,890,0.15,756.5,621.74,134.76,ลูกค้าใหม่,เก็บเงินปลายทาง,5
ORD02400,2025-04-17,ภาคอีสาน,นครราชสีมา,หน้าร้าน,คอมพิวเตอร์,คีย์บอร์ดแมคคานิคอล,4,2490,0.05,10597.44,6378.42,4219.02,ลูกค้าประจำ,เงินสด,4
ORD00925,2025-01-07,ภาคกลาง,กรุงเทพมหานคร,หน้าร้าน,อิเล็กทรอนิกส์,สมาร์ทวอทช์,1,3490,0.05,3713.36,2510.43,1202.93,ลูกค้าประจำ,เงินสด,4
ORD00950,2025-05-15,ภาคกลาง,ปทุมธานี,LINE Shopping,เครื่องใช้ในบ้าน,เครื่องฟอกอากาศ,1,4990,0.1,5029.92,3103.64,1926.28,ลูกค้าประจำ,เก็บเงินปลายทาง,1
ORD02495,2025-02-13,ภาคตะวันออก,ระยอง,Shopee,คอมพิวเตอร์,เมาส์เกมมิ่ง,1,890,0,996.8,632.48,364.32,ลูกค้าประจำ,เงินสด,5
ORD02471,2025-12-14,ภาคเหนือ,พิษณุโลก,เว็บไซต์,ความงาม,ลิปสติก,2,350,0,784.0,389.89,394.11,ลูกค้าใหม่,เก็บเงินปลายทาง,3
ORD00997,2025-12-22,ภาคเหนือ,เชียงราย,Shopee,แฟชั่น,กระเป๋าเป้,4,990,0,4435.2,2445.97,1989.23,ลูกค้าใหม่,เก็บเงินปลายทาง,3
ORD02012,2025-04-13,ภาคใต้,ภูเก็ต,หน้าร้าน,อิเล็กทรอนิกส์,ลำโพงบลูทูธ,2,1590,0,3561.6,2144.1,1417.5,ลูกค้าใหม่,โอนผ่านแอป,5
ORD02247,2025-01-02,ภาคเหนือ,เชียงราย,Shopee,ความงาม,ครีมกันแดด,2,450,0,1008.0,645.62,362.38,ลูกค้าใหม่,บัตรเครดิต,5
ORD00865,2025-10-03,ภาคเหนือ,พิษณุโลก,หน้าร้าน,ความงาม,เซรั่มบำรุงผิว,1,790,0,884.8,591.83,292.97,ลูกค้าประจำ,บัตรเครดิต,4
ORD02853,2024-08-25,ภาคกลาง,ปทุมธานี,Lazada,เครื่องใช้ในบ้าน,เครื่องฟอกอากาศ,1,4990,0.05,4740.5,3735.7,1004.8,ลูกค้าใหม่,เก็บเงินปลายทาง,5
ORD01065,2024-10-31,ภาคตะวันออก,จันทบุรี,LINE Shopping,เครื่องใช้ในบ้าน,หม้อทอดไร้น้ำมัน,1,2590,0,2590.0,1486.83,1103.17,ลูกค้าประจำ,เงินสด,5
ORD00761,2024-02-04,ภาคกลาง,กรุงเทพมหานคร,Lazada,แฟชั่น,รองเท้าผ้าใบ,2,1890,0.1,3402.0,2345.3,1056.7,ลูกค้าใหม่,บัตรเครดิต,4
ORD02042,2025-06-15,ภาคตะวันออก,ชลบุรี,Lazada,อิเล็กทรอนิกส์,ลำโพงบลูทูธ,1,1590,0,1780.8,942.91,837.89,ลูกค้าประจำ,เงินสด,4
ORD01478,2025-12-07,ภาคกลาง,นครปฐม,Shopee,ความงาม,เซรั่มบำรุงผิว,1,790,0.1,796.32,498.05,298.27,ลูกค้าใหม่,โอนผ่านแอป,4
ORD00855,2025-07-02,ภาคอีสาน,นครราชสีมา,เว็บไซต์,เครื่องใช้ในบ้าน,หม้อทอดไร้น้ำมัน,4,2590,0,11603.2,6843.71,4759.49,ลูกค้าประจำ,เงินสด,5
ORD00401,2024-04-05,ภาคกลาง,นนทบุรี,Lazada,แฟชั่น,เสื้อยืด,2,290,0,580.0,352.97,227.03,ลูกค้าใหม่,บัตรเครดิต,4
ORD02833,2025-01-19,ภาคเหนือ,เชียงราย,Shopee,แฟชั่น,เสื้อยืด,2,290,0,649.6,366.05,283.55,ลูกค้าประจำ,บัตรเครดิต,5
ORD00105,2024-04-13,ภาคเหนือ,เชียงราย,Lazada,ความงาม,ครีมกันแดด,2,450,0.1,810.0,518.59,291.41,ลูกค้าใหม่,โอนผ่านแอป,5
ORD02492,2024-03-25,ภาคใต้,ภูเก็ต,Lazada,เครื่องใช้ในบ้าน,กาต้มน้ำไฟฟ้า,2,590,0,1180.0,883.55,296.45,ลูกค้าประจำ,บัตรเครดิต,5
ORD00506,2024-11-02,ภาคเหนือ,เชียงราย,Shopee,แฟชั่น,เสื้อยืด,3,290,0,870.0,524.64,345.36,ลูกค้าประจำ,เก็บเงินปลายทาง,5
ORD00848,2024-12-18,ภาคอีสาน,นครราชสีมา,หน้าร้าน,คอมพิวเตอร์,เมาส์เกมมิ่ง,1,890,0,890.0,601.82,288.18,ลูกค้าประจำ,เก็บเงินปลายทาง,4
ORD02705,2024-07-02,ภาคกลาง,ปทุมธานี,LINE Shopping,คอมพิวเตอร์,เมาส์เกมมิ่ง,1,890,0,890.0,526.47,363.53,ลูกค้าประจำ,โอนผ่านแอป,4
ORD00476,2024-12-20,ภาคใต้,สุราษฎร์ธานี,หน้าร้าน,แฟชั่น,รองเท้าผ้าใบ,1,1890,0.05,1795.5,1113.27,682.23,ลูกค้าใหม่,บัตรเครดิต,3
ORD01710,2025-04-07,ภาคอีสาน,อุบลราชธานี,หน้าร้าน,ความงาม,เซรั่มบำรุงผิว,2,790,0.05,1681.12,905.96,775.16,ลูกค้าใหม่,เก็บเงินปลายทาง,5
ORD02310,2025-12-20,ภาคตะวันออก,ระยอง,หน้าร้าน,เครื่องใช้ในบ้าน,กาต้มน้ำไฟฟ้า,1,590,0,660.8,362.98,297.82,ลูกค้าใหม่,เงินสด,3
ORD01011,2025-10-04,ภาคอีสาน,อุดรธานี,หน้าร้าน,แฟชั่น,เสื้อยืด,3,290,0,974.4,583.19,391.21,ลูกค้าประจำ,โอนผ่านแอป,4
ORD02389,2025-10-23,ภาคเหนือ,พิษณุโลก,เว็บไซต์,อิเล็กทรอนิกส์,สมาร์ทวอทช์,1,3490,0.1,3517.92,2285.09,1232.83,ลูกค้าประจำ,บัตรเครดิต,5
ORD01285,2024-05-13,ภาคกลาง,ปทุมธานี,LINE Shopping,อิเล็กทรอนิกส์,พาวเวอร์แบงก์,1,690,0,690.0,437.8,252.2,ลูกค้าประจำ,เก็บเงินปลายทาง,3
ORD00212,2024-10-29,ภาคใต้,สุราษฎร์ธานี,หน้าร้าน,คอมพิวเตอร์,SSD 1TB,1,2190,0.05,2080.5,1464.64,615.86,ลูกค้าประจำ,เงินสด,5
ORD01542,2025-01-17,ภาคกลาง,นนทบุรี,Shopee,ความงาม,ลิปสติก,1,350,0,392.0,193.08,198.92,ลูกค้าประจำ,โอนผ่านแอป,4
ORD00483,2025-08-02,ภาคกลาง,นนทบุรี,Lazada,แฟชั่น,เสื้อยืด,1,290,0,324.8,208.53,116.27,ลูกค้าประจำ,โอนผ่านแอป,4
ORD00068,2025-10-10,ภาคกลาง,ปทุมธานี,หน้าร้าน,คอมพิวเตอร์,"จอมอนิเตอร์ 24""",4,4290,0,19219.2,10444.84,8774.36,ลูกค้าประจำ,โอนผ่านแอป,4
ORD00448,2025-04-05,ภาคกลาง,นครปฐม,Lazada,เครื่องใช้ในบ้าน,หม้อทอดไร้น้ำมัน,1,2590,0.05,2755.76,1485.72,1270.04,ลูกค้าประจำ,โอนผ่านแอป,5
ORD01634,2025-01-18,ภาคใต้,สงขลา,Lazada,เครื่องใช้ในบ้าน,หม้อทอดไร้น้ำมัน,1,2590,0,2900.8,1936.96,963.84,ลูกค้าใหม่,เงินสด,3
ORD00154,2025-11-22,ภาคกลาง,นครปฐม,Shopee,ความงาม,เซรั่มบำรุงผิว,1,790,0,884.8,506.14,378.66,ลูกค้าประจำ,เงินสด,4
ORD01719,2025-12-15,ภาคกลาง,กรุงเทพมหานคร,Lazada,ความงาม,ลิปสติก,4,350,0.15,1332.8,1020.71,312.09,ลูกค้าประจำ,เงินสด,4
ORD02761,2025-03-01,ภาคกลาง,กรุงเทพมหานคร,Lazada,ความงาม,ลิปสติก,1,350,0,392.0,218.01,173.99,ลูกค้าใหม่,บัตรเครดิต,4
ORD00771,2024-09-27,ภาคอีสาน,นครราชสีมา,หน้าร้าน,เครื่องใช้ในบ้าน,กาต้มน้ำไฟฟ้า,3,590,0.05,1681.5,1233.78,447.72,ลูกค้าประจำ,เงินสด,5
ORD00609,2025-11-09,ภาคอีสาน,อุดรธานี,Shopee,เครื่องใช้ในบ้าน,หม้อทอดไร้น้ำมัน,1,2590,0.1,2610.72,1757.91,852.81,ลูกค้าประจำ,เงินสด,3
ORD01546,2025-11-01,ภาคอีสาน,ขอนแก่น,Lazada,แฟชั่น,เสื้อยืด,3,290,0,974.4,613.46,360.94,ลูกค้าใหม่,โอนผ่านแอป,4
ORD00427,2025-05-13,ภาคตะวันออก,จันทบุรี,Lazada,คอมพิวเตอร์,เมาส์เกมมิ่ง,1,890,0.05,946.96,648.56,298.4,ลูกค้าประจำ,เก็บเงินปลายทาง,4
ORD02391,2025-12-22,ภาคอีสาน,นครราชสีมา,หน้าร้าน,คอมพิวเตอร์,SSD 1TB,2,2190,0,4905.6,2435.38,2470.22,ลูกค้าประจำ,เก็บเงินปลายทาง,3
ORD00071,2024-07-22,ภาคใต้,สงขลา,เว็บไซต์,อิเล็กทรอนิกส์,พาวเวอร์แบงก์,1,690,0,690.0,516.49,173.51,ลูกค้าใหม่,เก็บเงินปลายทาง,4
ORD00339,2024-12-19,ภาคกลาง,นครปฐม,หน้าร้าน,เครื่องใช้ในบ้าน,กาต้มน้ำไฟฟ้า,3,590,0,1770.0,1057.45,712.55,ลูกค้าประจำ,บัตรเครดิต,4
ORD02824,2025-09-29,ภาคเหนือ,พิษณุโลก,Lazada,อิเล็กทรอนิกส์,สมาร์ทวอทช์,1,3490,0.1,3517.92,2085.6,1432.32,ลูกค้าประจำ,เงินสด,5
ORD01240,2025-07-09,ภาคอีสาน,อุดรธานี,Shopee,เครื่องใช้ในบ้าน,กาต้มน้ำไฟฟ้า,5,590,0,3304.0,2143.17,1160.83,ลูกค้าประจำ,เงินสด,4
ORD01966,2025-04-08,ภาคกลาง,นครปฐม,Lazada,อิเล็กทรอนิกส์,สมาร์ทวอทช์,1,3490,0,3908.8,2110.15,1798.65,ลูกค้าประจำ,บัตรเครดิต,4
ORD02799,2025-07-26,ภาคกลาง,ปทุมธานี,เว็บไซต์,ความงาม,เซรั่มบำรุงผิว,3,790,0,2654.4,1485.56,1168.84,ลูกค้าประจำ,เงินสด,5
ORD02859,2024-10-12,ภาคใต้,สุราษฎร์ธานี,Shopee,คอมพิวเตอร์,SSD 1TB,1,2190,0,2190.0,1606.59,583.41,ลูกค้าใหม่,บัตรเครดิต,3
ORD01751,2025-07-15,ภาคตะวันออก,ระยอง,Lazada,ความงาม,ลิปสติก,1,350,0,392.0,215.57,176.43,ลูกค้าประจำ,บัตรเครดิต,3
ORD00731,2025-11-28,ภาคใต้,สงขลา,หน้าร้าน,คอมพิวเตอร์,"จอมอนิเตอร์ 24""",1,4290,0,4804.8,2668.65,2136.15,ลูกค้าใหม่,เก็บเงินปลายทาง,3
ORD02113,2024-03-09,ภาคอีสาน,ขอนแก่น,เว็บไซต์,แฟชั่น,กางเกงยีนส์,3,890,0,2670.0,1682.92,987.08,ลูกค้าใหม่,เงินสด,4
ORD00469,2025-11-20,ภาคใต้,ภูเก็ต,Shopee,อิเล็กทรอนิกส์,พาวเวอร์แบงก์,4,690,0,3091.2,1733.66,1357.54,ลูกค้าใหม่,เงินสด,3
ORD00893,2025-11-08,ภาคตะวันออก,ระยอง,เว็บไซต์,คอมพิวเตอร์,คีย์บอร์ดแมคคานิคอล,1,2490,0,2788.8,1673.56,1115.24,ลูกค้าประจำ,โอนผ่านแอป,3
ORD02754,2025-04-22,ภาคกลาง,ปทุมธานี,หน้าร้าน,คอมพิวเตอร์,คีย์บอร์ดแมคคานิคอล,2,2490,0,5577.6,3692.42,1885.18,ลูกค้าประจำ,โอนผ่านแอป,4
ORD01161,2024-10-06,ภาคอีสาน,อุบลราชธานี,หน้าร้าน,คอมพิวเตอร์,SSD 1TB,1,2190,0,2190.0,1473.11,716.89,ลูกค้าใหม่,บัตรเครดิต,4
ORD02193,2025-08-17,ภาคอีสาน,อุบลราชธานี,Shopee,เครื่องใช้ในบ้าน,เครื่องฟอกอากาศ,4,4990,0,22355.2,14524.46,7830.74,ลูกค้าประจำ,โอนผ่านแอป,4
ORD00926,2025-06-19,ภาคกลาง,ปทุมธานี,Lazada,คอมพิวเตอร์,คีย์บอร์ดแมคคานิคอล,1,2490,0,2788.8,1389.54,1399.26,ลูกค้าประจำ,เงินสด,5
ORD00439,2024-01-11,ภาคใต้,สุราษฎร์ธานี,หน้าร้าน,อิเล็กทรอนิกส์,ลำโพงบลูทูธ,1,1590,0,1590.0,986.28,603.72,ลูกค้าใหม่,โอนผ่านแอป,2
ORD02519,2025-11-24,ภาคใต้,ภูเก็ต,หน้าร้าน,แฟชั่น,รองเท้าผ้าใบ,1,1890,0,2116.8,1155.53,961.27,ลูกค้าใหม่,โอนผ่านแอป,5
ORD01024,2024-05-18,ภาคเหนือ,พิษณุโลก,Shopee,แฟชั่น,กางเกงยีนส์,2,890,0,1780.0,1310.42,469.58,ลูกค้าประจำ,เก็บเงินปลายทาง,5
ORD02287,2024-06-04,ภาคกลาง,กรุงเทพมหานคร,หน้าร้าน,อิเล็กทรอนิกส์,หูฟังไร้สาย,1,1290,0,1290.0,948.5,341.5,ลูกค้าใหม่,เก็บเงินปลายทาง,2
ORD02183,2025-05-22,ภาคเหนือ,เชียงใหม่,เว็บไซต์,ความงาม,ลิปสติก,1,350,0,392.0,219.92,172.08,ลูกค้าใหม่,บัตรเครดิต,3
ORD00188,2024-12-05,ภาคเหนือ,พิษณุโลก,Shopee,อิเล็กทรอนิกส์,หูฟังไร้สาย,1,1290,0.1,1161.0,853.46,307.54,ลูกค้าประจำ,เก็บเงินปลายทาง,4
ORD00215,2024-06-08,ภาคกลาง,กรุงเทพมหานคร,Lazada,อิเล็กทรอนิกส์,สมาร์ทวอทช์,2,3490,0,6980.0,3919.84,3060.16,ลูกค้าประจำ,เงินสด,4
ORD01443,2025-08-25,ภาคตะวันออก,จันทบุรี,LINE Shopping,ความงาม,เซรั่มบำรุงผิว,2,790,0.05,1681.12,893.99,787.13,ลูกค้าประจำ,บัตรเครดิต,3
ORD02854,2024-11-03,ภาคใต้,,Lazada,คอมพิวเตอร์,"จอมอนิเตอร์ 24""",1,4290,0,4290.0,3011.07,1278.93,ลูกค้าประจำ,เก็บเงินปลายทาง,2
ORD01486,2025-08-04,ภาคอีสาน,อุบลราชธานี,Shopee,อิเล็กทรอนิกส์,หูฟังไร้สาย,1,1290,0,1444.8,922.45,522.35,ลูกค้าประจำ,บัตรเครดิต,4
ORD01063,2025-05-06,ภาคกลาง,กรุงเทพมหานคร,Lazada,คอมพิวเตอร์,เมาส์เกมมิ่ง,2,890,0,1993.6,1199.46,794.14,ลูกค้าประจำ,เงินสด,4
ORD00900,2024-10-31,ภาคอีสาน,ขอนแก่น,Lazada,เครื่องใช้ในบ้าน,กาต้มน้ำไฟฟ้า,1,590,0,590.0,345.18,244.82,ลูกค้าใหม่,โอนผ่านแอป,4
ORD01303,2025-07-07,ภาคกลาง,ปทุมธานี,Shopee,แฟชั่น,เสื้อยืด,3,290,0.15,828.24,483.27,344.97,ลูกค้าใหม่,เงินสด,3
ORD01511,2024-07-07,ภาคกลาง,ปทุมธานี,หน้าร้าน,ความงาม,ครีมกันแดด,1,450,0.05,427.5,305.78,121.72,ลูกค้าประจำ,เงินสด,4
ORD01652,2025-11-01,ภาคอีสาน,อุดรธานี,Lazada,ความงาม,ครีมกันแดด,1,450,0.1,453.6,267.26,186.34,ลูกค้าประจำ,โอนผ่านแอป,3
ORD01306,2024-06-13,ภาคเหนือ,พิษณุโลก,LINE Shopping,เครื่องใช้ในบ้าน,กาต้มน้ำไฟฟ้า,1,590,0.1,531.0,440.48,90.52,ลูกค้าใหม่,เงินสด,4
ORD02992,2024-11-29,ภาคเหนือ,เชียงราย,Lazada,ความงาม,ครีมกันแดด,3,450,0,1350.0,868.07,481.93,ลูกค้าใหม่,เก็บเงินปลายทาง,4
ORD01010,2024-12-15,ภาคกลาง,นนทบุรี,LINE Shopping,คอมพิวเตอร์,"จอมอนิเตอร์ 24""",1,4290,0,4290.0,2695.25,1594.75,ลูกค้าประจำ,เงินสด,3
ORD00762,2024-07-09,ภาคกลาง,กรุงเทพมหานคร,เว็บไซต์,เครื่องใช้ในบ้าน,เครื่องฟอกอากาศ,1,4990,0,4990.0,3062.45,1927.55,ลูกค้าประจำ,โอนผ่านแอป,4
ORD01523,2024-10-12,ภาคเหนือ,พิษณุโลก,LINE Shopping,แฟชั่น,กระเป๋าเป้,2,990,0.1,1782.0,1409.39,372.61,ลูกค้าประจำ,บัตรเครดิต,3
ORD02939,2024-11-03,ภาคตะวันออก,ระยอง,หน้าร้าน,แฟชั่น,เสื้อยืด,2,290,0,580.0,384.43,195.57,ลูกค้าประจำ,เงินสด,3
ORD01007,2025-12-12,ภาคเหนือ,เชียงใหม่,Lazada,เครื่องใช้ในบ้าน,กาต้มน้ำไฟฟ้า,1,590,0.05,627.76,421.6,206.16,ลูกค้าประจำ,เก็บเงินปลายทาง,3
ORD00108,2024-07-23,ภาคกลาง,กรุงเทพมหานคร,Lazada,เครื่องใช้ในบ้าน,หม้อทอดไร้น้ำมัน,2,2590,0.1,4662.0,3816.93,845.07,ลูกค้าใหม่,โอนผ่านแอป,4
ORD00689,2025-02-08,ภาคกลาง,ปทุมธานี,เว็บไซต์,คอมพิวเตอร์,"จอมอนิเตอร์ 24""",1,4290,0.05,4564.56,2498.35,2066.21,ลูกค้าประจำ,เงินสด,4
ORD01499,2025-02-25,ภาคตะวันออก,จันทบุรี,Shopee,เครื่องใช้ในบ้าน,หม้อทอดไร้น้ำมัน,2,2590,0.05,5511.52,3350.87,2160.65,ลูกค้าใหม่,เก็บเงินปลายทาง,4
ORD02679,2025-06-02,ภาคกลาง,นนทบุรี,Lazada,อิเล็กทรอนิกส์,สมาร์ทวอทช์,1,3490,0.1,3517.92,2268.9,1249.02,ลูกค้าประจำ,บัตรเครดิต,5
ORD00491,2025-09-19,ภาคอีสาน,ขอนแก่น,Lazada,อิเล็กทรอนิกส์,หูฟังไร้สาย,1,1290,0,1444.8,753.82,690.98,ลูกค้าประจำ,เงินสด,5
ORD01455,2024-08-16,ภาคเหนือ,พิษณุโลก,หน้าร้าน,อิเล็กทรอนิกส์,พาวเวอร์แบงก์,1,690,0,690.0,401.24,288.76,ลูกค้าประจำ,เงินสด,5
ORD01071,2025-11-11,ภาคตะวันออก,ระยอง,Lazada,แฟชั่น,กระเป๋าเป้,2,990,0,2217.6,1441.34,776.26,ลูกค้าประจำ,โอนผ่านแอป,4
ORD02908,2025-05-06,ภาคกลาง,นครปฐม,Shopee,อิเล็กทรอนิกส์,พาวเวอร์แบงก์,3,690,0.15,1970.64,1442.78,527.86,ลูกค้าใหม่,เก็บเงินปลายทาง,3
ORD00890,2025-04-14,ภาคเหนือ,เชียงใหม่,เว็บไซต์,คอมพิวเตอร์,คีย์บอร์ดแมคคานิคอล,3,2490,0,8366.4,4384.28,3982.12,ลูกค้าประจำ,โอนผ่านแอป,3
ORD00326,2025-12-23,ภาคกลาง,นครปฐม,Shopee,อิเล็กทรอนิกส์,พาวเวอร์แบงก์,1,690,0,772.8,393.34,379.46,ลูกค้าประจำ,เงินสด,3
ORD02654,2024-01-02,ภาคใต้,สุราษฎร์ธานี,Shopee,อิเล็กทรอนิกส์,สมาร์ทวอทช์,1,3490,0,3490.0,2585.22,904.78,ลูกค้าประจำ,เก็บเงินปลายทาง,5
ORD02616,2025-11-02,ภาคกลาง,กรุงเทพมหานคร,Lazada,อิเล็กทรอนิกส์,สมาร์ทวอทช์,1,3490,0.05,3713.36,2568.22,1145.14,ลูกค้าประจำ,เก็บเงินปลายทาง,5
ORD01887,2025-08-21,ภาคกลาง,ปทุมธานี,Shopee,เครื่องใช้ในบ้าน,หม้อทอดไร้น้ำมัน,1,2590,0,2900.8,1650.91,1249.89,ลูกค้าประจำ,โอนผ่านแอป,3
ORD01709,2025-01-27,ภาคกลาง,กรุงเทพมหานคร,เว็บไซต์,ความงาม,ครีมกันแดด,2,450,0,1008.0,556.98,451.02,ลูกค้าประจำ,เงินสด,4
ORD01590,2025-10-20,ภาคใต้,สงขลา,Shopee,อิเล็กทรอนิกส์,ลำโพงบลูทูธ,3,1590,0,5342.4,3130.26,2212.14,ลูกค้าใหม่,เก็บเงินปลายทาง,3
ORD02715,2024-11-16,ภาคกลาง,นครปฐม,Lazada,อิเล็กทรอนิกส์,สมาร์ทวอทช์,1,3490,0.05,3315.5,2195.83,1119.67,ลูกค้าใหม่,บัตรเครดิต,5
ORD02306,2025-02-23,ภาคกลาง,นครปฐม,หน้าร้าน,คอมพิวเตอร์,คีย์บอร์ดแมคคานิคอล,3,2490,0,8366.4,4150.66,4215.74,ลูกค้าใหม่,บัตรเครดิต,4
ORD01069,2025-12-20,ภาคกลาง,นนทบุรี,Shopee,อิเล็กทรอนิกส์,สมาร์ทวอทช์,1,3490,0.05,3713.36,2492.36,1221.0,ลูกค้าใหม่,บัตรเครดิต,5
ORD01198,2024-04-21,ภาคเหนือ,เชียงใหม่,LINE Shopping,ความงาม,ลิปสติก,1,350,0,350.0,243.28,106.72,ลูกค้าประจำ,เงินสด,5
ORD00644,2024-07-12,ภาคกลาง,นครปฐม,Shopee,แฟชั่น,รองเท้าผ้าใบ,2,1890,0.1,3402.0,2576.82,825.18,ลูกค้าประจำ,เก็บเงินปลายทาง,5
ORD01840,2024-11-06,ภาคอีสาน,ขอนแก่น,Shopee,อิเล็กทรอนิกส์,พาวเวอร์แบงก์,5,690,0.15,2932.5,1958.4,974.1,ลูกค้าใหม่,เก็บเงินปลายทาง,5
ORD02105,2024-03-23,ภาคอีสาน,นครราชสีมา,หน้าร้าน,คอมพิวเตอร์,เมาส์เกมมิ่ง,4,890,0.05,3382.0,2131.61,1250.39,ลูกค้าใหม่,เงินสด,5
ORD00988,2025-11-12,ภาคเหนือ,เชียงราย,หน้าร้าน,คอมพิวเตอร์,เมาส์เกมมิ่ง,2,890,0.05,1893.92,1077.29,816.63,ลูกค้าประจำ,เงินสด,5
ORD00354,2024-04-14,ภาคกลาง,นครปฐม,หน้าร้าน,แฟชั่น,เสื้อยืด,1,290,0,290.0,172.1,117.9,ลูกค้าใหม่,เก็บเงินปลายทาง,5
ORD02132,2024-05-23,ภาคกลาง,นครปฐม,Lazada,ความงาม,เซรั่มบำรุงผิว,1,790,0,790.0,439.71,350.29,ลูกค้าประจำ,บัตรเครดิต,4
ORD02363,2025-11-26,ภาคเหนือ,เชียงใหม่,Shopee,ความงาม,เซรั่มบำรุงผิว,2,790,0.15,1504.16,908.22,595.94,ลูกค้าประจำ,บัตรเครดิต,4
ORD02331,2025-12-27,ภาคกลาง,นนทบุรี,หน้าร้าน,เครื่องใช้ในบ้าน,เครื่องฟอกอากาศ,1,4990,0,5588.8,2804.42,2784.38,ลูกค้าใหม่,โอนผ่านแอป,4
ORD00359,2024-06-07,ภาคกลาง,ปทุมธานี,Shopee,คอมพิวเตอร์,SSD 1TB,1,2190,0.15,1861.5,1230.8,630.7,ลูกค้าประจำ,เงินสด,3
ORD01305,2024-01-23,ภาคเหนือ,เชียงราย,Shopee,ความงาม,เซรั่มบำรุงผิว,4,790,0,3160.0,2351.36,808.64,ลูกค้าประจำ,บัตรเครดิต,4
ORD01732,2024-09-18,ภาคกลาง,ปทุมธานี,Shopee,ความงาม,เซรั่มบำรุงผิว,1,790,0,790.0,546.63,243.37,ลูกค้าประจำ,บัตรเครดิต,3
ORD00710,2024-05-20,ภาคใต้,สุราษฎร์ธานี,หน้าร้าน,ความงาม,ครีมกันแดด,1,450,0,450.0,316.21,133.79,ลูกค้าประจำ,โอนผ่านแอป,3
ORD01879,2024-03-14,ภาคกลาง,นครปฐม,Shopee,ความงาม,ลิปสติก,1,350,0.05,332.5,207.95,124.55,ลูกค้าใหม่,บัตรเครดิต,5
ORD00714,2025-12-01,ภาคตะวันออก,ระยอง,หน้าร้าน,อิเล็กทรอนิกส์,ลำโพงบลูทูธ,1,1590,0,1780.8,1178.66,602.14,ลูกค้าใหม่,บัตรเครดิต,3
ORD00912,2024-06-30,ภาคกลาง,นครปฐม,Shopee,เครื่องใช้ในบ้าน,เครื่องฟอกอากาศ,2,4990,0,9980.0,6254.17,3725.83,ลูกค้าประจำ,,3
ORD01918,2025-02-04,ภาคกลาง,ปทุมธานี,Shopee,แฟชั่น,เสื้อยืด,1,290,0.1,292.32,203.91,88.41,ลูกค้าใหม่,โอนผ่านแอป,4
ORD01609,2024-11-24,ภาคตะวันออก,ระยอง,หน้าร้าน,อิเล็กทรอนิกส์,พาวเวอร์แบงก์,1,690,0,690.0,504.75,185.25,ลูกค้าประจำ,โอนผ่านแอป,3
ORD00140,2024-12-17,ภาคใต้,สุราษฎร์ธานี,Shopee,แฟชั่น,เสื้อยืด,2,290,0.1,522.0,356.71,165.29,ลูกค้าประจำ,เก็บเงินปลายทาง,4
ORD00237,2025-11-09,ภาคกลาง,นครปฐม,หน้าร้าน,เครื่องใช้ในบ้าน,เครื่องฟอกอากาศ,1,4990,0,5588.8,3534.76,2054.04,ลูกค้าประจำ,โอนผ่านแอป,5
ORD02844,2025-06-20,ภาคกลาง,นครปฐม,Lazada,อิเล็กทรอนิกส์,พาวเวอร์แบงก์,3,690,0,2318.4,1406.63,911.77,ลูกค้าประจำ,เก็บเงินปลายทาง,4
ORD01423,2025-10-17,ภาคใต้,สงขลา,Shopee,คอมพิวเตอร์,คีย์บอร์ดแมคคานิคอล,4,2490,0,11155.2,5480.84,5674.36,ลูกค้าประจำ,โอนผ่านแอป,5
ORD01996,2025-04-16,ภาคใต้,สุราษฎร์ธานี,Lazada,คอมพิวเตอร์,"จอมอนิเตอร์ 24""",2,4290,0,9609.6,5437.21,4172.39,ลูกค้าใหม่,โอนผ่านแอป,3
ORD02541,2024-02-12,ภาคกลาง,กรุงเทพมหานคร,LINE Shopping,แฟชั่น,เสื้อยืด,3,290,0,870.0,599.92,270.08,ลูกค้าประจำ,เก็บเงินปลายทาง,5
ORD03000,2024-09-05,ภาคใต้,สุราษฎร์ธานี,Shopee,คอมพิวเตอร์,SSD 1TB,3,2190,0,6570.0,3908.35,2661.65,ลูกค้าประจำ,โอนผ่านแอป,3
ORD01193,2025-06-25,ภาคกลาง,นนทบุรี,LINE Shopping,เครื่องใช้ในบ้าน,กาต้มน้ำไฟฟ้า,1,590,0.05,627.76,428.39,199.37,ลูกค้าประจำ,เก็บเงินปลายทาง,5
ORD01066,2024-11-24,ภาคกลาง,กรุงเทพมหานคร,หน้าร้าน,ความงาม,ลิปสติก,2,350,0.05,665.0,463.85,201.15,ลูกค้าประจำ,โอนผ่านแอป,3
ORD00126,2024-05-12,ภาคตะวันออก,จันทบุรี,เว็บไซต์,อิเล็กทรอนิกส์,หูฟังไร้สาย,1,1290,0,1290.0,792.75,497.25,ลูกค้าใหม่,บัตรเครดิต,5
ORD00817,2024-09-07,ภาคกลาง,นนทบุรี,Shopee,แฟชั่น,กระเป๋าเป้,2,990,0,1980.0,1188.08,791.92,ลูกค้าประจำ,บัตรเครดิต,5
ORD00515,2024-10-08,ภาคกลาง,นครปฐม,เว็บไซต์,ความงาม,ครีมกันแดด,1,450,0,450.0,275.98,174.02,ลูกค้าประจำ,โอนผ่านแอป,5
ORD02120,2025-11-14,ภาคกลาง,นครปฐม,เว็บไซต์,แฟชั่น,รองเท้าผ้าใบ,1,1890,0.15,1799.28,1358.08,441.2,ลูกค้าประจำ,โอนผ่านแอป,5
ORD00123,2025-11-26,ภาคอีสาน,อุดรธานี,หน้าร้าน,เครื่องใช้ในบ้าน,กาต้มน้ำไฟฟ้า,1,590,0.05,627.76,358.76,269.0,ลูกค้าประจำ,โอนผ่านแอป,5
ORD02898,2024-06-17,ภาคตะวันออก,ชลบุรี,เว็บไซต์,ความงาม,ครีมกันแดด,2,450,0.15,765.0,590.37,174.63,ลูกค้าประจำ,บัตรเครดิต,5
ORD00640,2025-12-13,ภาคตะวันออก,ชลบุรี,เว็บไซต์,แฟชั่น,รองเท้าผ้าใบ,1,1890,0.1,1905.12,1066.43,838.69,ลูกค้าประจำ,เงินสด,4
ORD00614,2025-02-17,ภาคอีสาน,นครราชสีมา,Shopee,เครื่องใช้ในบ้าน,เครื่องฟอกอากาศ,2,4990,0,11177.6,7329.6,3848.0,ลูกค้าประจำ,บัตรเครดิต,4
ORD00351,2025-05-03,ภาคใต้,สุราษฎร์ธานี,หน้าร้าน,เครื่องใช้ในบ้าน,กาต้มน้ำไฟฟ้า,1,590,0,660.8,346.75,314.05,ลูกค้าประจำ,โอนผ่านแอป,3
ORD01382,2025-01-18,ภาคกลาง,กรุงเทพมหานคร,Lazada,แฟชั่น,กระเป๋าเป้,1,990,0,1108.8,610.67,498.13,ลูกค้าใหม่,บัตรเครดิต,5
ORD02248,2024-12-23,ภาคกลาง,ปทุมธานี,Shopee,เครื่องใช้ในบ้าน,กาต้มน้ำไฟฟ้า,2,590,0,1180.0,659.67,520.33,ลูกค้าประจำ,เก็บเงินปลายทาง,4
ORD02231,2025-02-04,ภาคเหนือ,เชียงราย,เว็บไซต์,คอมพิวเตอร์,SSD 1TB,1,2190,0.15,2084.88,1407.3,677.58,ลูกค้าใหม่,โอนผ่านแอป,4
ORD00740,2024-03-11,ภาคกลาง,กรุงเทพมหานคร,Shopee,แฟชั่น,กระเป๋าเป้,1,990,0,990.0,580.95,409.05,ลูกค้าใหม่,เก็บเงินปลายทาง,4
ORD00804,2024-08-25,ภาคใต้,สงขลา,หน้าร้าน,คอมพิวเตอร์,เมาส์เกมมิ่ง,4,890,0,3560.0,2496.14,1063.86,ลูกค้าประจำ,เงินสด,4
ORD01794,2025-05-13,ภาคตะวันออก,ชลบุรี,เว็บไซต์,ความงาม,ครีมกันแดด,1,450,0,504.0,248.68,255.32,ลูกค้าประจำ,เงินสด,4
ORD02691,2025-07-13,ภาคเหนือ,เชียงราย,LINE Shopping,อิเล็กทรอนิกส์,พาวเวอร์แบงก์,1,690,0.05,734.16,505.61,228.55,ลูกค้าประจำ,โอนผ่านแอป,5
ORD01851,2024-05-26,ภาคกลาง,นนทบุรี,Shopee,ความงาม,ครีมกันแดด,1,450,0.05,427.5,276.91,150.59,ลูกค้าประจำ,บัตรเครดิต,5
ORD00969,2024-09-11,ภาคกลาง,นนทบุรี,หน้าร้าน,เครื่องใช้ในบ้าน,หม้อทอดไร้น้ำมัน,4,2590,0.05,9842.0,6912.05,2929.95,ลูกค้าใหม่,โอนผ่านแอป,5
ORD01430,2024-12-13,ภาคอีสาน,นครราชสีมา,หน้าร้าน,แฟชั่น,รองเท้าผ้าใบ,1,1890,0,1890.0,1292.38,597.62,ลูกค้าประจำ,บัตรเครดิต,5
ORD00788,2024-10-17,ภาคเหนือ,เชียงใหม่,Lazada,ความงาม,ครีมกันแดด,4,450,0,1800.0,1348.53,451.47,ลูกค้าประจำ,เงินสด,4
ORD02545,2025-10-30,ภาคกลาง,นนทบุรี,Lazada,เครื่องใช้ในบ้าน,กาต้มน้ำไฟฟ้า,1,590,0,660.8,330.39,330.41,ลูกค้าใหม่,เก็บเงินปลายทาง,5
ORD01905,2025-11-28,ภาคเหนือ,เชียงใหม่,หน้าร้าน,เครื่องใช้ในบ้าน,เครื่องฟอกอากาศ,1,4990,0.05,5309.36,3210.68,2098.68,,เงินสด,4
ORD02497,2024-11-23,ภาคกลาง,กรุงเทพมหานคร,หน้าร้าน,แฟชั่น,กางเกงยีนส์,3,890,0.05,2536.5,1935.48,601.02,ลูกค้าประจำ,เงินสด,5
ORD02255,2025-10-20,ภาคอีสาน,อุดรธานี,Shopee,ความงาม,ลิปสติก,1,350,0.1,352.8,246.61,106.19,ลูกค้าประจำ,เก็บเงินปลายทาง,4
ORD02459,2024-03-31,ภาคอีสาน,ขอนแก่น,LINE Shopping,เครื่องใช้ในบ้าน,กาต้มน้ำไฟฟ้า,2,590,0.05,1121.0,708.57,412.43,ลูกค้าใหม่,เก็บเงินปลายทาง,5
ORD02205,2024-02-07,ภาคกลาง,นครปฐม,หน้าร้าน,อิเล็กทรอนิกส์,สมาร์ทวอทช์,1,3490,0,3490.0,2152.76,1337.24,ลูกค้าประจำ,โอนผ่านแอป,3
ORD00211,2024-05-23,ภาคอีสาน,นครราชสีมา,Shopee,คอมพิวเตอร์,"จอมอนิเตอร์ 24""",3,4290,0.15,10939.5,9332.88,1606.62,ลูกค้าประจำ,โอนผ่านแอป,5
ORD01248,2025-12-01,ภาคกลาง,ปทุมธานี,LINE Shopping,ความงาม,เซรั่มบำรุงผิว,2,790,0,1769.6,1157.81,611.79,ลูกค้าใหม่,โอนผ่านแอป,4
ORD02846,2024-07-03,ภาคกลาง,กรุงเทพมหานคร,Shopee,ความงาม,ครีมกันแดด,3,450,0,1350.0,994.52,355.48,ลูกค้าประจำ,เงินสด,3
ORD01937,2025-01-29,ภาคเหนือ,พิษณุโลก,Shopee,เครื่องใช้ในบ้าน,กาต้มน้ำไฟฟ้า,3,590,0,1982.4,1139.73,842.67,ลูกค้าประจำ,เงินสด,5
ORD00651,2024-05-05,ภาคกลาง,นนทบุรี,Shopee,คอมพิวเตอร์,"จอมอนิเตอร์ 24""",1,4290,0.05,4075.5,2801.3,1274.2,ลูกค้าใหม่,บัตรเครดิต,1
ORD00937,2025-05-06,ภาคอีสาน,อุบลราชธานี,LINE Shopping,อิเล็กทรอนิกส์,ลำโพงบลูทูธ,2,1590,0.05,3383.52,1907.9,1475.62,ลูกค้าใหม่,เงินสด,4
ORD02968,2025-10-05,ภาคใต้,สุราษฎร์ธานี,Shopee,ความงาม,เซรั่มบำรุงผิว,2,790,0.05,1681.12,1014.62,666.5,ลูกค้าใหม่,บัตรเครดิต,4
ORD00694,2025-03-15,ภาคอีสาน,นครราชสีมา,Lazada,อิเล็กทรอนิกส์,พาวเวอร์แบงก์,1,690,0.15,656.88,467.06,189.82,ลูกค้าใหม่,,2
ORD00789,2024-02-02,ภาคกลาง,ปทุมธานี,LINE Shopping,แฟชั่น,กระเป๋าเป้,1,990,0,990.0,726.7,263.3,ลูกค้าใหม่,เก็บเงินปลายทาง,5
ORD00475,2025-12-16,ภาคตะวันออก,ชลบุรี,Shopee,ความงาม,ลิปสติก,1,350,0.05,372.4,216.21,156.19,ลูกค้าประจำ,เงินสด,3
ORD02383,2024-08-16,ภาคอีสาน,นครราชสีมา,Lazada,อิเล็กทรอนิกส์,ลำโพงบลูทูธ,2,1590,0,3180.0,2214.83,965.17,ลูกค้าใหม่,เก็บเงินปลายทาง,4
ORD00575,2024-11-10,ภาคกลาง,ปทุมธานี,LINE Shopping,เครื่องใช้ในบ้าน,หม้อทอดไร้น้ำมัน,1,2590,0.15,2201.5,1512.14,689.36,ลูกค้าใหม่,เงินสด,4
ORD00851,2025-05-10,ภาคตะวันออก,ระยอง,หน้าร้าน,ความงาม,เซรั่มบำรุงผิว,2,790,0,1769.6,1029.37,740.23,ลูกค้าใหม่,บัตรเครดิต,4
ORD02358,2024-12-28,ภาคใต้,สงขลา,หน้าร้าน,อิเล็กทรอนิกส์,หูฟังไร้สาย,1,1290,0,1290.0,733.42,556.58,ลูกค้าประจำ,โอนผ่านแอป,3
ORD00680,2024-05-26,ภาคอีสาน,อุบลราชธานี,หน้าร้าน,อิเล็กทรอนิกส์,สมาร์ทวอทช์,2,3490,0.05,6631.0,4422.87,2208.13,ลูกค้าใหม่,บัตรเครดิต,5
ORD01480,2024-07-28,ภาคกลาง,นนทบุรี,Shopee,ความงาม,ครีมกันแดด,1,450,0,450.0,310.89,139.11,ลูกค้าใหม่,เงินสด,3
ORD00763,2024-11-25,ภาคอีสาน,ขอนแก่น,Shopee,แฟชั่น,รองเท้าผ้าใบ,2,1890,0,3780.0,2503.08,1276.92,ลูกค้าประจำ,เก็บเงินปลายทาง,5
ORD00304,2025-03-24,ภาคใต้,สุราษฎร์ธานี,หน้าร้าน,อิเล็กทรอนิกส์,ลำโพงบลูทูธ,1,1590,0.05,1691.76,998.84,692.92,ลูกค้าใหม่,โอนผ่านแอป,4
ORD00087,2024-12-26,ภาคกลาง,นครปฐม,เว็บไซต์,อิเล็กทรอนิกส์,สมาร์ทวอทช์,2,3490,0.15,5933.0,5152.82,780.18,ลูกค้าประจำ,เงินสด,5
ORD02777,2024-11-15,ภาคกลาง,ปทุมธานี,หน้าร้าน,เครื่องใช้ในบ้าน,กาต้มน้ำไฟฟ้า,1,590,0.05,560.5,387.69,172.81,ลูกค้าใหม่,บัตรเครดิต,5
ORD01114,2025-11-01,ภาคกลาง,นครปฐม,เว็บไซต์,ความงาม,เซรั่มบำรุงผิว,2,790,0.1,1592.64,1098.49,494.15,ลูกค้าประจำ,บัตรเครดิต,5
ORD02338,2025-11-06,ภาคอีสาน,อุบลราชธานี,Shopee,ความงาม,ครีมกันแดด,2,450,0.15,856.8,507.64,349.16,ลูกค้าประจำ,บัตรเครดิต,5
ORD01696,2024-07-23,ภาคใต้,ภูเก็ต,หน้าร้าน,ความงาม,ครีมกันแดด,1,450,0,450.0,250.14,199.86,ลูกค้าใหม่,เงินสด,5
ORD02525,2024-05-20,ภาคกลาง,นครปฐม,Lazada,แฟชั่น,กางเกงยีนส์,1,890,0,890.0,498.98,391.02,ลูกค้าประจำ,เงินสด,3
ORD02843,2024-05-22,ภาคเหนือ,พิษณุโลก,เว็บไซต์,แฟชั่น,กระเป๋าเป้,5,990,0.05,4702.5,2758.41,1944.09,ลูกค้าใหม่,โอนผ่านแอป,5
ORD02089,2024-04-30,ภาคกลาง,กรุงเทพมหานคร,Shopee,คอมพิวเตอร์,คีย์บอร์ดแมคคานิคอล,2,2490,0.15,4233.0,3039.74,1193.26,ลูกค้าใหม่,เก็บเงินปลายทาง,3
ORD02655,2024-12-17,ภาคเหนือ,เชียงใหม่,หน้าร้าน,เครื่องใช้ในบ้าน,เครื่องฟอกอากาศ,1,4990,0,4990.0,3099.88,1890.12,ลูกค้าประจำ,โอนผ่านแอป,2
ORD01718,2025-11-19,ภาคกลาง,ปทุมธานี,Shopee,เครื่องใช้ในบ้าน,หม้อทอดไร้น้ำมัน,2,2590,0,5801.6,3342.19,2459.41,ลูกค้าใหม่,บัตรเครดิต,4
ORD01828,2024-05-23,ภาคกลาง,นนทบุรี,หน้าร้าน,คอมพิวเตอร์,เมาส์เกมมิ่ง,1,890,0,890.0,560.39,329.61,ลูกค้าประจำ,บัตรเครดิต,5
ORD02704,2025-07-24,ภาคกลาง,นนทบุรี,เว็บไซต์,อิเล็กทรอนิกส์,พาวเวอร์แบงก์,4,690,0,3091.2,1705.45,1385.75,ลูกค้าประจำ,โอนผ่านแอป,4
ORD00887,2025-04-23,ภาคใต้,,Shopee,แฟชั่น,กระเป๋าเป้,2,990,0.15,1884.96,1247.14,637.82,ลูกค้าใหม่,บัตรเครดิต,4
ORD00273,2025-11-14,ภาคใต้,ภูเก็ต,Lazada,อิเล็กทรอนิกส์,หูฟังไร้สาย,1,1290,0.05,1372.56,760.75,611.81,ลูกค้าประจำ,โอนผ่านแอป,4
ORD00192,2024-07-09,ภาคเหนือ,เชียงใหม่,เว็บไซต์,อิเล็กทรอนิกส์,พาวเวอร์แบงก์,1,690,0,690.0,476.75,213.25,ลูกค้าใหม่,เงินสด,4
ORD01601,2024-01-08,ภาคกลาง,นนทบุรี,Shopee,อิเล็กทรอนิกส์,สมาร์ทวอทช์,3,3490,0.1,9423.0,5824.41,3598.59,ลูกค้าประจำ,บัตรเครดิต,3
ORD00667,2025-11-17,ภาคใต้,ภูเก็ต,เว็บไซต์,แฟชั่น,รองเท้าผ้าใบ,2,1890,0,4233.6,2169.72,2063.88,ลูกค้าใหม่,โอนผ่านแอป,1
ORD01449,2025-05-27,ภาคอีสาน,อุดรธานี,Shopee,แฟชั่น,กางเกงยีนส์,5,890,0.1,4485.6,3019.37,1466.23,ลูกค้าใหม่,โอนผ่านแอป,3
ORD00317,2025-09-08,ภาคกลาง,นครปฐม,Lazada,คอมพิวเตอร์,SSD 1TB,3,2190,0.05,6990.48,4500.75,2489.73,ลูกค้าใหม่,โอนผ่านแอป,4
ORD02524,2024-05-04,ภาคเหนือ,พิษณุโลก,Lazada,คอมพิวเตอร์,คีย์บอร์ดแมคคานิคอล,1,2490,0.15,2116.5,1854.94,261.56,ลูกค้าใหม่,เก็บเงินปลายทาง,4
ORD00770,2025-02-27,ภาคอีสาน,อุดรธานี,Shopee,ความงาม,ลิปสติก,1,350,0.05,372.4,260.84,111.56,ลูกค้าประจำ,เก็บเงินปลายทาง,3
ORD00327,2024-11-16,ภาคตะวันออก,จันทบุรี,หน้าร้าน,แฟชั่น,เสื้อยืด,1,290,0,290.0,194.82,95.18,ลูกค้าใหม่,เก็บเงินปลายทาง,4
ORD02405,2025-07-16,ภาคใต้,สงขลา,Shopee,เครื่องใช้ในบ้าน,หม้อทอดไร้น้ำมัน,1,2590,0.15,2465.68,1596.35,869.33,ลูกค้าใหม่,เงินสด,4
ORD01949,2025-12-06,ภาคใต้,ภูเก็ต,Shopee,เครื่องใช้ในบ้าน,หม้อทอดไร้น้ำมัน,2,2590,0.05,5511.52,3080.49,2431.03,ลูกค้าประจำ,บัตรเครดิต,4
ORD00003,2024-02-14,ภาคเหนือ,เชียงราย,Lazada,แฟชั่น,เสื้อยืด,2,290,0.1,522.0,421.71,100.29,ลูกค้าประจำ,เงินสด,2
ORD00964,2025-03-22,ภาคตะวันออก,จันทบุรี,LINE Shopping,ความงาม,ครีมกันแดด,1,450,0.1,453.6,265.04,188.56,ลูกค้าใหม่,เงินสด,3
ORD02574,2024-11-24,ภาคกลาง,นนทบุรี,หน้าร้าน,ความงาม,ลิปสติก,1,350,0.05,332.5,227.46,105.04,ลูกค้าใหม่,บัตรเครดิต,4
ORD01700,2025-05-11,ภาคเหนือ,พิษณุโลก,Shopee,อิเล็กทรอนิกส์,สมาร์ทวอทช์,2,3490,0,7817.6,5116.86,2700.74,ลูกค้าประจำ,เงินสด,4
ORD02521,2024-11-05,ภาคอีสาน,อุดรธานี,Shopee,เครื่องใช้ในบ้าน,เครื่องฟอกอากาศ,1,4990,0,4990.0,3674.9,1315.1,ลูกค้าใหม่,โอนผ่านแอป,5
ORD01785,2025-12-28,ภาคกลาง,ปทุมธานี,Shopee,เครื่องใช้ในบ้าน,เครื่องฟอกอากาศ,5,4990,0,27944.0,18572.07,9371.93,ลูกค้าใหม่,เก็บเงินปลายทาง,5
ORD00055,2024-09-29,ภาคกลาง,นครปฐม,Lazada,คอมพิวเตอร์,"จอมอนิเตอร์ 24""",2,4290,0,8580.0,5472.59,3107.41,ลูกค้าประจำ,เก็บเงินปลายทาง,5
ORD02252,2025-06-10,ภาคเหนือ,พิษณุโลก,Shopee,อิเล็กทรอนิกส์,พาวเวอร์แบงก์,2,690,0.1,1391.04,920.93,470.11,ลูกค้าใหม่,เก็บเงินปลายทาง,4
ORD02580,2024-02-12,ภาคกลาง,นนทบุรี,Shopee,เครื่องใช้ในบ้าน,กาต้มน้ำไฟฟ้า,3,590,0,1770.0,1069.01,700.99,ลูกค้าใหม่,โอนผ่านแอป,4
ORD02671,2024-06-11,ภาคกลาง,กรุงเทพมหานคร,เว็บไซต์,เครื่องใช้ในบ้าน,เครื่องฟอกอากาศ,1,4990,0.05,4740.5,3732.74,1007.76,ลูกค้าใหม่,โอนผ่านแอป,1
ORD02003,2024-12-13,ภาคกลาง,นนทบุรี,Shopee,เครื่องใช้ในบ้าน,หม้อทอดไร้น้ำมัน,2,2590,0,5180.0,2885.5,2294.5,ลูกค้าใหม่,เก็บเงินปลายทาง,5
ORD00917,2024-03-13,ภาคตะวันออก,ระยอง,Shopee,ความงาม,ครีมกันแดด,2,450,0.1,810.0,623.66,186.34,ลูกค้าประจำ,เงินสด,4
ORD01982,2024-06-09,ภาคกลาง,นครปฐม,หน้าร้าน,คอมพิวเตอร์,เมาส์เกมมิ่ง,1,890,0.05,845.5,593.34,252.16,ลูกค้าประจำ,เก็บเงินปลายทาง,4
ORD02239,2025-03-21,ภาคกลาง,นนทบุรี,หน้าร้าน,ความงาม,ครีมกันแดด,3,450,0,1512.0,934.06,577.94,ลูกค้าใหม่,เก็บเงินปลายทาง,4
ORD00791,2025-01-19,ภาคใต้,สุราษฎร์ธานี,Shopee,อิเล็กทรอนิกส์,พาวเวอร์แบงก์,1,690,0.1,695.52,508.51,187.01,ลูกค้าใหม่,บัตรเครดิต,4
ORD00605,2024-10-13,ภาคใต้,สุราษฎร์ธานี,หน้าร้าน,ความงาม,เซรั่มบำรุงผิว,1,790,0,790.0,559.48,230.52,ลูกค้าใหม่,เก็บเงินปลายทาง,5
ORD01387,2025-08-30,ภาคใต้,ภูเก็ต,หน้าร้าน,เครื่องใช้ในบ้าน,หม้อทอดไร้น้ำมัน,1,2590,0,2900.8,1641.58,1259.22,ลูกค้าประจำ,โอนผ่านแอป,4
ORD02686,2024-12-03,ภาคอีสาน,อุบลราชธานี,เว็บไซต์,ความงาม,เซรั่มบำรุงผิว,2,790,0.1,1422.0,922.77,499.23,ลูกค้าประจำ,โอนผ่านแอป,4
ORD01201,2024-04-03,ภาคกลาง,นครปฐม,เว็บไซต์,คอมพิวเตอร์,คีย์บอร์ดแมคคานิคอล,1,2490,0,2490.0,1389.03,1100.97,ลูกค้าประจำ,เงินสด,5
ORD00249,2024-02-05,ภาคตะวันออก,ชลบุรี,หน้าร้าน,ความงาม,ลิปสติก,5,350,0,1750.0,1023.01,726.99,ลูกค้าประจำ,โอนผ่านแอป,3
ORD01762,2024-09-08,ภาคกลาง,นครปฐม,หน้าร้าน,ความงาม,เซรั่มบำรุงผิว,3,790,0,2370.0,1546.52,823.48,ลูกค้าใหม่,เงินสด,5
ORD02023,2024-06-03,ภาคกลาง,นนทบุรี,Lazada,แฟชั่น,เสื้อยืด,1,290,0,290.0,185.51,104.49,ลูกค้าประจำ,เก็บเงินปลายทาง,4
ORD01267,2025-04-13,ภาคกลาง,นนทบุรี,LINE Shopping,คอมพิวเตอร์,คีย์บอร์ดแมคคานิคอล,4,2490,0,11155.2,5840.12,5315.08,ลูกค้าประจำ,โอนผ่านแอป,5
ORD00136,2024-07-22,ภาคกลาง,นนทบุรี,Lazada,อิเล็กทรอนิกส์,หูฟังไร้สาย,1,1290,0.05,1225.5,843.49,382.01,ลูกค้าประจำ,โอนผ่านแอป,4
ORD00578,2025-08-23,ภาคกลาง,นนทบุรี,เว็บไซต์,ความงาม,ลิปสติก,3,350,0.05,1117.2,671.16,446.04,ลูกค้าประจำ,โอนผ่านแอป,4
ORD01981,2025-09-04,ภาคกลาง,กรุงเทพมหานคร,LINE Shopping,เครื่องใช้ในบ้าน,หม้อทอดไร้น้ำมัน,1,2590,0,2900.8,1724.43,1176.37,ลูกค้าประจำ,โอนผ่านแอป,3
ORD02278,2024-10-04,ภาคกลาง,ปทุมธานี,Lazada,ความงาม,เซรั่มบำรุงผิว,3,790,0.15,2014.5,1505.7,508.8,ลูกค้าประจำ,บัตรเครดิต,5
ORD02928,2025-08-28,ภาคอีสาน,อุดรธานี,หน้าร้าน,อิเล็กทรอนิกส์,พาวเวอร์แบงก์,5,690,0.05,3670.8,2183.74,1487.06,ลูกค้าประจำ,โอนผ่านแอป,5
ORD00518,2024-08-29,ภาคใต้,ภูเก็ต,Lazada,คอมพิวเตอร์,SSD 1TB,2,2190,0.15,3723.0,2764.91,958.09,ลูกค้าใหม่,เงินสด,5
ORD00488,2024-05-01,ภาคใต้,ภูเก็ต,หน้าร้าน,คอมพิวเตอร์,คีย์บอร์ดแมคคานิคอล,1,2490,0,2490.0,1581.05,908.95,ลูกค้าใหม่,เก็บเงินปลายทาง,5
ORD01246,2025-12-09,ภาคกลาง,ปทุมธานี,เว็บไซต์,ความงาม,เซรั่มบำรุงผิว,1,790,0,884.8,490.28,394.52,ลูกค้าใหม่,โอนผ่านแอป,4
ORD02165,2024-05-15,ภาคใต้,ภูเก็ต,เว็บไซต์,แฟชั่น,เสื้อยืด,1,290,0.1,261.0,209.33,51.67,ลูกค้าประจำ,บัตรเครดิต,4
ORD00349,2025-12-15,ภาคอีสาน,อุบลราชธานี,Shopee,แฟชั่น,กระเป๋าเป้,1,990,0,1108.8,724.47,384.33,ลูกค้าประจำ,เงินสด,4
ORD02683,2025-10-30,ภาคตะวันออก,ระยอง,Lazada,แฟชั่น,กระเป๋าเป้,4,990,0.15,3769.92,2520.95,1248.97,ลูกค้าประจำ,เก็บเงินปลายทาง,5
ORD00102,2024-12-12,ภาคกลาง,นนทบุรี,Shopee,เครื่องใช้ในบ้าน,หม้อทอดไร้น้ำมัน,1,2590,0.05,2460.5,1571.69,888.81,ลูกค้าใหม่,โอนผ่านแอป,5
ORD02185,2025-12-09,ภาคกลาง,,Shopee,แฟชั่น,กางเกงยีนส์,1,890,0,996.8,553.44,443.36,ลูกค้าใหม่,บัตรเครดิต,3
ORD02179,2024-09-11,ภาคกลาง,นนทบุรี,LINE Shopping,อิเล็กทรอนิกส์,ลำโพงบลูทูธ,1,1590,0,1590.0,1103.38,486.62,ลูกค้าใหม่,บัตรเครดิต,4
ORD02938,2024-06-27,ภาคกลาง,ปทุมธานี,Shopee,เครื่องใช้ในบ้าน,หม้อทอดไร้น้ำมัน,1,2590,0.1,2331.0,1789.03,541.97,ลูกค้าประจำ,เก็บเงินปลายทาง,5
ORD02837,2025-06-04,ภาคอีสาน,อุบลราชธานี,เว็บไซต์,ความงาม,เซรั่มบำรุงผิว,1,790,0,884.8,557.67,327.13,ลูกค้าใหม่,บัตรเครดิต,4
ORD00918,2025-02-11,ภาคอีสาน,อุบลราชธานี,LINE Shopping,อิเล็กทรอนิกส์,สมาร์ทวอทช์,1,3490,0.15,3322.48,2372.94,949.54,ลูกค้าประจำ,เงินสด,3
ORD02546,2024-09-10,ภาคกลาง,นนทบุรี,Lazada,คอมพิวเตอร์,เมาส์เกมมิ่ง,1,890,0,890.0,614.08,275.92,ลูกค้าประจำ,เงินสด,1
ORD01677,2025-09-17,ภาคเหนือ,เชียงใหม่,เว็บไซต์,แฟชั่น,กางเกงยีนส์,1,890,0.1,897.12,567.68,329.44,ลูกค้าใหม่,โอนผ่านแอป,5
ORD00031,2025-03-28,ภาคเหนือ,เชียงใหม่,Shopee,คอมพิวเตอร์,เมาส์เกมมิ่ง,1,890,0.1,897.12,549.16,347.96,ลูกค้าประจำ,โอนผ่านแอป,5
ORD01539,2024-10-24,ภาคตะวันออก,ชลบุรี,Lazada,ความงาม,ครีมกันแดด,2,450,0,900.0,579.88,320.12,ลูกค้าประจำ,โอนผ่านแอป,4
ORD00550,2024-10-27,ภาคกลาง,ปทุมธานี,Lazada,แฟชั่น,รองเท้าผ้าใบ,3,1890,0,5670.0,3823.67,1846.33,ลูกค้าประจำ,เงินสด,5
ORD00754,2024-05-27,ภาคอีสาน,อุดรธานี,LINE Shopping,ความงาม,ครีมกันแดด,1,450,0,450.0,257.14,192.86,ลูกค้าใหม่,โอนผ่านแอป,3
ORD01047,2025-04-26,ภาคกลาง,นครปฐม,Shopee,อิเล็กทรอนิกส์,ลำโพงบลูทูธ,2,1590,0,3561.6,2085.59,1476.01,ลูกค้าประจำ,บัตรเครดิต,2
ORD00303,2025-10-18,ภาคกลาง,ปทุมธานี,หน้าร้าน,ความงาม,ครีมกันแดด,2,450,0.05,957.6,514.1,443.5,ลูกค้าประจำ,บัตรเครดิต,5
ORD02537,2025-07-16,ภาคกลาง,นนทบุรี,LINE Shopping,คอมพิวเตอร์,SSD 1TB,1,2190,0,2452.8,1627.79,825.01,ลูกค้าใหม่,โอนผ่านแอป,3
ORD02716,2025-02-22,ภาคกลาง,นครปฐม,เว็บไซต์,อิเล็กทรอนิกส์,พาวเวอร์แบงก์,2,690,0,1545.6,801.35,744.25,ลูกค้าประจำ,บัตรเครดิต,4
ORD01013,2025-11-28,ภาคกลาง,,Lazada,อิเล็กทรอนิกส์,หูฟังไร้สาย,1,1290,0.05,1372.56,951.3,421.26,ลูกค้าใหม่,เก็บเงินปลายทาง,4
ORD01556,2025-04-21,ภาคกลาง,กรุงเทพมหานคร,หน้าร้าน,อิเล็กทรอนิกส์,หูฟังไร้สาย,1,1290,0.05,1372.56,958.65,413.91,ลูกค้าประจำ,โอนผ่านแอป,4
ORD00639,2024-06-28,ภาคเหนือ,พิษณุโลก,Shopee,แฟชั่น,รองเท้าผ้าใบ,1,1890,0,1890.0,1165.46,724.54,ลูกค้าประจำ,โอนผ่านแอป,5
ORD02191,2024-03-19,ภาคกลาง,นครปฐม,หน้าร้าน,อิเล็กทรอนิกส์,หูฟังไร้สาย,4,1290,0,5160.0,3230.43,1929.57,ลูกค้าประจำ,เงินสด,5
ORD01988,2025-10-20,ภาคเหนือ,เชียงราย,Lazada,แฟชั่น,กระเป๋าเป้,1,990,0.15,942.48,578.5,363.98,ลูกค้าใหม่,โอนผ่านแอป,4
ORD02081,2025-11-17,ภาคใต้,สงขลา,Shopee,คอมพิวเตอร์,"จอมอนิเตอร์ 24""",2,4290,0.05,9129.12,5482.52,3646.6,ลูกค้าใหม่,บัตรเครดิต,4
ORD01310,2024-11-16,ภาคกลาง,นครปฐม,Lazada,ความงาม,ลิปสติก,1,350,0,350.0,199.99,150.01,ลูกค้าประจำ,เก็บเงินปลายทาง,3
ORD02160,2025-12-23,ภาคกลาง,นนทบุรี,หน้าร้าน,อิเล็กทรอนิกส์,สมาร์ทวอทช์,1,3490,0,3908.8,2351.73,1557.07,ลูกค้าประจำ,เงินสด,5
ORD02065,2025-06-10,ภาคเหนือ,พิษณุโลก,เว็บไซต์,เครื่องใช้ในบ้าน,กาต้มน้ำไฟฟ้า,4,590,0.05,2511.04,1599.67,911.37,ลูกค้าใหม่,เก็บเงินปลายทาง,4
ORD01061,2025-08-06,ภาคกลาง,ปทุมธานี,หน้าร้าน,คอมพิวเตอร์,"จอมอนิเตอร์ 24""",1,4290,0.05,4564.56,2556.68,2007.88,ลูกค้าใหม่,เงินสด,4
ORD01392,2024-12-13,ภาคเหนือ,พิษณุโลก,LINE Shopping,ความงาม,ครีมกันแดด,1,450,0.1,405.0,332.33,72.67,ลูกค้าประจำ,เก็บเงินปลายทาง,5
ORD02297,2025-12-04,ภาคเหนือ,เชียงราย,Shopee,คอมพิวเตอร์,เมาส์เกมมิ่ง,3,890,0.15,2541.84,1574.53,967.31,ลูกค้าประจำ,เงินสด,5
ORD00706,2024-02-28,ภาคกลาง,กรุงเทพมหานคร,หน้าร้าน,เครื่องใช้ในบ้าน,หม้อทอดไร้น้ำมัน,2,2590,0,5180.0,3855.58,1324.42,ลูกค้าประจำ,เก็บเงินปลายทาง,5
ORD01131,2025-03-14,ภาคกลาง,ปทุมธานี,หน้าร้าน,คอมพิวเตอร์,เมาส์เกมมิ่ง,1,890,0,996.8,541.37,455.43,ลูกค้าประจำ,บัตรเครดิต,5
ORD02397,2024-12-26,ภาคกลาง,ปทุมธานี,Shopee,แฟชั่น,รองเท้าผ้าใบ,1,1890,0.05,1795.5,1125.63,669.87,ลูกค้าประจำ,บัตรเครดิต,1
ORD01811,2024-03-14,ภาคกลาง,นครปฐม,หน้าร้าน,คอมพิวเตอร์,เมาส์เกมมิ่ง,1,890,0,890.0,499.15,390.85,ลูกค้าประจำ,บัตรเครดิต,5
ORD01942,2024-01-31,ภาคใต้,สงขลา,หน้าร้าน,แฟชั่น,รองเท้าผ้าใบ,1,1890,0.05,1795.5,1380.11,415.39,ลูกค้าใหม่,เก็บเงินปลายทาง,5
ORD01742,2024-01-04,ภาคกลาง,นนทบุรี,หน้าร้าน,เครื่องใช้ในบ้าน,หม้อทอดไร้น้ำมัน,1,2590,0,2590.0,1938.82,651.18,ลูกค้าประจำ,เก็บเงินปลายทาง,4
ORD02372,2025-11-03,ภาคกลาง,นนทบุรี,Lazada,แฟชั่น,รองเท้าผ้าใบ,1,1890,0,2116.8,1405.34,711.46,ลูกค้าใหม่,เก็บเงินปลายทาง,4
ORD02508,2025-07-31,ภาคเหนือ,เชียงใหม่,เว็บไซต์,แฟชั่น,เสื้อยืด,1,290,0,324.8,179.42,145.38,ลูกค้าประจำ,เก็บเงินปลายทาง,4
ORD01917,2025-08-29,ภาคตะวันออก,จันทบุรี,หน้าร้าน,แฟชั่น,กางเกงยีนส์,1,890,0,996.8,612.18,384.62,ลูกค้าประจำ,โอนผ่านแอป,1
ORD01817,2024-11-01,ภาคกลาง,นครปฐม,หน้าร้าน,แฟชั่น,กระเป๋าเป้,3,990,0.05,2821.5,1937.63,883.87,ลูกค้าใหม่,โอนผ่านแอป,5
ORD01434,2024-08-04,ภาคเหนือ,เชียงใหม่,หน้าร้าน,แฟชั่น,รองเท้าผ้าใบ,3,1890,0,5670.0,4038.4,1631.6,ลูกค้าใหม่,เก็บเงินปลายทาง,5
ORD02790,2024-11-27,ภาคอีสาน,อุดรธานี,เว็บไซต์,คอมพิวเตอร์,เมาส์เกมมิ่ง,1,890,0,890.0,504.96,385.04,ลูกค้าใหม่,เก็บเงินปลายทาง,2
ORD02598,2025-10-28,ภาคกลาง,นครปฐม,Lazada,แฟชั่น,เสื้อยืด,1,290,0.15,276.08,159.69,116.39,ลูกค้าใหม่,บัตรเครดิต,4
ORD02403,2025-03-17,ภาคใต้,สงขลา,หน้าร้าน,ความงาม,ลิปสติก,1,350,0,392.0,256.79,135.21,ลูกค้าประจำ,บัตรเครดิต,4
ORD02109,2025-02-03,ภาคกลาง,ปทุมธานี,หน้าร้าน,คอมพิวเตอร์,คีย์บอร์ดแมคคานิคอล,1,2490,0,2788.8,1765.83,1022.97,ลูกค้าประจำ,เก็บเงินปลายทาง,4
ORD01931,2025-01-13,ภาคเหนือ,เชียงราย,LINE Shopping,เครื่องใช้ในบ้าน,หม้อทอดไร้น้ำมัน,4,2590,0,11603.2,5956.58,5646.62,ลูกค้าใหม่,เก็บเงินปลายทาง,4
ORD02673,2024-12-16,ภาคใต้,สงขลา,หน้าร้าน,คอมพิวเตอร์,SSD 1TB,2,2190,0,4380.0,2436.0,1944.0,,โอนผ่านแอป,5
ORD00821,2025-09-16,ภาคกลาง,นครปฐม,หน้าร้าน,แฟชั่น,กระเป๋าเป้,1,990,0,1108.8,581.02,527.78,ลูกค้าประจำ,บัตรเครดิต,2
ORD00970,2024-12-17,ภาคกลาง,นครปฐม,เว็บไซต์,ความงาม,เซรั่มบำรุงผิว,1,790,0,790.0,520.02,269.98,ลูกค้าใหม่,บัตรเครดิต,5
ORD02740,2024-04-11,ภาคอีสาน,อุบลราชธานี,LINE Shopping,เครื่องใช้ในบ้าน,หม้อทอดไร้น้ำมัน,1,2590,0,2590.0,1511.25,1078.75,ลูกค้าประจำ,เงินสด,3
ORD00676,2025-03-20,ภาคตะวันออก,ชลบุรี,Shopee,คอมพิวเตอร์,เมาส์เกมมิ่ง,1,890,0.15,847.28,587.11,260.17,ลูกค้าใหม่,เงินสด,4
ORD00281,2024-09-11,ภาคอีสาน,นครราชสีมา,Shopee,แฟชั่น,กางเกงยีนส์,3,890,0.1,2403.0,1497.64,905.36,ลูกค้าประจำ,เก็บเงินปลายทาง,5
ORD02151,2025-09-29,ภาคเหนือ,เชียงราย,หน้าร้าน,คอมพิวเตอร์,SSD 1TB,1,2190,0,2452.8,1534.18,918.62,ลูกค้าใหม่,เงินสด,5
ORD01490,2025-02-11,ภาคเหนือ,เชียงใหม่,Lazada,แฟชั่น,กระเป๋าเป้,4,990,0,4435.2,2846.32,1588.88,ลูกค้าประจำ,เก็บเงินปลายทาง,5
ORD02620,2024-12-21,ภาคกลาง,ปทุมธานี,Shopee,เครื่องใช้ในบ้าน,หม้อทอดไร้น้ำมัน,1,2590,0,2590.0,1453.08,1136.92,ลูกค้าใหม่,บัตรเครดิต,5
ORD00231,2025-05-25,ภาคเหนือ,พิษณุโลก,หน้าร้าน,อิเล็กทรอนิกส์,หูฟังไร้สาย,1,1290,0,1444.8,875.3,569.5,ลูกค้าใหม่,เงินสด,5
ORD01955,2024-03-01,ภาคกลาง,นนทบุรี,Shopee,เครื่องใช้ในบ้าน,กาต้มน้ำไฟฟ้า,2,590,0,1180.0,865.57,314.43,ลูกค้าประจำ,เก็บเงินปลายทาง,4
ORD00864,2025-03-11,ภาคกลาง,กรุงเทพมหานคร,หน้าร้าน,อิเล็กทรอนิกส์,พาวเวอร์แบงก์,1,690,0,772.8,439.89,332.91,ลูกค้าใหม่,เก็บเงินปลายทาง,4
ORD00051,2024-12-14,ภาคกลาง,กรุงเทพมหานคร,เว็บไซต์,แฟชั่น,เสื้อยืด,3,290,0,870.0,578.9,291.1,ลูกค้าใหม่,บัตรเครดิต,3
ORD02724,2025-01-21,ภาคใต้,ภูเก็ต,Lazada,คอมพิวเตอร์,คีย์บอร์ดแมคคานิคอล,3,2490,0,8366.4,4777.7,3588.7,ลูกค้าประจำ,บัตรเครดิต,5
ORD02505,2025-04-07,ภาคตะวันออก,ชลบุรี,หน้าร้าน,เครื่องใช้ในบ้าน,เครื่องฟอกอากาศ,2,4990,0,11177.6,7244.25,3933.35,ลูกค้าใหม่,เก็บเงินปลายทาง,3
ORD00866,2025-09-21,ภาคอีสาน,อุดรธานี,Shopee,คอมพิวเตอร์,คีย์บอร์ดแมคคานิคอล,1,2490,0.1,2509.92,1843.59,666.33,ลูกค้าประจำ,บัตรเครดิต,4
ORD01103,2025-11-08,ภาคเหนือ,,หน้าร้าน,คอมพิวเตอร์,คีย์บอร์ดแมคคานิคอล,4,2490,0,11155.2,5953.63,5201.57,ลูกค้าประจำ,เก็บเงินปลายทาง,4
ORD01358,2025-12-12,ภาคเหนือ,เชียงใหม่,Shopee,อิเล็กทรอนิกส์,สมาร์ทวอทช์,1,3490,0,3908.8,2509.26,1399.54,,บัตรเครดิต,4
ORD00663,2025-02-04,ภาคเหนือ,เชียงใหม่,หน้าร้าน,เครื่องใช้ในบ้าน,เครื่องฟอกอากาศ,2,4990,0.05,10618.72,6274.97,4343.75,ลูกค้าใหม่,เงินสด,5
ORD02469,2024-09-30,ภาคอีสาน,อุบลราชธานี,Lazada,แฟชั่น,เสื้อยืด,2,290,0,580.0,360.98,219.02,ลูกค้าประจำ,โอนผ่านแอป,5
ORD00350,2025-01-09,ภาคกลาง,นครปฐม,Lazada,อิเล็กทรอนิกส์,หูฟังไร้สาย,1,1290,0,1444.8,798.22,646.58,ลูกค้าประจำ,เก็บเงินปลายทาง,5
ORD01861,2025-02-01,ภาคเหนือ,เชียงราย,เว็บไซต์,คอมพิวเตอร์,SSD 1TB,2,2190,0,4905.6,2481.7,2423.9,ลูกค้าใหม่,เก็บเงินปลายทาง,3
ORD00913,2024-01-30,ภาคกลาง,กรุงเทพมหานคร,Shopee,ความงาม,ลิปสติก,5,350,0.15,1487.5,1105.57,381.93,ลูกค้าใหม่,โอนผ่านแอป,3
ORD01407,2025-08-07,ภาคกลาง,ปทุมธานี,Lazada,คอมพิวเตอร์,"จอมอนิเตอร์ 24""",3,4290,0.15,12252.24,9564.2,2688.04,ลูกค้าประจำ,โอนผ่านแอป,5
ORD02656,2025-04-09,ภาคอีสาน,นครราชสีมา,Shopee,ความงาม,เซรั่มบำรุงผิว,1,790,0,884.8,508.3,376.5,ลูกค้าใหม่,โอนผ่านแอป,4
ORD01862,2024-08-16,ภาคอีสาน,ขอนแก่น,หน้าร้าน,เครื่องใช้ในบ้าน,กาต้มน้ำไฟฟ้า,4,590,0,2360.0,1401.82,958.18,ลูกค้าประจำ,โอนผ่านแอป,4
ORD00160,2024-02-15,ภาคกลาง,ปทุมธานี,LINE Shopping,คอมพิวเตอร์,เมาส์เกมมิ่ง,1,890,0,890.0,634.71,255.29,ลูกค้าประจำ,บัตรเครดิต,3
ORD02781,2024-03-03,ภาคตะวันออก,ระยอง,เว็บไซต์,ความงาม,ลิปสติก,1,350,0,350.0,216.05,133.95,ลูกค้าประจำ,เก็บเงินปลายทาง,5
ORD01983,2025-04-03,ภาคอีสาน,อุบลราชธานี,Shopee,ความงาม,ลิปสติก,1,350,0,392.0,233.21,158.79,ลูกค้าประจำ,เงินสด,4
ORD00914,2025-10-02,ภาคกลาง,นนทบุรี,Lazada,เครื่องใช้ในบ้าน,หม้อทอดไร้น้ำมัน,2,2590,0.15,4931.36,3252.36,1679.0,ลูกค้าประจำ,โอนผ่านแอป,4
ORD02807,2025-12-27,ภาคกลาง,กรุงเทพมหานคร,เว็บไซต์,แฟชั่น,เสื้อยืด,3,290,0.1,876.96,633.62,243.34,ลูกค้าประจำ,เก็บเงินปลายทาง,5
ORD00882,2024-09-09,ภาคอีสาน,นครราชสีมา,เว็บไซต์,คอมพิวเตอร์,คีย์บอร์ดแมคคานิคอล,1,2490,0,2490.0,1458.15,1031.85,ลูกค้าประจำ,เก็บเงินปลายทาง,3
ORD02131,2025-01-21,ภาคตะวันออก,ระยอง,เว็บไซต์,คอมพิวเตอร์,เมาส์เกมมิ่ง,1,890,0,996.8,523.45,473.35,ลูกค้าประจำ,เก็บเงินปลายทาง,4
ORD01728,2024-10-16,ภาคกลาง,กรุงเทพมหานคร,Shopee,แฟชั่น,กางเกงยีนส์,3,890,0.15,2269.5,1666.61,602.89,ลูกค้าประจำ,เก็บเงินปลายทาง,2
ORD00930,2025-06-10,ภาคอีสาน,อุบลราชธานี,หน้าร้าน,เครื่องใช้ในบ้าน,กาต้มน้ำไฟฟ้า,1,590,0.05,627.76,383.86,243.9,ลูกค้าใหม่,โอนผ่านแอป,4
ORD02588,2024-05-20,ภาคกลาง,กรุงเทพมหานคร,หน้าร้าน,ความงาม,ครีมกันแดด,3,450,0,1350.0,889.15,460.85,ลูกค้าประจำ,โอนผ่านแอป,5
ORD00581,2024-05-23,ภาคตะวันออก,ระยอง,LINE Shopping,แฟชั่น,กางเกงยีนส์,2,890,0,1780.0,1293.68,486.32,ลูกค้าประจำ,เก็บเงินปลายทาง,4
ORD00052,2025-11-25,ภาคเหนือ,พิษณุโลก,Shopee,แฟชั่น,กระเป๋าเป้,1,990,0.05,1053.36,604.97,448.39,ลูกค้าใหม่,เงินสด,5
ORD02324,2025-05-14,ภาคอีสาน,นครราชสีมา,หน้าร้าน,ความงาม,เซรั่มบำรุงผิว,1,790,0.05,840.56,441.96,398.6,ลูกค้าประจำ,เงินสด,5
ORD01818,2025-08-20,ภาคกลาง,ปทุมธานี,Lazada,แฟชั่น,กระเป๋าเป้,2,990,0,2217.6,1198.58,1019.02,ลูกค้าใหม่,เก็บเงินปลายทาง,5
ORD01586,2024-10-09,ภาคตะวันออก,ระยอง,เว็บไซต์,ความงาม,เซรั่มบำรุงผิว,3,790,0.1,2133.0,1513.01,619.99,,บัตรเครดิต,4
ORD01554,2024-12-13,ภาคเหนือ,เชียงราย,Shopee,อิเล็กทรอนิกส์,ลำโพงบลูทูธ,1,1590,0,1590.0,1048.18,541.82,ลูกค้าประจำ,โอนผ่านแอป,2
ORD01495,2024-03-17,ภาคเหนือ,พิษณุโลก,LINE Shopping,แฟชั่น,กระเป๋าเป้,1,990,0.15,841.5,566.41,275.09,ลูกค้าประจำ,โอนผ่านแอป,4
ORD00042,2024-06-20,ภาคตะวันออก,จันทบุรี,หน้าร้าน,อิเล็กทรอนิกส์,พาวเวอร์แบงก์,5,690,0,3450.0,2538.43,911.57,ลูกค้าประจำ,เก็บเงินปลายทาง,4
ORD02633,2025-11-02,ภาคใต้,สุราษฎร์ธานี,LINE Shopping,เครื่องใช้ในบ้าน,หม้อทอดไร้น้ำมัน,1,2590,0,2900.8,1561.66,1339.14,ลูกค้าประจำ,เก็บเงินปลายทาง,5
ORD01957,2024-04-02,ภาคอีสาน,ขอนแก่น,Lazada,อิเล็กทรอนิกส์,พาวเวอร์แบงก์,1,690,0.05,655.5,420.59,234.91,ลูกค้าประจำ,โอนผ่านแอป,4
ORD01096,2025-12-05,ภาคอีสาน,นครราชสีมา,เว็บไซต์,เครื่องใช้ในบ้าน,กาต้มน้ำไฟฟ้า,1,590,0.05,627.76,393.15,234.61,,บัตรเครดิต,4
ORD02385,2025-01-01,ภาคตะวันออก,ชลบุรี,หน้าร้าน,แฟชั่น,กระเป๋าเป้,2,990,0,2217.6,1284.06,933.54,ลูกค้าใหม่,บัตรเครดิต,3
ORD02907,2024-06-10,ภาคตะวันออก,ระยอง,หน้าร้าน,อิเล็กทรอนิกส์,หูฟังไร้สาย,1,1290,0,1290.0,815.02,474.98,ลูกค้าประจำ,เก็บเงินปลายทาง,4
ORD02590,2025-07-03,ภาคใต้,สุราษฎร์ธานี,เว็บไซต์,แฟชั่น,กระเป๋าเป้,1,990,0,1108.8,667.08,441.72,ลูกค้าใหม่,เก็บเงินปลายทาง,4
ORD02810,2024-12-19,ภาคเหนือ,พิษณุโลก,Shopee,เครื่องใช้ในบ้าน,กาต้มน้ำไฟฟ้า,3,590,0.05,1681.5,1178.73,502.77,ลูกค้าใหม่,เก็บเงินปลายทาง,4
ORD00594,2024-10-28,ภาคกลาง,นครปฐม,Shopee,ความงาม,เซรั่มบำรุงผิว,1,790,0.15,671.5,533.09,138.41,ลูกค้าใหม่,เก็บเงินปลายทาง,5
ORD02280,2025-05-05,ภาคใต้,สงขลา,LINE Shopping,อิเล็กทรอนิกส์,ลำโพงบลูทูธ,1,1590,0.1,1602.72,1033.54,569.18,ลูกค้าประจำ,โอนผ่านแอป,4
ORD01291,2024-04-02,ภาคเหนือ,เชียงใหม่,Lazada,อิเล็กทรอนิกส์,หูฟังไร้สาย,1,1290,0.15,1096.5,803.99,292.51,ลูกค้าใหม่,เงินสด,5
ORD02355,2025-12-20,ภาคกลาง,นครปฐม,เว็บไซต์,แฟชั่น,กระเป๋าเป้,1,990,0,1108.8,714.73,394.07,ลูกค้าใหม่,โอนผ่านแอป,4
ORD01469,2024-03-19,ภาคกลาง,กรุงเทพมหานคร,หน้าร้าน,อิเล็กทรอนิกส์,หูฟังไร้สาย,5,1290,0,6450.0,4793.65,1656.35,ลูกค้าใหม่,บัตรเครดิต,5
ORD01456,2024-07-18,ภาคกลาง,นครปฐม,หน้าร้าน,เครื่องใช้ในบ้าน,เครื่องฟอกอากาศ,1,4990,0,4990.0,2976.03,2013.97,ลูกค้าประจำ,เก็บเงินปลายทาง,4
ORD02027,2025-12-15,ภาคกลาง,นครปฐม,หน้าร้าน,เครื่องใช้ในบ้าน,กาต้มน้ำไฟฟ้า,1,590,0,660.8,333.47,327.33,ลูกค้าประจำ,โอนผ่านแอป,2
ORD01685,2025-03-07,ภาคตะวันออก,จันทบุรี,เว็บไซต์,เครื่องใช้ในบ้าน,เครื่องฟอกอากาศ,1,4990,0.1,5029.92,3125.22,1904.7,ลูกค้าใหม่,บัตรเครดิต,4
ORD01176,2025-11-04,ภาคอีสาน,นครราชสีมา,Lazada,แฟชั่น,กางเกงยีนส์,3,890,0,2990.4,1515.87,1474.53,ลูกค้าประจำ,บัตรเครดิต,1
ORD01671,2024-06-22,ภาคอีสาน,อุดรธานี,หน้าร้าน,ความงาม,เซรั่มบำรุงผิว,5,790,0,3950.0,2803.57,1146.43,ลูกค้าประจำ,บัตรเครดิต,4
ORD01184,2024-12-09,ภาคกลาง,นนทบุรี,Shopee,คอมพิวเตอร์,คีย์บอร์ดแมคคานิคอล,1,2490,0,2490.0,1439.08,1050.92,ลูกค้าประจำ,เงินสด,4
ORD00527,2025-09-03,ภาคกลาง,กรุงเทพมหานคร,หน้าร้าน,อิเล็กทรอนิกส์,หูฟังไร้สาย,1,1290,0,1444.8,966.66,478.14,ลูกค้าใหม่,เก็บเงินปลายทาง,4
ORD00398,2025-05-24,ภาคเหนือ,เชียงราย,Shopee,อิเล็กทรอนิกส์,ลำโพงบลูทูธ,1,1590,0.05,1691.76,1018.79,672.97,ลูกค้าใหม่,เงินสด,3
ORD00916,2024-04-23,ภาคใต้,สุราษฎร์ธานี,LINE Shopping,คอมพิวเตอร์,คีย์บอร์ดแมคคานิคอล,1,2490,0,2490.0,1742.31,747.69,ลูกค้าประจำ,เก็บเงินปลายทาง,5
ORD00616,2024-11-02,ภาคใต้,ภูเก็ต,หน้าร้าน,ความงาม,เซรั่มบำรุงผิว,1,790,0,790.0,479.34,310.66,ลูกค้าใหม่,เงินสด,4
ORD02948,2025-05-30,ภาคกลาง,นนทบุรี,Shopee,แฟชั่น,เสื้อยืด,3,290,0.15,828.24,622.81,205.43,ลูกค้าประจำ,โอนผ่านแอป,3
ORD02714,2025-12-29,ภาคกลาง,นครปฐม,Lazada,แฟชั่น,รองเท้าผ้าใบ,4,1890,0,8467.2,4606.59,3860.61,ลูกค้าประจำ,บัตรเครดิต,3
ORD00430,2025-06-23,ภาคตะวันออก,ระยอง,Shopee,เครื่องใช้ในบ้าน,เครื่องฟอกอากาศ,1,4990,0.1,5029.92,2832.77,2197.15,ลูกค้าประจำ,เงินสด,5
ORD00473,2024-06-13,ภาคกลาง,นครปฐม,หน้าร้าน,คอมพิวเตอร์,คีย์บอร์ดแมคคานิคอล,1,2490,0,2490.0,1655.61,834.39,ลูกค้าใหม่,โอนผ่านแอป,3
ORD01566,2024-04-22,ภาคเหนือ,พิษณุโลก,เว็บไซต์,ความงาม,ลิปสติก,1,350,0,350.0,196.02,153.98,ลูกค้าประจำ,โอนผ่านแอป,4
ORD02850,2024-12-15,ภาคเหนือ,พิษณุโลก,Lazada,คอมพิวเตอร์,SSD 1TB,1,2190,0.05,2080.5,1619.74,460.76,ลูกค้าใหม่,บัตรเครดิต,4
ORD02711,2024-02-18,ภาคเหนือ,เชียงใหม่,หน้าร้าน,แฟชั่น,รองเท้าผ้าใบ,2,1890,0.05,3591.0,2771.5,819.5,ลูกค้าประจำ,บัตรเครดิต,3
ORD01635,2025-02-18,ภาคใต้,ภูเก็ต,หน้าร้าน,ความงาม,เซรั่มบำรุงผิว,2,790,0,1769.6,1107.6,662.0,ลูกค้าใหม่,โอนผ่านแอป,4
ORD00570,2025-05-01,ภาคใต้,ภูเก็ต,Shopee,คอมพิวเตอร์,คีย์บอร์ดแมคคานิคอล,1,2490,0.05,2649.36,1701.78,947.58,ลูกค้าประจำ,บัตรเครดิต,3
ORD00455,2025-10-03,ภาคกลาง,นนทบุรี,Shopee,คอมพิวเตอร์,เมาส์เกมมิ่ง,3,890,0.05,2840.88,1734.17,1106.71,ลูกค้าประจำ,เงินสด,2
ORD02244,2025-10-25,ภาคกลาง,นครปฐม,LINE Shopping,เครื่องใช้ในบ้าน,เครื่องฟอกอากาศ,2,4990,0.15,9500.96,6099.9,3401.06,ลูกค้าใหม่,บัตรเครดิต,5
ORD00852,2024-11-21,ภาคใต้,,หน้าร้าน,แฟชั่น,กระเป๋าเป้,1,990,0,990.0,688.68,301.32,ลูกค้าประจำ,เงินสด,4
ORD00647,2024-03-01,ภาคใต้,สุราษฎร์ธานี,Lazada,คอมพิวเตอร์,"จอมอนิเตอร์ 24""",5,4290,0.05,20377.5,14486.63,5890.87,ลูกค้าใหม่,โอนผ่านแอป,
ORD00365,2025-06-22,ภาคอีสาน,นครราชสีมา,Lazada,อิเล็กทรอนิกส์,สมาร์ทวอทช์,1,3490,0,3908.8,2568.79,1340.01,ลูกค้าประจำ,เงินสด,4
ORD02786,2025-07-27,ภาคกลาง,ปทุมธานี,หน้าร้าน,ความงาม,ลิปสติก,1,350,0,392.0,221.54,170.46,ลูกค้าประจำ,บัตรเครดิต,3
ORD01207,2024-09-18,ภาคอีสาน,อุดรธานี,เว็บไซต์,เครื่องใช้ในบ้าน,หม้อทอดไร้น้ำมัน,1,2590,0.15,2201.5,1446.7,754.8,ลูกค้าประจำ,บัตรเครดิต,3
ORD02488,2024-09-11,ภาคตะวันออก,ชลบุรี,Shopee,แฟชั่น,เสื้อยืด,1,290,0,290.0,187.88,102.12,ลูกค้าประจำ,เก็บเงินปลายทาง,5
ORD01993,2024-05-04,ภาคกลาง,ปทุมธานี,หน้าร้าน,ความงาม,ลิปสติก,1,350,0,350.0,243.13,106.87,ลูกค้าใหม่,เงินสด,4
ORD00551,2024-12-04,ภาคใต้,สงขลา,Shopee,แฟชั่น,รองเท้าผ้าใบ,1,1890,0,1890.0,1175.12,714.88,ลูกค้าใหม่,โอนผ่านแอป,3
ORD01668,2024-11-23,ภาคกลาง,นครปฐม,หน้าร้าน,เครื่องใช้ในบ้าน,เครื่องฟอกอากาศ,2,4990,0,9980.0,6280.13,3699.87,ลูกค้าประจำ,เงินสด,5
ORD02669,2024-09-29,ภาคอีสาน,อุบลราชธานี,หน้าร้าน,ความงาม,ครีมกันแดด,4,450,0,1800.0,1345.16,454.84,ลูกค้าประจำ,บัตรเครดิต,4
ORD00610,2024-12-07,ภาคอีสาน,นครราชสีมา,Lazada,เครื่องใช้ในบ้าน,เครื่องฟอกอากาศ,2,4990,0,9980.0,5869.52,4110.48,ลูกค้าประจำ,บัตรเครดิต,1
ORD00562,2025-01-16,ภาคเหนือ,พิษณุโลก,LINE Shopping,อิเล็กทรอนิกส์,หูฟังไร้สาย,2,1290,0.05,2745.12,1572.75,1172.37,ลูกค้าใหม่,บัตรเครดิต,5
ORD01520,2024-03-11,ภาคกลาง,นนทบุรี,เว็บไซต์,ความงาม,ลิปสติก,5,350,0,1750.0,1142.04,607.96,ลูกค้าประจำ,เงินสด,4
ORD02627,2024-05-17,ภาคกลาง,นนทบุรี,หน้าร้าน,แฟชั่น,กระเป๋าเป้,2,990,0.05,1881.0,1112.7,768.3,ลูกค้าประจำ,เงินสด,4
ORD02418,2024-12-19,ภาคกลาง,กรุงเทพมหานคร,LINE Shopping,คอมพิวเตอร์,เมาส์เกมมิ่ง,2,890,0,1780.0,993.72,786.28,ลูกค้าประจำ,โอนผ่านแอป,4
ORD01108,2024-10-02,ภาคตะวันออก,จันทบุรี,Lazada,แฟชั่น,กางเกงยีนส์,1,890,0.15,756.5,581.56,174.94,ลูกค้าประจำ,เงินสด,5
ORD00176,2024-09-03,ภาคใต้,สุราษฎร์ธานี,Lazada,ความงาม,เซรั่มบำรุงผิว,1,790,0.15,671.5,548.92,122.58,ลูกค้าประจำ,บัตรเครดิต,2
ORD02327,2025-06-07,ภาคกลาง,ปทุมธานี,เว็บไซต์,เครื่องใช้ในบ้าน,เครื่องฟอกอากาศ,1,4990,0.1,5029.92,3111.85,1918.07,ลูกค้าใหม่,เก็บเงินปลายทาง,4
ORD02758,2025-04-10,ภาคเหนือ,เชียงใหม่,Lazada,เครื่องใช้ในบ้าน,กาต้มน้ำไฟฟ้า,2,590,0,1321.6,679.89,641.71,ลูกค้าประจำ,เก็บเงินปลายทาง,5
ORD00013,2024-11-03,ภาคตะวันออก,ชลบุรี,หน้าร้าน,เครื่องใช้ในบ้าน,หม้อทอดไร้น้ำมัน,1,2590,0,2590.0,1535.47,1054.53,ลูกค้าประจำ,เก็บเงินปลายทาง,3
ORD00133,2025-06-01,ภาคกลาง,นครปฐม,หน้าร้าน,ความงาม,เซรั่มบำรุงผิว,1,790,0.05,840.56,573.91,266.65,ลูกค้าใหม่,เงินสด,5
ORD00369,2025-07-17,ภาคกลาง,นนทบุรี,เว็บไซต์,เครื่องใช้ในบ้าน,เครื่องฟอกอากาศ,2,4990,0.15,9500.96,6134.61,3366.35,ลูกค้าประจำ,โอนผ่านแอป,4
ORD02630,2025-12-06,ภาคกลาง,นครปฐม,เว็บไซต์,ความงาม,ครีมกันแดด,1,450,0,504.0,328.28,175.72,ลูกค้าใหม่,โอนผ่านแอป,4
ORD01226,2025-05-22,ภาคอีสาน,อุบลราชธานี,LINE Shopping,แฟชั่น,กางเกงยีนส์,1,890,0,996.8,618.73,378.07,ลูกค้าประจำ,โอนผ่านแอป,4
ORD01894,2025-01-14,ภาคกลาง,กรุงเทพมหานคร,หน้าร้าน,อิเล็กทรอนิกส์,หูฟังไร้สาย,3,1290,0.05,4117.68,2414.56,1703.12,ลูกค้าประจำ,โอนผ่านแอป,4
ORD01101,2025-11-07,ภาคกลาง,ปทุมธานี,หน้าร้าน,เครื่องใช้ในบ้าน,กาต้มน้ำไฟฟ้า,2,590,0,1321.6,703.4,618.2,ลูกค้าประจำ,บัตรเครดิต,5
ORD02533,2024-05-11,ภาคเหนือ,เชียงใหม่,LINE Shopping,อิเล็กทรอนิกส์,ลำโพงบลูทูธ,1,1590,0.1,1431.0,1070.26,360.74,ลูกค้าประจำ,เก็บเงินปลายทาง,2
ORD02289,2024-11-22,ภาคกลาง,นครปฐม,Lazada,แฟชั่น,รองเท้าผ้าใบ,4,1890,0.05,7182.0,4564.77,2617.23,ลูกค้าประจำ,บัตรเครดิต,4
ORD01701,2025-01-13,ภาคกลาง,นครปฐม,เว็บไซต์,อิเล็กทรอนิกส์,หูฟังไร้สาย,1,1290,0.15,1228.08,950.79,277.29,ลูกค้าประจำ,เก็บเงินปลายทาง,3
ORD01218,2025-11-21,ภาคเหนือ,เชียงใหม่,LINE Shopping,คอมพิวเตอร์,"จอมอนิเตอร์ 24""",2,4290,0,9609.6,5611.31,3998.29,ลูกค้าใหม่,บัตรเครดิต,5
ORD00768,2025-03-22,ภาคกลาง,กรุงเทพมหานคร,LINE Shopping,เครื่องใช้ในบ้าน,กาต้มน้ำไฟฟ้า,5,590,0,3304.0,1775.72,1528.28,ลูกค้าใหม่,บัตรเครดิต,2
ORD02592,2024-07-01,ภาคใต้,สงขลา,หน้าร้าน,อิเล็กทรอนิกส์,หูฟังไร้สาย,1,1290,0,1290.0,937.18,352.82,ลูกค้าประจำ,เงินสด,5
ORD00915,2024-12-05,ภาคกลาง,นนทบุรี,Shopee,อิเล็กทรอนิกส์,พาวเวอร์แบงก์,2,690,0.15,1173.0,925.5,247.5,ลูกค้าประจำ,เก็บเงินปลายทาง,4
ORD00669,2025-07-04,ภาคใต้,สุราษฎร์ธานี,Shopee,อิเล็กทรอนิกส์,ลำโพงบลูทูธ,2,1590,0.1,3205.44,2059.73,1145.71,ลูกค้าประจำ,เงินสด,5
ORD01389,2024-08-19,ภาคเหนือ,พิษณุโลก,LINE Shopping,คอมพิวเตอร์,คีย์บอร์ดแมคคานิคอล,1,2490,0,2490.0,1691.72,798.28,ลูกค้าประจำ,โอนผ่านแอป,2
ORD01102,2025-11-06,ภาคใต้,สุราษฎร์ธานี,หน้าร้าน,แฟชั่น,กางเกงยีนส์,1,890,0,996.8,505.73,491.07,ลูกค้าประจำ,บัตรเครดิต,5
ORD02002,2024-11-14,ภาคกลาง,นนทบุรี,Shopee,เครื่องใช้ในบ้าน,หม้อทอดไร้น้ำมัน,2,2590,0.1,4662.0,3791.03,870.97,ลูกค้าใหม่,เงินสด,5
ORD00395,2025-11-15,ภาคกลาง,กรุงเทพมหานคร,Lazada,เครื่องใช้ในบ้าน,กาต้มน้ำไฟฟ้า,2,590,0,1321.6,818.54,503.06,ลูกค้าใหม่,เก็บเงินปลายทาง,4
ORD02931,2024-09-22,ภาคกลาง,นครปฐม,Lazada,เครื่องใช้ในบ้าน,เครื่องฟอกอากาศ,2,4990,0.05,9481.0,6268.92,3212.08,ลูกค้าประจำ,เงินสด,3
ORD02788,2024-12-05,ภาคกลาง,นครปฐม,เว็บไซต์,คอมพิวเตอร์,คีย์บอร์ดแมคคานิคอล,1,2490,0,2490.0,1632.05,857.95,ลูกค้าประจำ,โอนผ่านแอป,4
ORD01195,2025-11-12,ภาคอีสาน,ขอนแก่น,เว็บไซต์,ความงาม,เซรั่มบำรุงผิว,1,790,0,884.8,447.48,437.32,ลูกค้าประจำ,บัตรเครดิต,5
ORD01599,2025-04-24,ภาคกลาง,กรุงเทพมหานคร,เว็บไซต์,คอมพิวเตอร์,SSD 1TB,1,2190,0.05,2330.16,1216.54,1113.62,ลูกค้าประจำ,เก็บเงินปลายทาง,5
ORD00302,2024-09-14,ภาคอีสาน,ขอนแก่น,Shopee,คอมพิวเตอร์,"จอมอนิเตอร์ 24""",1,4290,0.05,4075.5,2731.04,1344.46,ลูกค้าใหม่,เงินสด,4
ORD02825,2024-03-16,ภาคกลาง,กรุงเทพมหานคร,หน้าร้าน,แฟชั่น,กระเป๋าเป้,1,990,0,990.0,593.23,396.77,ลูกค้าประจำ,บัตรเครดิต,4
ORD00422,2025-09-02,ภาคกลาง,กรุงเทพมหานคร,Lazada,แฟชั่น,เสื้อยืด,1,290,0.1,292.32,211.89,80.43,ลูกค้าประจำ,โอนผ่านแอป,4
ORD02079,2025-10-18,ภาคกลาง,ปทุมธานี,Shopee,แฟชั่น,เสื้อยืด,1,290,0,324.8,207.71,117.09,ลูกค้าใหม่,เงินสด,4
ORD00400,2025-11-06,ภาคอีสาน,อุบลราชธานี,Shopee,ความงาม,ลิปสติก,2,350,0.1,705.6,409.84,295.76,ลูกค้าประจำ,บัตรเครดิต,5
ORD00044,2025-12-04,ภาคเหนือ,พิษณุโลก,Shopee,เครื่องใช้ในบ้าน,กาต้มน้ำไฟฟ้า,4,590,0,2643.2,1503.55,1139.65,ลูกค้าประจำ,บัตรเครดิต,4
ORD02887,2025-11-25,ภาคอีสาน,ขอนแก่น,หน้าร้าน,อิเล็กทรอนิกส์,สมาร์ทวอทช์,1,3490,0,3908.8,2001.14,1907.66,ลูกค้าใหม่,บัตรเครดิต,4
ORD02281,2024-06-07,ภาคกลาง,กรุงเทพมหานคร,LINE Shopping,ความงาม,ครีมกันแดด,1,450,0.05,427.5,309.33,118.17,ลูกค้าประจำ,เก็บเงินปลายทาง,4
ORD02470,2025-05-15,ภาคกลาง,นนทบุรี,หน้าร้าน,เครื่องใช้ในบ้าน,เครื่องฟอกอากาศ,2,4990,0,11177.6,6838.15,4339.45,ลูกค้าประจำ,โอนผ่านแอป,5
ORD01109,2024-11-23,ภาคตะวันออก,ระยอง,Shopee,อิเล็กทรอนิกส์,หูฟังไร้สาย,1,1290,0,1290.0,826.4,463.6,ลูกค้าใหม่,เก็บเงินปลายทาง,4
ORD02055,2024-11-26,ภาคตะวันออก,ระยอง,Lazada,คอมพิวเตอร์,"จอมอนิเตอร์ 24""",1,4290,0,4290.0,3120.04,1169.96,ลูกค้าประจำ,เก็บเงินปลายทาง,5
ORD01083,2024-08-16,ภาคอีสาน,นครราชสีมา,Lazada,แฟชั่น,กางเกงยีนส์,2,890,0,1780.0,1015.15,764.85,ลูกค้าใหม่,เงินสด,4
ORD01463,2025-11-02,ภาคกลาง,นนทบุรี,Shopee,คอมพิวเตอร์,คีย์บอร์ดแมคคานิคอล,2,2490,0,5577.6,3551.8,2025.8,ลูกค้าใหม่,โอนผ่านแอป,4
ORD02319,2024-02-12,ภาคตะวันออก,จันทบุรี,LINE Shopping,เครื่องใช้ในบ้าน,เครื่องฟอกอากาศ,1,4990,0.1,4491.0,3346.92,1144.08,ลูกค้าประจำ,เก็บเงินปลายทาง,5
ORD01782,2024-09-05,ภาคกลาง,นนทบุรี,Shopee,แฟชั่น,รองเท้าผ้าใบ,1,1890,0.1,1701.0,1335.45,365.55,ลูกค้าประจำ,โอนผ่านแอป,4
ORD00481,2024-11-05,ภาคกลาง,ปทุมธานี,หน้าร้าน,ความงาม,ลิปสติก,1,350,0,350.0,203.28,146.72,ลูกค้าประจำ,เก็บเงินปลายทาง,3
ORD02744,2024-03-03,ภาคกลาง,ปทุมธานี,หน้าร้าน,เครื่องใช้ในบ้าน,เครื่องฟอกอากาศ,1,4990,0,4990.0,2907.99,2082.01,ลูกค้าประจำ,เก็บเงินปลายทาง,4
ORD00906,2025-09-18,ภาคอีสาน,ขอนแก่น,เว็บไซต์,แฟชั่น,กระเป๋าเป้,2,990,0.05,2106.72,1277.34,829.38,ลูกค้าใหม่,บัตรเครดิต,4
ORD02357,2024-08-25,ภาคกลาง,ปทุมธานี,Lazada,เครื่องใช้ในบ้าน,หม้อทอดไร้น้ำมัน,1,2590,0.15,2201.5,1565.75,635.75,ลูกค้าใหม่,บัตรเครดิต,
ORD00198,2025-04-13,ภาคใต้,สงขลา,หน้าร้าน,แฟชั่น,เสื้อยืด,2,290,0.05,617.12,414.5,202.62,ลูกค้าประจำ,เงินสด,5
ORD00335,2024-12-28,ภาคอีสาน,อุดรธานี,หน้าร้าน,คอมพิวเตอร์,คีย์บอร์ดแมคคานิคอล,1,2490,0.05,2365.5,1490.04,875.46,ลูกค้าใหม่,โอนผ่านแอป,5
ORD01164,2024-09-12,ภาคอีสาน,นครราชสีมา,หน้าร้าน,แฟชั่น,กางเกงยีนส์,5,890,0,4450.0,2958.87,1491.13,ลูกค้าประจำ,,4
ORD01080,2025-12-07,ภาคอีสาน,อุบลราชธานี,Shopee,อิเล็กทรอนิกส์,หูฟังไร้สาย,2,1290,0.15,2456.16,1821.91,634.25,ลูกค้าใหม่,โอนผ่านแอป,4
ORD02643,2024-12-28,ภาคอีสาน,นครราชสีมา,หน้าร้าน,อิเล็กทรอนิกส์,หูฟังไร้สาย,2,1290,0.05,2451.0,1859.89,591.11,ลูกค้าใหม่,บัตรเครดิต,4
ORD02062,2025-02-22,ภาคอีสาน,ขอนแก่น,หน้าร้าน,ความงาม,เซรั่มบำรุงผิว,2,790,0.05,1681.12,993.45,687.67,ลูกค้าประจำ,บัตรเครดิต,5
ORD00520,2025-07-14,ภาคเหนือ,เชียงใหม่,หน้าร้าน,อิเล็กทรอนิกส์,หูฟังไร้สาย,2,1290,0,2889.6,1827.17,1062.43,ลูกค้าใหม่,โอนผ่านแอป,4
ORD02511,2024-09-03,ภาคกลาง,กรุงเทพมหานคร,เว็บไซต์,ความงาม,เซรั่มบำรุงผิว,3,790,0.05,2251.5,1683.37,568.13,ลูกค้าประจำ,โอนผ่านแอป,3
ORD02639,2025-01-04,ภาคใต้,สงขลา,หน้าร้าน,เครื่องใช้ในบ้าน,หม้อทอดไร้น้ำมัน,1,2590,0.05,2755.76,1669.7,1086.06,ลูกค้าประจำ,บัตรเครดิต,5
ORD02150,2024-08-29,ภาคอีสาน,อุดรธานี,Lazada,แฟชั่น,กระเป๋าเป้,1,990,0,990.0,582.37,407.63,ลูกค้าใหม่,บัตรเครดิต,5
ORD00611,2024-11-02,ภาคกลาง,นนทบุรี,Lazada,แฟชั่น,กระเป๋าเป้,3,990,0,2970.0,1913.87,1056.13,ลูกค้าประจำ,โอนผ่านแอป,3
ORD00282,2025-12-08,ภาคกลาง,นนทบุรี,Shopee,เครื่องใช้ในบ้าน,หม้อทอดไร้น้ำมัน,1,2590,0.05,2755.76,1633.4,1122.36,ลูกค้าใหม่,เก็บเงินปลายทาง,5
ORD00766,2024-04-07,ภาคกลาง,ปทุมธานี,เว็บไซต์,เครื่องใช้ในบ้าน,เครื่องฟอกอากาศ,1,4990,0,4990.0,3299.84,1690.16,ลูกค้าประจำ,เงินสด,4
ORD00868,2024-01-06,ภาคกลาง,กรุงเทพมหานคร,หน้าร้าน,อิเล็กทรอนิกส์,ลำโพงบลูทูธ,1,1590,0,1590.0,1063.54,526.46,ลูกค้าใหม่,โอนผ่านแอป,4
ORD00818,2024-08-13,ภาคกลาง,ปทุมธานี,Shopee,เครื่องใช้ในบ้าน,กาต้มน้ำไฟฟ้า,1,590,0.1,531.0,429.87,101.13,ลูกค้าประจำ,เงินสด,2
ORD02990,2024-05-17,ภาคกลาง,ปทุมธานี,หน้าร้าน,อิเล็กทรอนิกส์,ลำโพงบลูทูธ,1,1590,0,1590.0,1153.32,436.68,ลูกค้าประจำ,เก็บเงินปลายทาง,4
ORD01731,2025-11-26,ภาคตะวันออก,ระยอง,เว็บไซต์,แฟชั่น,กระเป๋าเป้,3,990,0,3326.4,1839.54,1486.86,ลูกค้าประจำ,บัตรเครดิต,3
ORD01483,2025-11-19,ภาคตะวันออก,จันทบุรี,Shopee,แฟชั่น,กระเป๋าเป้,2,990,0,2217.6,1295.23,922.37,ลูกค้าประจำ,เก็บเงินปลายทาง,4
ORD01872,2024-11-02,ภาคอีสาน,อุบลราชธานี,เว็บไซต์,คอมพิวเตอร์,"จอมอนิเตอร์ 24""",1,4290,0,4290.0,3081.67,1208.33,ลูกค้าประจำ,บัตรเครดิต,5
ORD01857,2024-08-15,ภาคเหนือ,พิษณุโลก,หน้าร้าน,ความงาม,ลิปสติก,2,350,0,700.0,450.05,249.95,ลูกค้าประจำ,โอนผ่านแอป,3
ORD00196,2024-07-10,ภาคเหนือ,พิษณุโลก,Shopee,อิเล็กทรอนิกส์,สมาร์ทวอทช์,4,3490,0,13960.0,9954.08,4005.92,ลูกค้าประจำ,เก็บเงินปลายทาง,4
ORD00539,2025-03-20,ภาคกลาง,นนทบุรี,Shopee,ความงาม,เซรั่มบำรุงผิว,5,790,0.15,3760.4,2714.63,1045.77,ลูกค้าประจำ,เงินสด,4
ORD00094,2024-08-23,ภาคใต้,ภูเก็ต,Lazada,เครื่องใช้ในบ้าน,หม้อทอดไร้น้ำมัน,1,2590,0.05,2460.5,1434.21,1026.29,ลูกค้าประจำ,เก็บเงินปลายทาง,4
ORD00157,2025-01-21,ภาคอีสาน,อุบลราชธานี,เว็บไซต์,ความงาม,ครีมกันแดด,2,450,0,1008.0,673.71,334.29,ลูกค้าประจำ,โอนผ่านแอป,5
ORD01850,2024-04-12,ภาคเหนือ,เชียงราย,หน้าร้าน,อิเล็กทรอนิกส์,ลำโพงบลูทูธ,1,1590,0.05,1510.5,909.9,600.6,ลูกค้าประจำ,โอนผ่านแอป,3
ORD01890,2024-05-27,ภาคกลาง,นครปฐม,Shopee,คอมพิวเตอร์,เมาส์เกมมิ่ง,4,890,0,3560.0,2183.46,1376.54,ลูกค้าประจำ,เก็บเงินปลายทาง,1
ORD01388,2024-12-28,ภาคกลาง,นครปฐม,Shopee,แฟชั่น,กระเป๋าเป้,3,990,0,2970.0,1634.15,1335.85,ลูกค้าใหม่,บัตรเครดิต,5
ORD00759,2025-02-13,ภาคกลาง,นนทบุรี,หน้าร้าน,คอมพิวเตอร์,"จอมอนิเตอร์ 24""",5,4290,0.05,22822.8,13134.2,9688.6,ลูกค้าประจำ,เก็บเงินปลายทาง,4
ORD00700,2024-07-25,ภาคกลาง,ปทุมธานี,Lazada,คอมพิวเตอร์,คีย์บอร์ดแมคคานิคอล,1,2490,0.1,2241.0,1855.11,385.89,ลูกค้าประจำ,เงินสด,5
ORD01408,2024-11-08,ภาคกลาง,ปทุมธานี,หน้าร้าน,คอมพิวเตอร์,เมาส์เกมมิ่ง,3,890,0,2670.0,1845.72,824.28,ลูกค้าประจำ,เก็บเงินปลายทาง,4
ORD00493,2024-11-16,ภาคใต้,สงขลา,หน้าร้าน,เครื่องใช้ในบ้าน,กาต้มน้ำไฟฟ้า,2,590,0,1180.0,676.31,503.69,ลูกค้าประจำ,บัตรเครดิต,5
ORD02462,2025-01-04,ภาคเหนือ,เชียงราย,หน้าร้าน,คอมพิวเตอร์,"จอมอนิเตอร์ 24""",1,4290,0.05,4564.56,2422.11,2142.45,ลูกค้าใหม่,เงินสด,5
ORD00334,2025-06-12,ภาคอีสาน,ขอนแก่น,เว็บไซต์,เครื่องใช้ในบ้าน,หม้อทอดไร้น้ำมัน,1,2590,0.15,2465.68,1849.82,615.86,ลูกค้าประจำ,โอนผ่านแอป,4
ORD01915,2025-08-07,ภาคอีสาน,อุบลราชธานี,Lazada,เครื่องใช้ในบ้าน,เครื่องฟอกอากาศ,1,4990,0.1,5029.92,3666.78,1363.14,ลูกค้าประจำ,โอนผ่านแอป,5
ORD02431,2025-12-03,ภาคอีสาน,อุบลราชธานี,Lazada,แฟชั่น,กระเป๋าเป้,1,990,0.05,1053.36,571.65,481.71,ลูกค้าประจำ,โอนผ่านแอป,4
ORD00032,2024-12-20,ภาคใต้,สงขลา,Shopee,อิเล็กทรอนิกส์,ลำโพงบลูทูธ,1,1590,0,1590.0,1102.93,487.07,ลูกค้าประจำ,โอนผ่านแอป,3
ORD01923,2024-12-17,ภาคกลาง,กรุงเทพมหานคร,Lazada,ความงาม,เซรั่มบำรุงผิว,3,790,0,2370.0,1668.06,701.94,ลูกค้าประจำ,โอนผ่านแอป,2
ORD00559,2024-11-17,ภาคกลาง,นนทบุรี,หน้าร้าน,เครื่องใช้ในบ้าน,กาต้มน้ำไฟฟ้า,2,590,0,1180.0,754.3,425.7,ลูกค้าประจำ,เก็บเงินปลายทาง,5
ORD01098,2024-05-29,ภาคกลาง,ปทุมธานี,LINE Shopping,อิเล็กทรอนิกส์,ลำโพงบลูทูธ,3,1590,0,4770.0,2686.99,2083.01,ลูกค้าประจำ,เก็บเงินปลายทาง,5
ORD01072,2025-07-07,ภาคใต้,สงขลา,Lazada,ความงาม,ครีมกันแดด,5,450,0.15,2142.0,1415.86,726.14,ลูกค้าประจำ,เงินสด,
ORD00283,2025-12-11,ภาคกลาง,กรุงเทพมหานคร,เว็บไซต์,แฟชั่น,เสื้อยืด,1,290,0.1,292.32,191.35,100.97,ลูกค้าประจำ,บัตรเครดิต,5
ORD02879,2024-09-09,ภาคอีสาน,อุบลราชธานี,Lazada,คอมพิวเตอร์,"จอมอนิเตอร์ 24""",1,4290,0.05,4075.5,2574.52,1500.98,ลูกค้าประจำ,โอนผ่านแอป,4
ORD01467,2025-10-17,ภาคเหนือ,เชียงใหม่,Shopee,แฟชั่น,กางเกงยีนส์,3,890,0,2990.4,1649.78,1340.62,ลูกค้าใหม่,บัตรเครดิต,4
ORD02959,2025-12-26,ภาคเหนือ,พิษณุโลก,LINE Shopping,อิเล็กทรอนิกส์,สมาร์ทวอทช์,1,3490,0,3908.8,2358.92,1549.88,ลูกค้าประจำ,เงินสด,5
ORD02869,2024-12-15,ภาคอีสาน,ขอนแก่น,Shopee,แฟชั่น,กางเกงยีนส์,1,890,0,890.0,625.46,264.54,ลูกค้าประจำ,บัตรเครดิต,4
ORD01570,2024-11-17,ภาคเหนือ,เชียงใหม่,หน้าร้าน,ความงาม,ครีมกันแดด,1,450,0,450.0,249.58,200.42,ลูกค้าใหม่,โอนผ่านแอป,5
ORD00425,2024-10-15,ภาคกลาง,นนทบุรี,Lazada,ความงาม,เซรั่มบำรุงผิว,2,790,0.05,1501.0,989.57,511.43,ลูกค้าประจำ,เก็บเงินปลายทาง,3
ORD02767,2025-05-06,ภาคกลาง,ปทุมธานี,Shopee,คอมพิวเตอร์,เมาส์เกมมิ่ง,1,890,0.1,897.12,520.03,377.09,ลูกค้าประจำ,เงินสด,1
ORD00050,2024-11-09,ภาคกลาง,กรุงเทพมหานคร,หน้าร้าน,อิเล็กทรอนิกส์,สมาร์ทวอทช์,2,3490,0,6980.0,3982.21,2997.79,ลูกค้าประจำ,เก็บเงินปลายทาง,4
ORD01163,2024-04-27,ภาคกลาง,นนทบุรี,หน้าร้าน,เครื่องใช้ในบ้าน,กาต้มน้ำไฟฟ้า,1,590,0.05,560.5,392.96,167.54,ลูกค้าใหม่,เงินสด,3
ORD02146,2025-08-01,ภาคกลาง,นนทบุรี,หน้าร้าน,เครื่องใช้ในบ้าน,กาต้มน้ำไฟฟ้า,2,590,0,1321.6,787.18,534.42,ลูกค้าประจำ,เงินสด,4
ORD01801,2024-11-08,ภาคใต้,สงขลา,Lazada,เครื่องใช้ในบ้าน,หม้อทอดไร้น้ำมัน,1,2590,0,2590.0,1649.46,940.54,ลูกค้าใหม่,เก็บเงินปลายทาง,5
ORD01769,2025-03-26,ภาคเหนือ,เชียงใหม่,Shopee,ความงาม,เซรั่มบำรุงผิว,1,790,0,884.8,538.2,346.6,ลูกค้าประจำ,เก็บเงินปลายทาง,5
ORD02994,2024-01-12,ภาคใต้,สุราษฎร์ธานี,Shopee,เครื่องใช้ในบ้าน,เครื่องฟอกอากาศ,5,4990,0.05,23702.5,17236.74,6465.76,ลูกค้าใหม่,เงินสด,5
ORD01053,2025-01-19,ภาคอีสาน,อุดรธานี,Shopee,เครื่องใช้ในบ้าน,เครื่องฟอกอากาศ,1,4990,0,5588.8,3386.83,2201.97,ลูกค้าประจำ,เงินสด,5
ORD01401,2024-06-03,ภาคใต้,สุราษฎร์ธานี,หน้าร้าน,คอมพิวเตอร์,เมาส์เกมมิ่ง,1,890,0,890.0,554.81,335.19,ลูกค้าประจำ,เก็บเงินปลายทาง,5
ORD01326,2025-06-02,ภาคกลาง,นนทบุรี,เว็บไซต์,คอมพิวเตอร์,คีย์บอร์ดแมคคานิคอล,3,2490,0.05,7948.08,5417.07,2531.01,ลูกค้าประจำ,โอนผ่านแอป,5
ORD00240,2024-03-20,ภาคตะวันออก,ระยอง,Shopee,คอมพิวเตอร์,เมาส์เกมมิ่ง,3,890,0.15,2269.5,1941.97,327.53,ลูกค้าใหม่,โอนผ่านแอป,3
ORD00399,2025-07-14,ภาคอีสาน,ขอนแก่น,หน้าร้าน,คอมพิวเตอร์,เมาส์เกมมิ่ง,1,890,0,996.8,496.04,500.76,ลูกค้าประจำ,บัตรเครดิต,4
ORD02746,2025-02-06,ภาคกลาง,กรุงเทพมหานคร,หน้าร้าน,อิเล็กทรอนิกส์,สมาร์ทวอทช์,4,3490,0,15635.2,9682.34,5952.86,ลูกค้าใหม่,โอนผ่านแอป,4
ORD01445,2025-11-21,ภาคกลาง,ปทุมธานี,LINE Shopping,อิเล็กทรอนิกส์,สมาร์ทวอทช์,2,3490,0.1,7035.84,5025.51,2010.33,ลูกค้าประจำ,บัตรเครดิต,5
ORD02241,2025-03-22,ภาคอีสาน,ขอนแก่น,หน้าร้าน,อิเล็กทรอนิกส์,หูฟังไร้สาย,2,1290,0.05,2745.12,1589.94,1155.18,ลูกค้าใหม่,เงินสด,4
ORD00633,2025-12-07,ภาคกลาง,ปทุมธานี,Lazada,คอมพิวเตอร์,เมาส์เกมมิ่ง,1,890,0.05,946.96,621.09,325.87,ลูกค้าใหม่,บัตรเครดิต,4
ORD00716,2024-04-16,ภาคเหนือ,เชียงใหม่,Lazada,เครื่องใช้ในบ้าน,เครื่องฟอกอากาศ,3,4990,0,14970.0,10595.34,4374.66,ลูกค้าประจำ,โอนผ่านแอป,4
ORD02444,2025-01-22,ภาคเหนือ,พิษณุโลก,หน้าร้าน,ความงาม,ลิปสติก,5,350,0.05,1862.0,1206.2,655.8,ลูกค้าประจำ,โอนผ่านแอป,2
ORD00360,2024-08-26,ภาคเหนือ,เชียงใหม่,หน้าร้าน,เครื่องใช้ในบ้าน,เครื่องฟอกอากาศ,2,4990,0,9980.0,6203.9,3776.1,ลูกค้าใหม่,เงินสด,4
ORD02613,2024-05-10,ภาคอีสาน,ขอนแก่น,LINE Shopping,เครื่องใช้ในบ้าน,เครื่องฟอกอากาศ,2,4990,0.05,9481.0,5749.43,3731.57,ลูกค้าประจำ,เงินสด,5
ORD00691,2025-05-15,ภาคใต้,สุราษฎร์ธานี,Lazada,คอมพิวเตอร์,"จอมอนิเตอร์ 24""",2,4290,0.05,9129.12,5580.19,3548.93,ลูกค้าประจำ,เก็บเงินปลายทาง,3
ORD00420,2025-05-08,ภาคกลาง,นนทบุรี,เว็บไซต์,ความงาม,เซรั่มบำรุงผิว,3,790,0,2654.4,1561.61,1092.79,ลูกค้าใหม่,เงินสด,5
ORD02026,2024-07-13,ภาคเหนือ,เชียงราย,Lazada,เครื่องใช้ในบ้าน,หม้อทอดไร้น้ำมัน,5,2590,0.05,12302.5,8130.77,4171.73,ลูกค้าประจำ,บัตรเครดิต,1
ORD00381,2024-03-02,ภาคใต้,สุราษฎร์ธานี,Shopee,ความงาม,เซรั่มบำรุงผิว,1,790,0,790.0,445.02,344.98,ลูกค้าใหม่,บัตรเครดิต,5
ORD01632,2024-11-20,ภาคกลาง,นนทบุรี,Lazada,คอมพิวเตอร์,เมาส์เกมมิ่ง,4,890,0,3560.0,2586.07,973.93,ลูกค้าประจำ,บัตรเครดิต,4
ORD00016,2025-07-07,ภาคตะวันออก,ชลบุรี,Shopee,คอมพิวเตอร์,คีย์บอร์ดแมคคานิคอล,1,2490,0.05,2649.36,1818.92,830.44,ลูกค้าใหม่,เก็บเงินปลายทาง,4
ORD01094,2024-12-16,ภาคอีสาน,นครราชสีมา,LINE Shopping,อิเล็กทรอนิกส์,สมาร์ทวอทช์,2,3490,0,6980.0,4668.83,2311.17,ลูกค้าใหม่,บัตรเครดิต,5
ORD02729,2024-11-27,ภาคกลาง,นนทบุรี,Shopee,เครื่องใช้ในบ้าน,เครื่องฟอกอากาศ,1,4990,0.1,4491.0,2971.9,1519.1,ลูกค้าประจำ,โอนผ่านแอป,4
ORD02025,2024-09-28,ภาคตะวันออก,จันทบุรี,หน้าร้าน,เครื่องใช้ในบ้าน,กาต้มน้ำไฟฟ้า,1,590,0,590.0,435.53,154.47,ลูกค้าประจำ,โอนผ่านแอป,4
ORD02282,2025-11-28,ภาคเหนือ,พิษณุโลก,เว็บไซต์,ความงาม,เซรั่มบำรุงผิว,1,790,0.15,752.08,497.35,254.73,ลูกค้าใหม่,โอนผ่านแอป,2
ORD00246,2025-02-11,ภาคตะวันออก,ระยอง,เว็บไซต์,เครื่องใช้ในบ้าน,หม้อทอดไร้น้ำมัน,2,2590,0,5801.6,3766.37,2035.23,ลูกค้าใหม่,เงินสด,4
ORD00599,2025-08-02,ภาคอีสาน,ขอนแก่น,Shopee,แฟชั่น,รองเท้าผ้าใบ,1,1890,0,2116.8,1226.96,889.84,ลูกค้าประจำ,โอนผ่านแอป,4
ORD02983,2025-08-08,ภาคใต้,สงขลา,Shopee,เครื่องใช้ในบ้าน,กาต้มน้ำไฟฟ้า,1,590,0.05,627.76,413.16,214.6,ลูกค้าประจำ,โอนผ่านแอป,4
ORD02675,2024-01-29,ภาคใต้,สงขลา,หน้าร้าน,แฟชั่น,เสื้อยืด,1,290,0,290.0,165.26,124.74,,โอนผ่านแอป,5
ORD00583,2025-02-27,ภาคอีสาน,ขอนแก่น,Lazada,แฟชั่น,กระเป๋าเป้,1,990,0.15,942.48,673.45,269.03,ลูกค้าประจำ,เก็บเงินปลายทาง,5
ORD01962,2025-05-30,ภาคใต้,ภูเก็ต,Shopee,คอมพิวเตอร์,คีย์บอร์ดแมคคานิคอล,1,2490,0.05,2649.36,1651.97,997.39,ลูกค้าประจำ,เก็บเงินปลายทาง,3
ORD01873,2024-03-06,ภาคกลาง,,เว็บไซต์,ความงาม,เซรั่มบำรุงผิว,1,790,0.1,711.0,562.78,148.22,ลูกค้าใหม่,บัตรเครดิต,5
ORD00612,2024-08-02,ภาคเหนือ,เชียงใหม่,Shopee,ความงาม,เซรั่มบำรุงผิว,2,790,0,1580.0,967.93,612.07,ลูกค้าประจำ,เก็บเงินปลายทาง,3
ORD00002,2025-08-26,ภาคตะวันออก,ระยอง,หน้าร้าน,คอมพิวเตอร์,SSD 1TB,1,2190,0,2452.8,1249.27,1203.53,ลูกค้าใหม่,บัตรเครดิต,4
ORD02759,2024-12-08,ภาคกลาง,กรุงเทพมหานคร,Lazada,คอมพิวเตอร์,คีย์บอร์ดแมคคานิคอล,3,2490,0.05,7096.5,5050.87,2045.63,ลูกค้าประจำ,เก็บเงินปลายทาง,4
ORD01060,2025-12-01,ภาคเหนือ,พิษณุโลก,หน้าร้าน,ความงาม,เซรั่มบำรุงผิว,1,790,0,884.8,561.63,323.17,ลูกค้าประจำ,โอนผ่านแอป,3
ORD01433,2025-03-14,ภาคกลาง,กรุงเทพมหานคร,หน้าร้าน,อิเล็กทรอนิกส์,สมาร์ทวอทช์,1,3490,0.05,3713.36,2570.97,1142.39,ลูกค้าประจำ,เก็บเงินปลายทาง,4
ORD02118,2024-12-14,ภาคเหนือ,เชียงราย,หน้าร้าน,อิเล็กทรอนิกส์,สมาร์ทวอทช์,1,3490,0.05,3315.5,2186.13,1129.37,ลูกค้าใหม่,เก็บเงินปลายทาง,4
ORD01051,2025-11-12,ภาคเหนือ,เชียงราย,Shopee,คอมพิวเตอร์,SSD 1TB,2,2190,0.1,4415.04,2798.07,1616.97,ลูกค้าใหม่,บัตรเครดิต,4
ORD01587,2024-03-23,ภาคอีสาน,อุดรธานี,เว็บไซต์,คอมพิวเตอร์,"จอมอนิเตอร์ 24""",1,4290,0,4290.0,3051.29,1238.71,ลูกค้าประจำ,เก็บเงินปลายทาง,5
ORD02090,2025-02-14,ภาคตะวันออก,จันทบุรี,LINE Shopping,แฟชั่น,เสื้อยืด,1,290,0.15,276.08,193.71,82.37,,โอนผ่านแอป,5
ORD00305,2025-10-25,ภาคตะวันออก,จันทบุรี,หน้าร้าน,ความงาม,ลิปสติก,1,350,0.05,372.4,234.27,138.13,ลูกค้าประจำ,เงินสด,4
ORD02299,2024-06-16,ภาคเหนือ,เชียงราย,หน้าร้าน,แฟชั่น,เสื้อยืด,2,290,0,580.0,418.05,161.95,ลูกค้าประจำ,บัตรเครดิต,4
ORD00449,2024-08-26,ภาคกลาง,นนทบุรี,Shopee,คอมพิวเตอร์,SSD 1TB,2,2190,0.1,3942.0,2449.12,1492.88,ลูกค้าใหม่,เงินสด,5
ORD01529,2025-04-07,ภาคเหนือ,เชียงใหม่,LINE Shopping,เครื่องใช้ในบ้าน,กาต้มน้ำไฟฟ้า,1,590,0,660.8,433.7,227.1,ลูกค้าประจำ,โอนผ่านแอป,4
ORD02995,2024-01-18,ภาคอีสาน,อุดรธานี,หน้าร้าน,คอมพิวเตอร์,คีย์บอร์ดแมคคานิคอล,1,2490,0.05,2365.5,1448.35,917.15,ลูกค้าใหม่,เงินสด,4
ORD00954,2024-06-04,ภาคใต้,ภูเก็ต,หน้าร้าน,คอมพิวเตอร์,"จอมอนิเตอร์ 24""",3,4290,0,12870.0,7155.67,5714.33,ลูกค้าใหม่,บัตรเครดิต,5
ORD01598,2024-12-11,ภาคกลาง,นครปฐม,หน้าร้าน,ความงาม,ครีมกันแดด,2,450,0,900.0,595.46,304.54,ลูกค้าประจำ,เงินสด,4
ORD01048,2025-02-02,ภาคใต้,ภูเก็ต,Lazada,เครื่องใช้ในบ้าน,กาต้มน้ำไฟฟ้า,1,590,0,660.8,380.4,280.4,ลูกค้าประจำ,บัตรเครดิต,4
ORD00181,2024-06-22,ภาคกลาง,นครปฐม,หน้าร้าน,เครื่องใช้ในบ้าน,เครื่องฟอกอากาศ,1,4990,0,4990.0,3178.31,1811.69,ลูกค้าใหม่,เงินสด,4
ORD01941,2024-08-22,ภาคตะวันออก,ระยอง,Lazada,ความงาม,เซรั่มบำรุงผิว,2,790,0.05,1501.0,937.2,563.8,ลูกค้าประจำ,บัตรเครดิต,3
ORD01142,2025-08-26,ภาคใต้,สงขลา,LINE Shopping,แฟชั่น,กระเป๋าเป้,4,990,0.1,3991.68,2630.94,1360.74,ลูกค้าประจำ,โอนผ่านแอป,4
ORD01692,2025-08-18,ภาคใต้,สงขลา,LINE Shopping,คอมพิวเตอร์,คีย์บอร์ดแมคคานิคอล,2,2490,0,5577.6,3341.41,2236.19,ลูกค้าใหม่,เก็บเงินปลายทาง,4
ORD00107,2024-09-01,ภาคใต้,สงขลา,LINE Shopping,แฟชั่น,กางเกงยีนส์,1,890,0.05,845.5,571.68,273.82,ลูกค้าประจำ,เก็บเงินปลายทาง,5
ORD01605,2024-06-09,ภาคกลาง,นนทบุรี,หน้าร้าน,อิเล็กทรอนิกส์,พาวเวอร์แบงก์,2,690,0,1380.0,897.94,482.06,ลูกค้าใหม่,บัตรเครดิต,5
ORD00207,2025-01-15,ภาคอีสาน,ขอนแก่น,Lazada,อิเล็กทรอนิกส์,ลำโพงบลูทูธ,2,1590,0,3561.6,2021.99,1539.61,ลูกค้าประจำ,เงินสด,3
ORD02614,2025-09-06,ภาคเหนือ,เชียงราย,Shopee,ความงาม,ลิปสติก,1,350,0.05,372.4,226.88,145.52,ลูกค้าประจำ,บัตรเครดิต,5
ORD01431,2025-10-30,ภาคกลาง,ปทุมธานี,หน้าร้าน,อิเล็กทรอนิกส์,พาวเวอร์แบงก์,3,690,0.05,2202.48,1162.24,1040.24,ลูกค้าประจำ,โอนผ่านแอป,4
ORD00994,2024-11-11,ภาคกลาง,นครปฐม,LINE Shopping,อิเล็กทรอนิกส์,สมาร์ทวอทช์,3,3490,0,10470.0,7091.29,3378.71,ลูกค้าใหม่,โอนผ่านแอป,5
ORD02253,2024-04-18,ภาคใต้,ภูเก็ต,Shopee,ความงาม,ลิปสติก,2,350,0.1,630.0,402.73,227.27,ลูกค้าประจำ,บัตรเครดิต,5
ORD02394,2025-11-21,ภาคกลาง,นครปฐม,Lazada,เครื่องใช้ในบ้าน,หม้อทอดไร้น้ำมัน,2,2590,0,5801.6,3192.56,2609.04,ลูกค้าประจำ,เก็บเงินปลายทาง,4
ORD02467,2025-11-08,ภาคกลาง,กรุงเทพมหานคร,Shopee,ความงาม,ลิปสติก,1,350,0.05,372.4,224.15,148.25,ลูกค้าประจำ,เก็บเงินปลายทาง,3
ORD01754,2025-11-04,ภาคใต้,ภูเก็ต,เว็บไซต์,อิเล็กทรอนิกส์,ลำโพงบลูทูธ,1,1590,0,1780.8,1188.51,592.29,ลูกค้าประจำ,บัตรเครดิต,4
ORD02044,2025-12-21,ภาคใต้,สุราษฎร์ธานี,Shopee,เครื่องใช้ในบ้าน,หม้อทอดไร้น้ำมัน,1,2590,0,2900.8,1721.95,1178.85,ลูกค้าประจำ,เงินสด,5
ORD02884,2025-11-01,ภาคกลาง,นครปฐม,Shopee,เครื่องใช้ในบ้าน,เครื่องฟอกอากาศ,1,4990,0.1,5029.92,3430.93,1598.99,ลูกค้าใหม่,เก็บเงินปลายทาง,5
ORD02619,2025-12-20,ภาคกลาง,นครปฐม,Shopee,คอมพิวเตอร์,คีย์บอร์ดแมคคานิคอล,1,2490,0,2788.8,1494.83,1293.97,ลูกค้าใหม่,บัตรเครดิต,5
ORD02783,2024-06-07,ภาคกลาง,กรุงเทพมหานคร,หน้าร้าน,เครื่องใช้ในบ้าน,กาต้มน้ำไฟฟ้า,2,590,0,1180.0,836.17,343.83,ลูกค้าใหม่,เก็บเงินปลายทาง,5
ORD00343,2024-11-25,ภาคกลาง,นครปฐม,Lazada,เครื่องใช้ในบ้าน,กาต้มน้ำไฟฟ้า,1,590,0.05,560.5,429.48,131.02,ลูกค้าประจำ,เก็บเงินปลายทาง,4
ORD02349,2024-12-09,ภาคกลาง,นนทบุรี,Shopee,ความงาม,เซรั่มบำรุงผิว,1,790,0,790.0,578.81,211.19,ลูกค้าประจำ,บัตรเครดิต,5
ORD00787,2024-01-16,ภาคกลาง,กรุงเทพมหานคร,เว็บไซต์,ความงาม,ครีมกันแดด,1,450,0.05,427.5,279.2,148.3,ลูกค้าใหม่,โอนผ่านแอป,4
ORD01339,2025-06-01,ภาคตะวันออก,ระยอง,หน้าร้าน,แฟชั่น,รองเท้าผ้าใบ,5,1890,0,10584.0,6930.23,3653.77,ลูกค้าใหม่,เก็บเงินปลายทาง,2
ORD01766,2025-05-18,ภาคเหนือ,พิษณุโลก,Shopee,อิเล็กทรอนิกส์,สมาร์ทวอทช์,1,3490,0,3908.8,2319.48,1589.32,ลูกค้าใหม่,บัตรเครดิต,4
ORD00938,2024-10-09,ภาคเหนือ,พิษณุโลก,Lazada,เครื่องใช้ในบ้าน,หม้อทอดไร้น้ำมัน,1,2590,0,2590.0,1592.61,997.39,ลูกค้าประจำ,โอนผ่านแอป,5
ORD01891,2024-07-20,ภาคกลาง,นนทบุรี,หน้าร้าน,คอมพิวเตอร์,SSD 1TB,1,2190,0,2190.0,1591.38,598.62,ลูกค้าใหม่,เงินสด,5
ORD01698,2025-12-05,ภาคตะวันออก,ระยอง,Shopee,ความงาม,เซรั่มบำรุงผิว,1,790,0.1,796.32,503.2,293.12,ลูกค้าประจำ,เก็บเงินปลายทาง,4
ORD01222,2025-02-12,ภาคกลาง,นนทบุรี,Lazada,เครื่องใช้ในบ้าน,กาต้มน้ำไฟฟ้า,1,590,0,660.8,422.74,238.06,ลูกค้าประจำ,โอนผ่านแอป,1
ORD02032,2024-04-14,ภาคกลาง,ปทุมธานี,หน้าร้าน,คอมพิวเตอร์,SSD 1TB,3,2190,0,6570.0,3714.02,2855.98,ลูกค้าประจำ,เก็บเงินปลายทาง,5
ORD01461,2025-02-14,ภาคกลาง,นครปฐม,หน้าร้าน,คอมพิวเตอร์,เมาส์เกมมิ่ง,1,890,0,996.8,562.18,434.62,ลูกค้าใหม่,เงินสด,5
ORD00387,2025-06-20,ภาคเหนือ,เชียงราย,Shopee,คอมพิวเตอร์,คีย์บอร์ดแมคคานิคอล,1,2490,0.15,2370.48,1428.46,942.02,,โอนผ่านแอป,5
ORD00085,2025-09-03,ภาคเหนือ,พิษณุโลก,Lazada,ความงาม,เซรั่มบำรุงผิว,1,790,0.15,752.08,537.34,214.74,ลูกค้าประจำ,โอนผ่านแอป,4
ORD01379,2025-09-23,ภาคตะวันออก,ระยอง,หน้าร้าน,เครื่องใช้ในบ้าน,เครื่องฟอกอากาศ,2,4990,0,11177.6,6858.31,4319.29,ลูกค้าใหม่,บัตรเครดิต,4
ORD02177,2024-10-17,ภาคกลาง,นครปฐม,Shopee,แฟชั่น,เสื้อยืด,1,290,0.1,261.0,161.55,99.45,ลูกค้าใหม่,เก็บเงินปลายทาง,4
ORD01836,2025-11-02,ภาคกลาง,กรุงเทพมหานคร,Lazada,อิเล็กทรอนิกส์,พาวเวอร์แบงก์,1,690,0.05,734.16,497.24,236.92,ลูกค้าประจำ,เงินสด,5
ORD01016,2024-05-08,ภาคกลาง,นครปฐม,Shopee,แฟชั่น,กระเป๋าเป้,3,990,0.05,2821.5,1897.17,924.33,ลูกค้าประจำ,บัตรเครดิต,4
ORD02266,2024-02-12,ภาคกลาง,ปทุมธานี,หน้าร้าน,อิเล็กทรอนิกส์,ลำโพงบลูทูธ,1,1590,0,1590.0,1007.45,582.55,ลูกค้าใหม่,บัตรเครดิต,4
ORD02802,2025-09-05,ภาคใต้,สุราษฎร์ธานี,LINE Shopping,อิเล็กทรอนิกส์,สมาร์ทวอทช์,1,3490,0.15,3322.48,2570.96,751.52,ลูกค้าประจำ,เก็บเงินปลายทาง,4
ORD01557,2024-04-01,ภาคใต้,สุราษฎร์ธานี,หน้าร้าน,แฟชั่น,กางเกงยีนส์,1,890,0.05,845.5,634.21,211.29,ลูกค้าใหม่,เก็บเงินปลายทาง,5
ORD02335,2024-11-11,ภาคกลาง,ปทุมธานี,Shopee,อิเล็กทรอนิกส์,หูฟังไร้สาย,2,1290,0,2580.0,1524.24,1055.76,ลูกค้าประจำ,โอนผ่านแอป,4
ORD02576,2024-07-01,ภาคใต้,ภูเก็ต,เว็บไซต์,เครื่องใช้ในบ้าน,กาต้มน้ำไฟฟ้า,1,590,0.15,501.5,406.6,94.9,ลูกค้าประจำ,บัตรเครดิต,1
ORD02632,2025-10-26,ภาคกลาง,กรุงเทพมหานคร,Shopee,อิเล็กทรอนิกส์,สมาร์ทวอทช์,1,3490,0,3908.8,2332.63,1576.17,ลูกค้าประจำ,เงินสด,4
ORD02750,2024-12-26,ภาคใต้,ภูเก็ต,Shopee,ความงาม,เซรั่มบำรุงผิว,4,790,0,3160.0,2136.64,1023.36,ลูกค้าใหม่,บัตรเครดิต,5
ORD02861,2024-04-07,ภาคกลาง,นนทบุรี,Lazada,เครื่องใช้ในบ้าน,เครื่องฟอกอากาศ,1,4990,0.1,4491.0,2908.36,1582.64,ลูกค้าใหม่,เงินสด,2
ORD00661,2025-12-22,ภาคกลาง,นนทบุรี,หน้าร้าน,เครื่องใช้ในบ้าน,หม้อทอดไร้น้ำมัน,3,2590,0.05,8267.28,5725.61,2541.67,ลูกค้าประจำ,เงินสด,5
ORD02217,2025-09-30,ภาคกลาง,นนทบุรี,Shopee,อิเล็กทรอนิกส์,พาวเวอร์แบงก์,1,690,0.1,695.52,450.16,245.36,ลูกค้าประจำ,บัตรเครดิต,5
ORD02390,2025-12-04,ภาคเหนือ,เชียงราย,Lazada,แฟชั่น,กระเป๋าเป้,1,990,0.15,942.48,668.81,273.67,ลูกค้าใหม่,บัตรเครดิต,4
ORD01961,2025-04-23,ภาคกลาง,นครปฐม,หน้าร้าน,เครื่องใช้ในบ้าน,หม้อทอดไร้น้ำมัน,4,2590,0,11603.2,6753.13,4850.07,ลูกค้าใหม่,เงินสด,5
ORD00336,2025-09-25,ภาคใต้,สุราษฎร์ธานี,Shopee,อิเล็กทรอนิกส์,หูฟังไร้สาย,2,1290,0.1,2600.64,1422.42,1178.22,ลูกค้าประจำ,เก็บเงินปลายทาง,4
ORD02351,2024-08-28,ภาคเหนือ,เชียงใหม่,Lazada,คอมพิวเตอร์,SSD 1TB,1,2190,0.15,1861.5,1288.82,572.68,ลูกค้าประจำ,เงินสด,4
ORD02988,2024-07-10,ภาคกลาง,กรุงเทพมหานคร,หน้าร้าน,อิเล็กทรอนิกส์,หูฟังไร้สาย,1,1290,0,1290.0,799.98,490.02,ลูกค้าประจำ,เก็บเงินปลายทาง,4
ORD00025,2024-06-07,ภาคกลาง,นครปฐม,หน้าร้าน,คอมพิวเตอร์,คีย์บอร์ดแมคคานิคอล,3,2490,0.05,7096.5,5489.68,1606.82,ลูกค้าประจำ,โอนผ่านแอป,4
ORD02051,2024-03-26,ภาคเหนือ,เชียงราย,เว็บไซต์,แฟชั่น,กางเกงยีนส์,2,890,0.1,1602.0,1181.38,420.62,ลูกค้าประจำ,เงินสด,4
ORD01958,2025-11-16,ภาคกลาง,ปทุมธานี,หน้าร้าน,เครื่องใช้ในบ้าน,เครื่องฟอกอากาศ,1,4990,0.05,5309.36,2808.3,2501.06,ลูกค้าใหม่,เงินสด,5
ORD00620,2025-04-12,ภาคใต้,ภูเก็ต,Lazada,เครื่องใช้ในบ้าน,เครื่องฟอกอากาศ,2,4990,0,11177.6,6317.45,4860.15,ลูกค้าประจำ,เก็บเงินปลายทาง,4
ORD02046,2024-02-25,ภาคกลาง,กรุงเทพมหานคร,เว็บไซต์,อิเล็กทรอนิกส์,พาวเวอร์แบงก์,1,690,0,690.0,441.57,248.43,ลูกค้าประจำ,เงินสด,5
ORD02559,2024-05-03,ภาคกลาง,ปทุมธานี,Lazada,คอมพิวเตอร์,SSD 1TB,3,2190,0.15,5584.5,4414.79,1169.71,ลูกค้าใหม่,เก็บเงินปลายทาง,4
ORD02804,2025-05-22,ภาคอีสาน,อุดรธานี,หน้าร้าน,แฟชั่น,เสื้อยืด,2,290,0,649.6,344.7,304.9,ลูกค้าใหม่,เก็บเงินปลายทาง,4
ORD00190,2024-12-17,ภาคกลาง,กรุงเทพมหานคร,เว็บไซต์,แฟชั่น,รองเท้าผ้าใบ,1,1890,0.15,1606.5,1210.53,395.97,ลูกค้าใหม่,เงินสด,1
ORD02149,2025-08-19,ภาคกลาง,นนทบุรี,LINE Shopping,เครื่องใช้ในบ้าน,กาต้มน้ำไฟฟ้า,1,590,0,660.8,406.29,254.51,ลูกค้าใหม่,เก็บเงินปลายทาง,5
ORD02145,2024-01-29,ภาคกลาง,ปทุมธานี,Lazada,ความงาม,ครีมกันแดด,1,450,0,450.0,296.97,153.03,ลูกค้าใหม่,โอนผ่านแอป,5
ORD01390,2025-06-21,ภาคเหนือ,เชียงใหม่,Shopee,แฟชั่น,เสื้อยืด,2,290,0.05,617.12,331.34,285.78,ลูกค้าประจำ,โอนผ่านแอป,4
ORD02571,2025-01-21,ภาคใต้,สุราษฎร์ธานี,เว็บไซต์,อิเล็กทรอนิกส์,สมาร์ทวอทช์,1,3490,0,3908.8,2078.52,1830.28,ลูกค้าประจำ,บัตรเครดิต,4
ORD01775,2024-10-06,ภาคอีสาน,อุดรธานี,Shopee,แฟชั่น,เสื้อยืด,2,290,0.05,551.0,433.19,117.81,ลูกค้าประจำ,เงินสด,4
ORD01216,2025-10-14,ภาคกลาง,นนทบุรี,หน้าร้าน,เครื่องใช้ในบ้าน,กาต้มน้ำไฟฟ้า,1,590,0.05,627.76,429.21,198.55,ลูกค้าประจำ,โอนผ่านแอป,3
ORD02976,2024-01-11,ภาคกลาง,นครปฐม,หน้าร้าน,ความงาม,เซรั่มบำรุงผิว,2,790,0.05,1501.0,884.52,616.48,ลูกค้าใหม่,บัตรเครดิต,5
ORD00978,2025-12-16,ภาคกลาง,นครปฐม,Lazada,คอมพิวเตอร์,คีย์บอร์ดแมคคานิคอล,2,2490,0.15,4740.96,3059.59,1681.37,ลูกค้าประจำ,โอนผ่านแอป,5
ORD02868,2024-11-23,ภาคตะวันออก,ชลบุรี,Lazada,อิเล็กทรอนิกส์,ลำโพงบลูทูธ,1,1590,0.05,1510.5,931.4,579.1,ลูกค้าประจำ,บัตรเครดิต,5
ORD02053,2024-11-05,ภาคกลาง,นนทบุรี,Shopee,แฟชั่น,รองเท้าผ้าใบ,2,1890,0.15,3213.0,2176.39,1036.61,ลูกค้าประจำ,เงินสด,3
ORD02156,2024-01-14,ภาคอีสาน,อุดรธานี,Shopee,ความงาม,เซรั่มบำรุงผิว,1,790,0,790.0,468.85,321.15,ลูกค้าประจำ,บัตรเครดิต,4
ORD02624,2024-01-24,ภาคตะวันออก,ระยอง,หน้าร้าน,ความงาม,เซรั่มบำรุงผิว,1,790,0,790.0,475.12,314.88,ลูกค้าใหม่,เก็บเงินปลายทาง,3
ORD01297,2024-12-04,ภาคกลาง,ปทุมธานี,Shopee,อิเล็กทรอนิกส์,หูฟังไร้สาย,1,1290,0.15,1096.5,830.08,266.42,ลูกค้าใหม่,บัตรเครดิต,4
ORD00742,2025-11-14,ภาคกลาง,ปทุมธานี,Shopee,เครื่องใช้ในบ้าน,หม้อทอดไร้น้ำมัน,1,2590,0,2900.8,1683.21,1217.59,ลูกค้าใหม่,เก็บเงินปลายทาง,4
ORD00440,2024-11-23,ภาคตะวันออก,ชลบุรี,Lazada,อิเล็กทรอนิกส์,พาวเวอร์แบงก์,1,690,0.15,586.5,457.62,128.88,ลูกค้าประจำ,โอนผ่านแอป,4
ORD00558,2024-06-17,ภาคกลาง,ปทุมธานี,หน้าร้าน,อิเล็กทรอนิกส์,พาวเวอร์แบงก์,4,690,0.05,2622.0,2058.99,563.01,ลูกค้าประจำ,บัตรเครดิต,5
ORD01752,2024-11-22,ภาคเหนือ,เชียงราย,Lazada,คอมพิวเตอร์,คีย์บอร์ดแมคคานิคอล,4,2490,0.1,8964.0,6878.77,2085.23,ลูกค้าประจำ,บัตรเครดิต,3
ORD00020,2024-11-18,ภาคกลาง,นนทบุรี,Lazada,เครื่องใช้ในบ้าน,หม้อทอดไร้น้ำมัน,4,2590,0,10360.0,6463.66,3896.34,ลูกค้าประจำ,บัตรเครดิต,4
ORD01031,2024-05-11,ภาคกลาง,กรุงเทพมหานคร,หน้าร้าน,อิเล็กทรอนิกส์,พาวเวอร์แบงก์,1,690,0,690.0,486.98,203.02,ลูกค้าใหม่,เงินสด,5
ORD01380,2025-11-21,ภาคกลาง,นครปฐม,LINE Shopping,ความงาม,เซรั่มบำรุงผิว,4,790,0.1,3185.28,1775.16,1410.12,ลูกค้าประจำ,เก็บเงินปลายทาง,4
ORD00366,2025-12-26,ภาคอีสาน,นครราชสีมา,Lazada,ความงาม,เซรั่มบำรุงผิว,1,790,0,884.8,446.81,437.99,ลูกค้าประจำ,เงินสด,3
ORD00976,2024-02-10,ภาคใต้,สงขลา,Lazada,แฟชั่น,เสื้อยืด,4,290,0.15,986.0,810.7,175.3,ลูกค้าประจำ,เงินสด,3
ORD01347,2024-03-28,ภาคใต้,ภูเก็ต,Lazada,แฟชั่น,รองเท้าผ้าใบ,1,1890,0.1,1701.0,1281.99,419.01,ลูกค้าใหม่,เก็บเงินปลายทาง,5
ORD01472,2024-04-22,ภาคกลาง,นครปฐม,Lazada,คอมพิวเตอร์,SSD 1TB,4,2190,0,8760.0,5203.99,3556.01,ลูกค้าใหม่,เงินสด,4
ORD00996,2024-02-09,ภาคตะวันออก,จันทบุรี,หน้าร้าน,อิเล็กทรอนิกส์,สมาร์ทวอทช์,4,3490,0.05,13262.0,8181.72,5080.28,ลูกค้าใหม่,เงินสด,4
ORD00061,2024-01-15,ภาคกลาง,ปทุมธานี,Shopee,อิเล็กทรอนิกส์,ลำโพงบลูทูธ,4,1590,0,6360.0,4131.93,2228.07,ลูกค้าประจำ,บัตรเครดิต,4
ORD00456,2025-01-07,ภาคเหนือ,เชียงใหม่,Lazada,เครื่องใช้ในบ้าน,กาต้มน้ำไฟฟ้า,3,590,0,1982.4,1010.47,971.93,ลูกค้าประจำ,โอนผ่านแอป,3
ORD02116,2025-12-07,ภาคกลาง,นนทบุรี,LINE Shopping,คอมพิวเตอร์,เมาส์เกมมิ่ง,1,890,0,996.8,516.3,480.5,ลูกค้าใหม่,บัตรเครดิต,4
ORD00092,2025-03-10,ภาคเหนือ,พิษณุโลก,หน้าร้าน,เครื่องใช้ในบ้าน,หม้อทอดไร้น้ำมัน,2,2590,0,5801.6,2963.88,2837.72,ลูกค้าประจำ,เก็บเงินปลายทาง,4
ORD01266,2025-11-16,ภาคกลาง,นครปฐม,เว็บไซต์,ความงาม,ครีมกันแดด,2,450,0.1,907.2,651.43,255.77,ลูกค้าประจำ,เก็บเงินปลายทาง,3
ORD00241,2024-03-10,ภาคใต้,สงขลา,Lazada,อิเล็กทรอนิกส์,หูฟังไร้สาย,1,1290,0,1290.0,937.71,352.29,ลูกค้าประจำ,บัตรเครดิต,4
ORD00217,2024-10-02,ภาคกลาง,กรุงเทพมหานคร,หน้าร้าน,อิเล็กทรอนิกส์,สมาร์ทวอทช์,3,3490,0,10470.0,6309.12,4160.88,ลูกค้าประจำ,บัตรเครดิต,2
ORD00795,2025-11-08,ภาคตะวันออก,จันทบุรี,Lazada,คอมพิวเตอร์,"จอมอนิเตอร์ 24""",2,4290,0,9609.6,6101.44,3508.16,ลูกค้าประจำ,เงินสด,2
ORD02243,2024-12-12,ภาคกลาง,ปทุมธานี,Lazada,คอมพิวเตอร์,คีย์บอร์ดแมคคานิคอล,1,2490,0.1,2241.0,1835.35,405.65,ลูกค้าประจำ,โอนผ่านแอป,5
ORD01277,2024-07-22,ภาคอีสาน,อุบลราชธานี,Lazada,ความงาม,ครีมกันแดด,1,450,0,450.0,299.39,150.61,ลูกค้าใหม่,เก็บเงินปลายทาง,3
ORD00267,2025-11-25,ภาคใต้,สงขลา,Lazada,ความงาม,ครีมกันแดด,1,450,0,504.0,259.15,244.85,ลูกค้าประจำ,เก็บเงินปลายทาง,4
ORD02894,2025-06-15,ภาคกลาง,นนทบุรี,เว็บไซต์,อิเล็กทรอนิกส์,ลำโพงบลูทูธ,5,1590,0.1,8013.6,5388.71,2624.89,ลูกค้าใหม่,โอนผ่านแอป,5
ORD00411,2025-05-10,ภาคเหนือ,เชียงใหม่,หน้าร้าน,เครื่องใช้ในบ้าน,หม้อทอดไร้น้ำมัน,2,2590,0.05,5511.52,3550.08,1961.44,ลูกค้าใหม่,เงินสด,4
ORD02058,2025-12-14,ภาคตะวันออก,ชลบุรี,เว็บไซต์,ความงาม,ครีมกันแดด,1,450,0,504.0,285.0,219.0,ลูกค้าประจำ,โอนผ่านแอป,5
ORD00372,2025-01-10,ภาคกลาง,ปทุมธานี,เว็บไซต์,เครื่องใช้ในบ้าน,เครื่องฟอกอากาศ,1,4990,0,5588.8,3477.3,2111.5,ลูกค้าประจำ,โอนผ่านแอป,4
ORD02067,2025-05-04,ภาคกลาง,ปทุมธานี,LINE Shopping,เครื่องใช้ในบ้าน,กาต้มน้ำไฟฟ้า,2,590,0.15,1123.36,795.95,327.41,ลูกค้าประจำ,เก็บเงินปลายทาง,5
ORD00732,2025-09-17,ภาคตะวันออก,ระยอง,หน้าร้าน,ความงาม,ลิปสติก,5,350,0,1960.0,1012.42,947.58,ลูกค้าประจำ,เงินสด,4
ORD00672,2025-06-15,ภาคกลาง,ปทุมธานี,Shopee,ความงาม,เซรั่มบำรุงผิว,1,790,0,884.8,517.08,367.72,ลูกค้าประจำ,โอนผ่านแอป,5
ORD02126,2024-11-20,ภาคเหนือ,พิษณุโลก,หน้าร้าน,แฟชั่น,รองเท้าผ้าใบ,2,1890,0,3780.0,2365.49,1414.51,ลูกค้าประจำ,โอนผ่านแอป,5
ORD01022,2025-04-02,ภาคอีสาน,ขอนแก่น,Shopee,เครื่องใช้ในบ้าน,เครื่องฟอกอากาศ,1,4990,0,5588.8,2907.43,2681.37,ลูกค้าประจำ,เก็บเงินปลายทาง,3
ORD01648,2024-08-09,ภาคอีสาน,นครราชสีมา,Lazada,เครื่องใช้ในบ้าน,กาต้มน้ำไฟฟ้า,1,590,0.05,560.5,344.42,216.08,ลูกค้าใหม่,บัตรเครดิต,1
ORD02360,2024-07-31,ภาคเหนือ,พิษณุโลก,Lazada,ความงาม,เซรั่มบำรุงผิว,2,790,0.1,1422.0,971.65,450.35,ลูกค้าประจำ,เงินสด,5
ORD01875,2024-10-23,ภาคกลาง,ปทุมธานี,Lazada,คอมพิวเตอร์,SSD 1TB,1,2190,0.1,1971.0,1334.02,636.98,ลูกค้าใหม่,เงินสด,5
ORD01629,2025-05-20,ภาคตะวันออก,จันทบุรี,หน้าร้าน,คอมพิวเตอร์,เมาส์เกมมิ่ง,3,890,0.05,2840.88,1494.0,1346.88,ลูกค้าประจำ,เงินสด,3
ORD00299,2025-11-29,ภาคกลาง,ปทุมธานี,Lazada,อิเล็กทรอนิกส์,ลำโพงบลูทูธ,1,1590,0,1780.8,1164.3,616.5,ลูกค้าประจำ,เก็บเงินปลายทาง,4
ORD00248,2025-08-26,ภาคกลาง,นนทบุรี,Shopee,แฟชั่น,กระเป๋าเป้,5,990,0.05,5266.8,3289.49,1977.31,ลูกค้าประจำ,เงินสด,4
ORD01492,2025-03-20,ภาคตะวันออก,ชลบุรี,หน้าร้าน,อิเล็กทรอนิกส์,หูฟังไร้สาย,5,1290,0.05,6862.8,4200.04,2662.76,ลูกค้าใหม่,โอนผ่านแอป,5
ORD01167,2024-03-02,ภาคเหนือ,เชียงราย,หน้าร้าน,คอมพิวเตอร์,SSD 1TB,1,2190,0,2190.0,1326.85,863.15,ลูกค้าประจำ,เก็บเงินปลายทาง,5
ORD00729,2025-12-13,ภาคเหนือ,เชียงราย,LINE Shopping,เครื่องใช้ในบ้าน,เครื่องฟอกอากาศ,2,4990,0.15,9500.96,6835.67,2665.29,ลูกค้าประจำ,เงินสด,4
ORD01849,2025-12-28,ภาคกลาง,นครปฐม,หน้าร้าน,อิเล็กทรอนิกส์,ลำโพงบลูทูธ,3,1590,0,5342.4,2626.77,2715.63,ลูกค้าประจำ,เงินสด,5
ORD02466,2024-09-13,ภาคอีสาน,ขอนแก่น,LINE Shopping,อิเล็กทรอนิกส์,สมาร์ทวอทช์,3,3490,0.15,8899.5,7020.74,1878.76,ลูกค้าใหม่,เก็บเงินปลายทาง,3
ORD02648,2025-05-19,ภาคกลาง,ปทุมธานี,Shopee,คอมพิวเตอร์,SSD 1TB,2,2190,0,4905.6,3153.61,1751.99,ลูกค้าประจำ,โอนผ่านแอป,3
ORD01622,2024-03-17,ภาคใต้,ภูเก็ต,LINE Shopping,แฟชั่น,กระเป๋าเป้,2,990,0,1980.0,1256.48,723.52,ลูกค้าประจำ,โอนผ่านแอป,4
ORD02855,2025-10-02,ภาคใต้,สุราษฎร์ธานี,หน้าร้าน,เครื่องใช้ในบ้าน,เครื่องฟอกอากาศ,1,4990,0,5588.8,3520.37,2068.43,ลูกค้าใหม่,บัตรเครดิต,4
ORD00638,2025-03-08,ภาคอีสาน,อุดรธานี,เว็บไซต์,คอมพิวเตอร์,SSD 1TB,1,2190,0,2452.8,1536.88,915.92,ลูกค้าประจำ,โอนผ่านแอป,4
ORD02719,2024-11-01,ภาคอีสาน,นครราชสีมา,หน้าร้าน,คอมพิวเตอร์,"จอมอนิเตอร์ 24""",2,4290,0.05,8151.0,5045.37,3105.63,ลูกค้าใหม่,บัตรเครดิต,2
ORD01814,2024-02-02,ภาคกลาง,กรุงเทพมหานคร,หน้าร้าน,ความงาม,ครีมกันแดด,1,450,0,450.0,281.5,168.5,ลูกค้าใหม่,เงินสด,5
ORD02755,2024-11-02,ภาคอีสาน,อุบลราชธานี,Shopee,เครื่องใช้ในบ้าน,กาต้มน้ำไฟฟ้า,2,590,0.1,1062.0,712.19,349.81,ลูกค้าประจำ,บัตรเครดิต,5
ORD01558,2025-11-01,ภาคกลาง,นครปฐม,หน้าร้าน,อิเล็กทรอนิกส์,หูฟังไร้สาย,3,1290,0.05,4117.68,2727.17,1390.51,ลูกค้าประจำ,เก็บเงินปลายทาง,3
ORD02741,2024-03-26,ภาคเหนือ,พิษณุโลก,Shopee,อิเล็กทรอนิกส์,ลำโพงบลูทูธ,5,1590,0.15,6757.5,5226.36,1531.14,ลูกค้าใหม่,เงินสด,3
ORD01869,2024-06-09,ภาคใต้,สงขลา,Shopee,อิเล็กทรอนิกส์,สมาร์ทวอทช์,1,3490,0,3490.0,2551.31,938.69,ลูกค้าประจำ,โอนผ่านแอป,5
ORD01571,2024-05-22,ภาคกลาง,ปทุมธานี,Shopee,แฟชั่น,กระเป๋าเป้,2,990,0.05,1881.0,1092.53,788.47,ลูกค้าใหม่,เงินสด,5
ORD01341,2025-12-28,ภาคเหนือ,พิษณุโลก,Shopee,แฟชั่น,กระเป๋าเป้,5,990,0,5544.0,3598.45,1945.55,ลูกค้าประจำ,บัตรเครดิต,5
ORD02101,2024-03-25,ภาคอีสาน,อุดรธานี,หน้าร้าน,ความงาม,ลิปสติก,3,350,0,1050.0,747.6,302.4,ลูกค้าใหม่,บัตรเครดิต,4
ORD01356,2024-05-21,ภาคกลาง,ปทุมธานี,Shopee,คอมพิวเตอร์,เมาส์เกมมิ่ง,1,890,0.15,756.5,587.65,168.85,ลูกค้าใหม่,เก็บเงินปลายทาง,5
ORD00128,2025-10-01,ภาคอีสาน,อุดรธานี,หน้าร้าน,ความงาม,ครีมกันแดด,3,450,0,1512.0,998.61,513.39,ลูกค้าประจำ,เก็บเงินปลายทาง,4
ORD00040,2025-01-23,ภาคตะวันออก,ระยอง,Shopee,แฟชั่น,รองเท้าผ้าใบ,3,1890,0.15,5397.84,3730.2,1667.64,ลูกค้าใหม่,เงินสด,5
ORD00873,2025-09-11,ภาคตะวันออก,ระยอง,เว็บไซต์,เครื่องใช้ในบ้าน,กาต้มน้ำไฟฟ้า,1,590,0.05,627.76,382.33,245.43,ลูกค้าประจำ,เก็บเงินปลายทาง,5
ORD01959,2025-10-05,ภาคตะวันออก,ระยอง,หน้าร้าน,ความงาม,ลิปสติก,1,350,0,392.0,254.31,137.69,ลูกค้าใหม่,เงินสด,5
ORD00255,2025-12-27,ภาคกลาง,นนทบุรี,หน้าร้าน,ความงาม,ลิปสติก,1,350,0,392.0,251.09,140.91,ลูกค้าใหม่,เงินสด,5
ORD02318,2024-08-13,ภาคอีสาน,ขอนแก่น,Lazada,คอมพิวเตอร์,คีย์บอร์ดแมคคานิคอล,2,2490,0.05,4731.0,3658.09,1072.91,ลูกค้าใหม่,โอนผ่านแอป,5
ORD02320,2025-04-14,ภาคกลาง,นครปฐม,Shopee,อิเล็กทรอนิกส์,ลำโพงบลูทูธ,1,1590,0,1780.8,988.88,791.92,ลูกค้าประจำ,บัตรเครดิต,4
ORD01761,2024-11-17,ภาคกลาง,กรุงเทพมหานคร,Lazada,ความงาม,เซรั่มบำรุงผิว,1,790,0,790.0,564.15,225.85,ลูกค้าประจำ,,1
ORD00482,2025-11-12,ภาคกลาง,กรุงเทพมหานคร,Lazada,แฟชั่น,กางเกงยีนส์,1,890,0.05,946.96,666.49,280.47,ลูกค้าประจำ,บัตรเครดิต,4
ORD01567,2024-12-08,ภาคกลาง,กรุงเทพมหานคร,เว็บไซต์,เครื่องใช้ในบ้าน,กาต้มน้ำไฟฟ้า,1,590,0,590.0,383.99,206.01,ลูกค้าใหม่,เก็บเงินปลายทาง,4
ORD02435,2025-11-11,ภาคกลาง,กรุงเทพมหานคร,Shopee,อิเล็กทรอนิกส์,พาวเวอร์แบงก์,2,690,0,1545.6,1012.52,533.08,ลูกค้าใหม่,โอนผ่านแอป,
ORD02678,2024-11-28,ภาคกลาง,นครปฐม,Shopee,ความงาม,เซรั่มบำรุงผิว,1,790,0,790.0,554.63,235.37,ลูกค้าใหม่,บัตรเครดิต,3
ORD02690,2025-08-06,ภาคกลาง,นนทบุรี,Shopee,เครื่องใช้ในบ้าน,หม้อทอดไร้น้ำมัน,1,2590,0,2900.8,1603.96,1296.84,ลูกค้าใหม่,เก็บเงินปลายทาง,5
ORD02823,2024-11-12,ภาคกลาง,นครปฐม,หน้าร้าน,แฟชั่น,เสื้อยืด,1,290,0.05,275.5,209.27,66.23,ลูกค้าใหม่,บัตรเครดิต,5
ORD02665,2025-11-29,ภาคกลาง,ปทุมธานี,Lazada,แฟชั่น,กางเกงยีนส์,1,890,0,996.8,607.41,389.39,ลูกค้าประจำ,โอนผ่านแอป,5
ORD01113,2024-06-08,ภาคกลาง,กรุงเทพมหานคร,หน้าร้าน,ความงาม,เซรั่มบำรุงผิว,2,790,0,1580.0,1012.76,567.24,,โอนผ่านแอป,4
ORD02617,2024-08-16,ภาคเหนือ,พิษณุโลก,Shopee,อิเล็กทรอนิกส์,ลำโพงบลูทูธ,5,1590,0.05,7552.5,5610.89,1941.61,ลูกค้าประจำ,โอนผ่านแอป,
ORD01497,2024-12-28,ภาคกลาง,นนทบุรี,Shopee,เครื่องใช้ในบ้าน,เครื่องฟอกอากาศ,1,4990,0.1,4491.0,3308.87,1182.13,ลูกค้าใหม่,โอนผ่านแอป,4
ORD01085,2024-03-30,ภาคตะวันออก,ชลบุรี,LINE Shopping,เครื่องใช้ในบ้าน,เครื่องฟอกอากาศ,1,4990,0,4990.0,2865.27,2124.73,ลูกค้าใหม่,โอนผ่านแอป,5
ORD00066,2024-12-28,ภาคอีสาน,อุบลราชธานี,LINE Shopping,คอมพิวเตอร์,เมาส์เกมมิ่ง,1,890,0,890.0,600.44,289.56,,บัตรเครดิต,5
ORD01237,2024-12-23,ภาคกลาง,ปทุมธานี,เว็บไซต์,แฟชั่น,รองเท้าผ้าใบ,1,1890,0.05,1795.5,1393.71,401.79,ลูกค้าประจำ,โอนผ่านแอป,5
ORD00780,2024-09-27,ภาคกลาง,นครปฐม,Shopee,อิเล็กทรอนิกส์,สมาร์ทวอทช์,5,3490,0.05,16577.5,12645.03,3932.47,ลูกค้าใหม่,เงินสด,4
ORD02377,2024-07-12,ภาคใต้,ภูเก็ต,Lazada,อิเล็กทรอนิกส์,หูฟังไร้สาย,1,1290,0.05,1225.5,843.71,381.79,ลูกค้าประจำ,เก็บเงินปลายทาง,5
ORD00454,2025-05-26,ภาคกลาง,กรุงเทพมหานคร,Shopee,เครื่องใช้ในบ้าน,เครื่องฟอกอากาศ,1,4990,0,5588.8,2861.77,2727.03,ลูกค้าประจำ,โอนผ่านแอป,4
ORD02672,2025-07-19,ภาคเหนือ,พิษณุโลก,Shopee,ความงาม,ลิปสติก,1,350,0,392.0,208.89,183.11,ลูกค้าใหม่,บัตรเครดิต,5
ORD02393,2025-04-12,ภาคอีสาน,นครราชสีมา,หน้าร้าน,ความงาม,ครีมกันแดด,2,450,0,1008.0,499.11,508.89,ลูกค้าใหม่,บัตรเครดิต,5
ORD02353,2024-08-24,ภาคกลาง,นครปฐม,Shopee,อิเล็กทรอนิกส์,ลำโพงบลูทูธ,1,1590,0,1590.0,1157.6,432.4,ลูกค้าประจำ,เงินสด,3
ORD02727,2025-06-09,ภาคเหนือ,เชียงราย,Lazada,ความงาม,เซรั่มบำรุงผิว,2,790,0.15,1504.16,1033.88,470.28,ลูกค้าประจำ,โอนผ่านแอป,4
ORD01412,2025-02-12,ภาคกลาง,นนทบุรี,เว็บไซต์,เครื่องใช้ในบ้าน,กาต้มน้ำไฟฟ้า,1,590,0.05,627.76,345.94,281.82,ลูกค้าใหม่,บัตรเครดิต,3
ORD02235,2025-07-17,ภาคเหนือ,พิษณุโลก,Shopee,เครื่องใช้ในบ้าน,กาต้มน้ำไฟฟ้า,1,590,0,660.8,382.33,278.47,ลูกค้าประจำ,โอนผ่านแอป,4
ORD02325,2024-09-04,ภาคเหนือ,พิษณุโลก,หน้าร้าน,อิเล็กทรอนิกส์,ลำโพงบลูทูธ,1,1590,0,1590.0,1009.43,580.57,ลูกค้าใหม่,เงินสด,2
ORD02899,2025-07-27,ภาคตะวันออก,ระยอง,หน้าร้าน,คอมพิวเตอร์,SSD 1TB,2,2190,0,4905.6,2596.91,2308.69,ลูกค้าใหม่,บัตรเครดิต,4
ORD01610,2025-01-16,ภาคเหนือ,พิษณุโลก,หน้าร้าน,อิเล็กทรอนิกส์,สมาร์ทวอทช์,1,3490,0.05,3713.36,1951.34,1762.02,ลูกค้าประจำ,เก็บเงินปลายทาง,3
ORD01699,2025-11-14,ภาคกลาง,นนทบุรี,Lazada,อิเล็กทรอนิกส์,สมาร์ทวอทช์,2,3490,0,7817.6,3916.63,3900.97,ลูกค้าใหม่,โอนผ่านแอป,2
ORD00341,2025-07-22,ภาคกลาง,ปทุมธานี,หน้าร้าน,คอมพิวเตอร์,คีย์บอร์ดแมคคานิคอล,1,2490,0,2788.8,1618.3,1170.5,ลูกค้าประจำ,บัตรเครดิต,4
ORD00375,2025-12-15,ภาคกลาง,ปทุมธานี,Shopee,แฟชั่น,กระเป๋าเป้,2,990,0,2217.6,1176.95,1040.65,ลูกค้าประจำ,โอนผ่านแอป,3
ORD01741,2025-12-07,ภาคตะวันออก,ชลบุรี,Shopee,อิเล็กทรอนิกส์,ลำโพงบลูทูธ,1,1590,0.1,1602.72,1072.4,530.32,ลูกค้าประจำ,โอนผ่านแอป,3
ORD01203,2024-07-08,ภาคกลาง,กรุงเทพมหานคร,เว็บไซต์,อิเล็กทรอนิกส์,หูฟังไร้สาย,1,1290,0.1,1161.0,742.5,418.5,ลูกค้าใหม่,เก็บเงินปลายทาง,4
ORD02955,2024-09-28,ภาคกลาง,ปทุมธานี,Shopee,แฟชั่น,กางเกงยีนส์,1,890,0.05,845.5,642.19,203.31,ลูกค้าประจำ,เก็บเงินปลายทาง,4
ORD00598,2024-07-19,ภาคอีสาน,อุบลราชธานี,Shopee,คอมพิวเตอร์,เมาส์เกมมิ่ง,1,890,0.15,756.5,612.65,143.85,ลูกค้าประจำ,บัตรเครดิต,5
ORD02292,2025-09-19,ภาคตะวันออก,ระยอง,Lazada,แฟชั่น,กระเป๋าเป้,2,990,0.15,1884.96,1329.74,555.22,ลูกค้าประจำ,เก็บเงินปลายทาง,5
ORD01073,2024-11-22,ภาคอีสาน,อุบลราชธานี,Lazada,เครื่องใช้ในบ้าน,เครื่องฟอกอากาศ,1,4990,0,4990.0,3291.85,1698.15,ลูกค้าประจำ,เก็บเงินปลายทาง,3
ORD01882,2025-05-23,ภาคอีสาน,อุดรธานี,หน้าร้าน,เครื่องใช้ในบ้าน,หม้อทอดไร้น้ำมัน,4,2590,0,11603.2,5901.81,5701.39,ลูกค้าประจำ,เงินสด,5
ORD01231,2024-06-21,ภาคกลาง,,หน้าร้าน,คอมพิวเตอร์,SSD 1TB,1,2190,0,2190.0,1393.35,796.65,ลูกค้าประจำ,โอนผ่านแอป,4
ORD00834,2024-11-18,ภาคกลาง,กรุงเทพมหานคร,Lazada,คอมพิวเตอร์,SSD 1TB,2,2190,0,4380.0,2478.81,1901.19,ลูกค้าประจำ,เก็บเงินปลายทาง,4
ORD00077,2024-08-14,ภาคอีสาน,อุดรธานี,หน้าร้าน,แฟชั่น,รองเท้าผ้าใบ,2,1890,0,3780.0,2794.37,985.63,ลูกค้าประจำ,เงินสด,3
ORD02933,2024-02-10,ภาคกลาง,กรุงเทพมหานคร,Lazada,ความงาม,เซรั่มบำรุงผิว,1,790,0,790.0,568.33,221.67,ลูกค้าประจำ,โอนผ่านแอป,5
ORD02197,2024-12-28,ภาคกลาง,นครปฐม,Lazada,เครื่องใช้ในบ้าน,เครื่องฟอกอากาศ,1,4990,0.05,4740.5,3071.97,1668.53,ลูกค้าประจำ,เงินสด,4
ORD01980,2024-03-21,ภาคอีสาน,นครราชสีมา,Lazada,คอมพิวเตอร์,คีย์บอร์ดแมคคานิคอล,3,2490,0.1,6723.0,4278.24,2444.76,ลูกค้าประจำ,เงินสด,4
ORD02992,2024-11-29,ภาคเหนือ,เชียงราย,Lazada,ความงาม,ครีมกันแดด,3,450,0,1350.0,868.07,481.93,ลูกค้าใหม่,เก็บเงินปลายทาง,4
ORD01739,2025-11-02,ภาคกลาง,นนทบุรี,หน้าร้าน,คอมพิวเตอร์,เมาส์เกมมิ่ง,2,890,0,1993.6,1002.23,991.37,ลูกค้าใหม่,โอนผ่านแอป,4
ORD01608,2024-12-16,ภาคเหนือ,เชียงใหม่,Lazada,คอมพิวเตอร์,SSD 1TB,1,2190,0.05,2080.5,1579.22,501.28,ลูกค้าใหม่,โอนผ่านแอป,4
ORD02180,2024-08-07,ภาคเหนือ,เชียงราย,หน้าร้าน,แฟชั่น,กระเป๋าเป้,3,990,0,2970.0,1692.56,1277.44,ลูกค้าประจำ,เก็บเงินปลายทาง,3
ORD02463,2025-10-30,ภาคกลาง,นครปฐม,หน้าร้าน,แฟชั่น,กระเป๋าเป้,3,990,0.05,3160.08,1994.02,1166.06,ลูกค้าประจำ,เงินสด,4
ORD02997,2025-08-27,ภาคใต้,สงขลา,Shopee,แฟชั่น,เสื้อยืด,5,290,0,1624.0,799.57,824.43,ลูกค้าประจำ,โอนผ่านแอป,5
ORD02732,2025-01-10,ภาคกลาง,นนทบุรี,เว็บไซต์,คอมพิวเตอร์,คีย์บอร์ดแมคคานิคอล,2,2490,0,5577.6,2811.9,2765.7,ลูกค้าใหม่,,4
ORD02184,2024-08-13,ภาคกลาง,นนทบุรี,เว็บไซต์,อิเล็กทรอนิกส์,หูฟังไร้สาย,1,1290,0.1,1161.0,788.76,372.24,ลูกค้าประจำ,เก็บเงินปลายทาง,5
ORD00178,2024-12-30,ภาคกลาง,กรุงเทพมหานคร,Shopee,คอมพิวเตอร์,SSD 1TB,1,2190,0,2190.0,1516.84,673.16,ลูกค้าใหม่,เก็บเงินปลายทาง,5
ORD01337,2024-01-13,ภาคกลาง,นนทบุรี,Lazada,อิเล็กทรอนิกส์,ลำโพงบลูทูธ,5,1590,0,7950.0,4895.53,3054.47,ลูกค้าใหม่,โอนผ่านแอป,4
ORD02774,2024-11-10,ภาคกลาง,นครปฐม,หน้าร้าน,เครื่องใช้ในบ้าน,หม้อทอดไร้น้ำมัน,1,2590,0,2590.0,1539.93,1050.07,ลูกค้าใหม่,เก็บเงินปลายทาง,2
ORD00943,2024-03-18,ภาคตะวันออก,ระยอง,Lazada,อิเล็กทรอนิกส์,พาวเวอร์แบงก์,3,690,0,2070.0,1376.11,693.89,ลูกค้าประจำ,โอนผ่านแอป,5
ORD00717,2025-02-03,ภาคใต้,ภูเก็ต,เว็บไซต์,แฟชั่น,เสื้อยืด,1,290,0.15,276.08,175.65,100.43,ลูกค้าใหม่,โอนผ่านแอป,3
ORD02991,2025-08-22,ภาคกลาง,กรุงเทพมหานคร,Lazada,แฟชั่น,กางเกงยีนส์,1,890,0,996.8,595.31,401.49,ลูกค้าประจำ,เก็บเงินปลายทาง,5
ORD01476,2025-10-11,ภาคกลาง,นครปฐม,หน้าร้าน,ความงาม,ลิปสติก,1,350,0,392.0,224.16,167.84,ลูกค้าประจำ,โอนผ่านแอป,3
ORD02485,2024-01-24,ภาคตะวันออก,จันทบุรี,Lazada,คอมพิวเตอร์,SSD 1TB,1,2190,0,2190.0,1522.58,667.42,ลูกค้าประจำ,เก็บเงินปลายทาง,5
ORD00355,2025-04-19,ภาคกลาง,นนทบุรี,Lazada,อิเล็กทรอนิกส์,พาวเวอร์แบงก์,1,690,0,772.8,454.46,318.34,ลูกค้าใหม่,บัตรเครดิต,5
ORD01964,2025-09-25,ภาคกลาง,นนทบุรี,เว็บไซต์,คอมพิวเตอร์,เมาส์เกมมิ่ง,1,890,0,996.8,633.48,363.32,ลูกค้าใหม่,เก็บเงินปลายทาง,5
ORD01505,2025-07-07,ภาคอีสาน,อุบลราชธานี,Lazada,แฟชั่น,รองเท้าผ้าใบ,3,1890,0,6350.4,3745.98,2604.42,ลูกค้าประจำ,โอนผ่านแอป,1
ORD02373,2025-12-07,ภาคตะวันออก,ระยอง,Lazada,ความงาม,ลิปสติก,3,350,0.15,999.6,616.29,383.31,ลูกค้าประจำ,เก็บเงินปลายทาง,5
ORD02048,2024-11-08,ภาคตะวันออก,จันทบุรี,หน้าร้าน,อิเล็กทรอนิกส์,พาวเวอร์แบงก์,2,690,0,1380.0,1018.1,361.9,ลูกค้าใหม่,โอนผ่านแอป,2
ORD01514,2024-09-12,ภาคอีสาน,นครราชสีมา,Lazada,อิเล็กทรอนิกส์,หูฟังไร้สาย,4,1290,0,5160.0,3790.68,1369.32,ลูกค้าประจำ,เก็บเงินปลายทาง,4
ORD02812,2025-02-02,ภาคใต้,สงขลา,Lazada,คอมพิวเตอร์,คีย์บอร์ดแมคคานิคอล,2,2490,0.15,4740.96,2817.27,1923.69,ลูกค้าใหม่,เงินสด,5
ORD01442,2024-07-25,ภาคกลาง,ปทุมธานี,หน้าร้าน,อิเล็กทรอนิกส์,สมาร์ทวอทช์,3,3490,0,10470.0,6269.99,4200.01,ลูกค้าประจำ,เก็บเงินปลายทาง,3
ORD02417,2025-07-25,ภาคตะวันออก,ชลบุรี,LINE Shopping,เครื่องใช้ในบ้าน,หม้อทอดไร้น้ำมัน,1,2590,0,2900.8,1735.38,1165.42,ลูกค้าใหม่,โอนผ่านแอป,3
ORD00750,2025-02-04,ภาคอีสาน,อุดรธานี,Shopee,อิเล็กทรอนิกส์,ลำโพงบลูทูธ,1,1590,0.15,1513.68,929.74,583.94,ลูกค้าประจำ,เก็บเงินปลายทาง,3
ORD02873,2024-11-12,ภาคกลาง,นครปฐม,Lazada,เครื่องใช้ในบ้าน,หม้อทอดไร้น้ำมัน,1,2590,0.15,2201.5,1903.65,297.85,ลูกค้าประจำ,บัตรเครดิต,1
ORD02169,2024-05-04,ภาคกลาง,นครปฐม,Shopee,คอมพิวเตอร์,คีย์บอร์ดแมคคานิคอล,4,2490,0,9960.0,7431.48,2528.52,ลูกค้าใหม่,เก็บเงินปลายทาง,3
ORD02321,2025-10-22,ภาคเหนือ,เชียงราย,หน้าร้าน,เครื่องใช้ในบ้าน,เครื่องฟอกอากาศ,2,4990,0,11177.6,6516.74,4660.86,ลูกค้าประจำ,เก็บเงินปลายทาง,4
ORD01144,2024-03-18,ภาคกลาง,ปทุมธานี,Lazada,ความงาม,เซรั่มบำรุงผิว,1,790,0.15,671.5,560.05,111.45,ลูกค้าประจำ,เงินสด,4
ORD00229,2024-03-07,ภาคอีสาน,อุบลราชธานี,Lazada,คอมพิวเตอร์,เมาส์เกมมิ่ง,4,890,0,3560.0,2045.24,1514.76,ลูกค้าใหม่,เก็บเงินปลายทาง,5
ORD02875,2024-08-15,ภาคใต้,สุราษฎร์ธานี,Shopee,แฟชั่น,เสื้อยืด,1,290,0,290.0,180.2,109.8,ลูกค้าประจำ,โอนผ่านแอป,4
ORD00749,2025-02-28,ภาคกลาง,ปทุมธานี,หน้าร้าน,แฟชั่น,เสื้อยืด,1,290,0,324.8,208.26,116.54,ลูกค้าใหม่,เก็บเงินปลายทาง,3
ORD02540,2025-11-21,ภาคอีสาน,อุดรธานี,Lazada,แฟชั่น,เสื้อยืด,1,290,0,324.8,159.95,164.85,ลูกค้าประจำ,เก็บเงินปลายทาง,4
ORD01188,2024-04-27,ภาคเหนือ,พิษณุโลก,หน้าร้าน,เครื่องใช้ในบ้าน,เครื่องฟอกอากาศ,1,4990,0,4990.0,3343.65,1646.35,ลูกค้าประจำ,บัตรเครดิต,4
ORD02506,2024-10-22,ภาคใต้,สุราษฎร์ธานี,Shopee,คอมพิวเตอร์,SSD 1TB,2,2190,0,4380.0,2841.27,1538.73,ลูกค้าใหม่,บัตรเครดิต,5
ORD02556,2025-02-19,ภาคเหนือ,เชียงราย,Shopee,เครื่องใช้ในบ้าน,กาต้มน้ำไฟฟ้า,2,590,0.05,1255.52,843.29,412.23,ลูกค้าประจำ,เงินสด,4
ORD00118,2025-05-24,ภาคใต้,ภูเก็ต,หน้าร้าน,เครื่องใช้ในบ้าน,หม้อทอดไร้น้ำมัน,2,2590,0.05,5511.52,3879.92,1631.6,ลูกค้าประจำ,,3
ORD02460,2025-08-16,ภาคกลาง,นนทบุรี,Shopee,ความงาม,ลิปสติก,2,350,0,784.0,408.37,375.63,ลูกค้าประจำ,โอนผ่านแอป,5
ORD02036,2025-09-30,ภาคกลาง,นครปฐม,เว็บไซต์,คอมพิวเตอร์,เมาส์เกมมิ่ง,1,890,0,996.8,645.37,351.43,ลูกค้าใหม่,บัตรเครดิต,4
ORD00099,2024-10-08,ภาคกลาง,กรุงเทพมหานคร,หน้าร้าน,อิเล็กทรอนิกส์,สมาร์ทวอทช์,1,3490,0,3490.0,2500.02,989.98,ลูกค้าประจำ,เงินสด,4
ORD01342,2024-11-18,ภาคอีสาน,นครราชสีมา,เว็บไซต์,แฟชั่น,เสื้อยืด,1,290,0,290.0,174.22,115.78,ลูกค้าใหม่,เงินสด,5
ORD01327,2024-12-10,ภาคกลาง,นครปฐม,เว็บไซต์,แฟชั่น,รองเท้าผ้าใบ,2,1890,0,3780.0,2085.92,1694.08,ลูกค้าใหม่,โอนผ่านแอป,3
ORD00540,2025-12-05,ภาคตะวันออก,ชลบุรี,หน้าร้าน,เครื่องใช้ในบ้าน,หม้อทอดไร้น้ำมัน,1,2590,0,2900.8,1709.92,1190.88,ลูกค้าประจำ,เก็บเงินปลายทาง,4
ORD02429,2024-07-02,ภาคกลาง,ปทุมธานี,Lazada,ความงาม,เซรั่มบำรุงผิว,1,790,0.1,711.0,448.02,262.98,ลูกค้าใหม่,เงินสด,4
ORD01910,2025-09-13,ภาคอีสาน,อุดรธานี,Lazada,ความงาม,ครีมกันแดด,1,450,0,504.0,249.07,254.93,ลูกค้าใหม่,บัตรเครดิต,5
ORD02733,2025-12-03,ภาคกลาง,นครปฐม,Shopee,อิเล็กทรอนิกส์,พาวเวอร์แบงก์,1,690,0,772.8,413.23,359.57,ลูกค้าประจำ,เงินสด,5
ORD01158,2025-11-04,ภาคตะวันออก,จันทบุรี,เว็บไซต์,อิเล็กทรอนิกส์,สมาร์ทวอทช์,4,3490,0.15,13289.92,8608.48,4681.44,ลูกค้าใหม่,เงินสด,
ORD02225,2025-07-09,ภาคกลาง,ปทุมธานี,LINE Shopping,อิเล็กทรอนิกส์,หูฟังไร้สาย,1,1290,0,1444.8,721.45,723.35,ลูกค้าใหม่,เงินสด,4
ORD01646,2025-04-23,ภาคอีสาน,อุดรธานี,Shopee,แฟชั่น,รองเท้าผ้าใบ,1,1890,0.15,1799.28,1229.81,569.47,ลูกค้าประจำ,โอนผ่านแอป,5
ORD00510,2024-12-15,ภาคกลาง,นครปฐม,เว็บไซต์,คอมพิวเตอร์,"จอมอนิเตอร์ 24""",3,4290,0,12870.0,8710.23,4159.77,ลูกค้าใหม่,บัตรเครดิต,4
ORD01712,2024-12-13,ภาคใต้,สุราษฎร์ธานี,LINE Shopping,อิเล็กทรอนิกส์,พาวเวอร์แบงก์,1,690,0.1,621.0,456.05,164.95,ลูกค้าประจำ,เงินสด,5
ORD02929,2025-12-15,ภาคใต้,สงขลา,หน้าร้าน,เครื่องใช้ในบ้าน,หม้อทอดไร้น้ำมัน,1,2590,0.05,2755.76,1799.58,956.18,ลูกค้าประจำ,โอนผ่านแอป,4
ORD00939,2025-08-26,ภาคกลาง,ปทุมธานี,Shopee,อิเล็กทรอนิกส์,ลำโพงบลูทูธ,1,1590,0.15,1513.68,957.41,556.27,ลูกค้าประจำ,โอนผ่านแอป,5
ORD00516,2024-05-28,ภาคอีสาน,ขอนแก่น,LINE Shopping,เครื่องใช้ในบ้าน,หม้อทอดไร้น้ำมัน,2,2590,0,5180.0,3720.77,1459.23,ลูกค้าประจำ,โอนผ่านแอป,4
ORD00463,2025-02-20,ภาคกลาง,นนทบุรี,หน้าร้าน,เครื่องใช้ในบ้าน,หม้อทอดไร้น้ำมัน,2,2590,0,5801.6,3542.12,2259.48,ลูกค้าประจำ,เงินสด,5
ORD02575,2025-12-27,ภาคตะวันออก,ระยอง,Lazada,คอมพิวเตอร์,SSD 1TB,1,2190,0,2452.8,1602.46,850.34,ลูกค้าประจำ,โอนผ่านแอป,1
ORD00790,2024-11-26,ภาคกลาง,ปทุมธานี,Shopee,คอมพิวเตอร์,"จอมอนิเตอร์ 24""",1,4290,0,4290.0,2621.19,1668.81,ลูกค้าประจำ,เก็บเงินปลายทาง,4
ORD01145,2025-08-17,ภาคอีสาน,อุดรธานี,LINE Shopping,เครื่องใช้ในบ้าน,หม้อทอดไร้น้ำมัน,3,2590,0.05,8267.28,5144.91,3122.37,ลูกค้าใหม่,โอนผ่านแอป,1
ORD01798,2024-12-13,ภาคเหนือ,เชียงราย,เว็บไซต์,อิเล็กทรอนิกส์,ลำโพงบลูทูธ,5,1590,0,7950.0,4374.88,3575.12,ลูกค้าประจำ,โอนผ่านแอป,4
ORD02114,2024-01-26,ภาคเหนือ,เชียงราย,หน้าร้าน,เครื่องใช้ในบ้าน,เครื่องฟอกอากาศ,1,4990,0.05,4740.5,2975.94,1764.56,ลูกค้าประจำ,บัตรเครดิต,3
ORD01885,2025-12-27,ภาคกลาง,นครปฐม,เว็บไซต์,เครื่องใช้ในบ้าน,เครื่องฟอกอากาศ,2,4990,0.05,10618.72,6643.87,3974.85,ลูกค้าใหม่,บัตรเครดิต,5
ORD02069,2025-09-25,ภาคกลาง,ปทุมธานี,เว็บไซต์,คอมพิวเตอร์,"จอมอนิเตอร์ 24""",2,4290,0,9609.6,4842.45,4767.15,ลูกค้าประจำ,เก็บเงินปลายทาง,4
ORD02038,2024-01-03,ภาคอีสาน,นครราชสีมา,Lazada,เครื่องใช้ในบ้าน,หม้อทอดไร้น้ำมัน,1,2590,0.15,2201.5,1510.74,690.76,ลูกค้าประจำ,เก็บเงินปลายทาง,4
ORD02209,2025-12-12,ภาคกลาง,ปทุมธานี,หน้าร้าน,แฟชั่น,กางเกงยีนส์,4,890,0.05,3787.84,2535.99,1251.85,ลูกค้าประจำ,เก็บเงินปลายทาง,5
ORD01017,2024-11-07,ภาคอีสาน,อุบลราชธานี,Lazada,ความงาม,ครีมกันแดด,4,450,0.1,1620.0,1120.83,499.17,ลูกค้าประจำ,เก็บเงินปลายทาง,4
ORD02579,2024-03-17,ภาคใต้,สงขลา,หน้าร้าน,อิเล็กทรอนิกส์,พาวเวอร์แบงก์,1,690,0,690.0,466.87,223.13,ลูกค้าใหม่,เงินสด,4
ORD01773,2024-12-27,ภาคกลาง,นครปฐม,Shopee,เครื่องใช้ในบ้าน,กาต้มน้ำไฟฟ้า,1,590,0.1,531.0,423.15,107.85,ลูกค้าประจำ,โอนผ่านแอป,3
ORD01385,2024-02-17,ภาคกลาง,กรุงเทพมหานคร,Shopee,ความงาม,ลิปสติก,4,350,0,1400.0,773.9,626.1,ลูกค้าใหม่,เก็บเงินปลายทาง,4
ORD01802,2024-04-22,ภาคกลาง,นครปฐม,Shopee,คอมพิวเตอร์,SSD 1TB,1,2190,0,2190.0,1526.46,663.54,ลูกค้าประจำ,บัตรเครดิต,4
ORD01190,2025-11-13,ภาคกลาง,ปทุมธานี,Lazada,อิเล็กทรอนิกส์,พาวเวอร์แบงก์,1,690,0.1,695.52,410.94,284.58,ลูกค้าใหม่,เงินสด,4
ORD02649,2024-08-01,ภาคอีสาน,อุดรธานี,Shopee,คอมพิวเตอร์,SSD 1TB,1,2190,0,2190.0,1515.7,674.3,ลูกค้าประจำ,บัตรเครดิต,5
ORD02061,2025-08-26,ภาคกลาง,นนทบุรี,หน้าร้าน,แฟชั่น,เสื้อยืด,4,290,0,1299.2,667.73,631.47,ลูกค้าประจำ,เงินสด,5
ORD00415,2024-12-12,ภาคกลาง,นครปฐม,หน้าร้าน,อิเล็กทรอนิกส์,ลำโพงบลูทูธ,4,1590,0,6360.0,3566.43,2793.57,ลูกค้าใหม่,เก็บเงินปลายทาง,4
ORD00511,2024-09-19,ภาคกลาง,นครปฐม,หน้าร้าน,คอมพิวเตอร์,เมาส์เกมมิ่ง,1,890,0,890.0,572.12,317.88,ลูกค้าประจำ,เงินสด,3
ORD00139,2025-08-20,ภาคเหนือ,พิษณุโลก,Shopee,ความงาม,เซรั่มบำรุงผิว,1,790,0,884.8,524.97,359.83,ลูกค้าใหม่,เงินสด,4
ORD01538,2025-12-22,ภาคกลาง,ปทุมธานี,หน้าร้าน,เครื่องใช้ในบ้าน,เครื่องฟอกอากาศ,3,4990,0,16766.4,9934.39,6832.01,ลูกค้าใหม่,เงินสด,3
ORD01088,2024-05-20,ภาคกลาง,นนทบุรี,Shopee,แฟชั่น,กางเกงยีนส์,1,890,0.05,845.5,527.61,317.89,ลูกค้าใหม่,เงินสด,3
ORD01290,2024-11-26,ภาคใต้,สุราษฎร์ธานี,Lazada,อิเล็กทรอนิกส์,หูฟังไร้สาย,1,1290,0.15,1096.5,913.97,182.53,ลูกค้าใหม่,เก็บเงินปลายทาง,4
ORD00751,2025-12-28,ภาคเหนือ,เชียงใหม่,Shopee,ความงาม,เซรั่มบำรุงผิว,3,790,0,2654.4,1700.4,954.0,ลูกค้าประจำ,โอนผ่านแอป,3
ORD00949,2025-04-02,ภาคกลาง,กรุงเทพมหานคร,หน้าร้าน,แฟชั่น,เสื้อยืด,1,290,0.05,308.56,201.52,107.04,ลูกค้าใหม่,โอนผ่านแอป,3
ORD01451,2025-10-07,ภาคกลาง,กรุงเทพมหานคร,หน้าร้าน,เครื่องใช้ในบ้าน,เครื่องฟอกอากาศ,3,4990,0,16766.4,8345.15,8421.25,ลูกค้าใหม่,บัตรเครดิต,4
ORD01324,2025-11-29,ภาคใต้,สงขลา,Shopee,ความงาม,ลิปสติก,1,350,0,392.0,215.38,176.62,ลูกค้าใหม่,เงินสด,5
ORD02565,2024-08-29,ภาคกลาง,นครปฐม,Shopee,แฟชั่น,กางเกงยีนส์,1,890,0,890.0,627.55,262.45,ลูกค้าใหม่,เงินสด,3
ORD00809,2025-11-02,ภาคอีสาน,อุดรธานี,LINE Shopping,เครื่องใช้ในบ้าน,หม้อทอดไร้น้ำมัน,1,2590,0,2900.8,1626.74,1274.06,ลูกค้าใหม่,โอนผ่านแอป,5
ORD02646,2025-08-09,ภาคอีสาน,อุบลราชธานี,Lazada,คอมพิวเตอร์,SSD 1TB,1,2190,0.1,2207.52,1603.22,604.3,ลูกค้าประจำ,บัตรเครดิต,5
ORD00165,2024-07-13,ภาคกลาง,ปทุมธานี,Lazada,แฟชั่น,กางเกงยีนส์,2,890,0.05,1691.0,1304.79,386.21,ลูกค้าประจำ,,4
ORD02923,2025-12-02,ภาคใต้,ภูเก็ต,หน้าร้าน,ความงาม,ครีมกันแดด,5,450,0,2520.0,1475.11,1044.89,ลูกค้าใหม่,เก็บเงินปลายทาง,2
ORD00779,2025-12-05,ภาคกลาง,นครปฐม,Lazada,อิเล็กทรอนิกส์,พาวเวอร์แบงก์,1,690,0,772.8,512.29,260.51,ลูกค้าประจำ,เงินสด,3
ORD01122,2024-06-06,ภาคกลาง,นครปฐม,Lazada,แฟชั่น,รองเท้าผ้าใบ,1,1890,0,1890.0,1074.73,815.27,ลูกค้าใหม่,โอนผ่านแอป,2
ORD00645,2025-11-09,ภาคใต้,ภูเก็ต,หน้าร้าน,แฟชั่น,รองเท้าผ้าใบ,1,1890,0,2116.8,1040.1,1076.7,ลูกค้าประจำ,เก็บเงินปลายทาง,4
ORD01868,2024-01-21,ภาคกลาง,นครปฐม,Lazada,แฟชั่น,กระเป๋าเป้,1,990,0.1,891.0,663.32,227.68,ลูกค้าใหม่,เก็บเงินปลายทาง,4
ORD02883,2024-11-15,ภาคเหนือ,พิษณุโลก,Shopee,อิเล็กทรอนิกส์,หูฟังไร้สาย,2,1290,0,2580.0,1551.69,1028.31,ลูกค้าประจำ,เงินสด,5
ORD02920,2025-05-09,ภาคตะวันออก,ระยอง,Shopee,แฟชั่น,รองเท้าผ้าใบ,1,1890,0.05,2010.96,1371.19,639.77,ลูกค้าประจำ,โอนผ่านแอป,2
ORD02054,2025-11-23,ภาคใต้,ภูเก็ต,Lazada,เครื่องใช้ในบ้าน,กาต้มน้ำไฟฟ้า,5,590,0.15,2808.4,1636.11,1172.29,ลูกค้าประจำ,เก็บเงินปลายทาง,1
ORD00390,2025-01-31,ภาคกลาง,นครปฐม,Lazada,คอมพิวเตอร์,คีย์บอร์ดแมคคานิคอล,1,2490,0,2788.8,1830.37,958.43,ลูกค้าใหม่,โอนผ่านแอป,5
ORD01960,2025-12-03,ภาคกลาง,นครปฐม,Shopee,ความงาม,เซรั่มบำรุงผิว,1,790,0,884.8,485.17,399.63,ลูกค้าใหม่,เงินสด,5
ORD00270,2025-12-04,ภาคกลาง,นนทบุรี,หน้าร้าน,แฟชั่น,รองเท้าผ้าใบ,2,1890,0,4233.6,2093.46,2140.14,ลูกค้าประจำ,โอนผ่านแอป,3
ORD02251,2025-08-07,ภาคตะวันออก,ชลบุรี,LINE Shopping,อิเล็กทรอนิกส์,สมาร์ทวอทช์,2,3490,0,7817.6,4001.33,3816.27,ลูกค้าใหม่,เก็บเงินปลายทาง,2
ORD02093,2025-10-23,ภาคกลาง,กรุงเทพมหานคร,หน้าร้าน,ความงาม,เซรั่มบำรุงผิว,2,790,0.05,1681.12,967.78,713.34,ลูกค้าใหม่,โอนผ่านแอป,3
ORD00029,2024-03-12,ภาคตะวันออก,จันทบุรี,หน้าร้าน,ความงาม,เซรั่มบำรุงผิว,2,790,0,1580.0,1029.25,550.75,ลูกค้าประจำ,เก็บเงินปลายทาง,5
ORD02228,2024-04-29,ภาคตะวันออก,ระยอง,หน้าร้าน,แฟชั่น,กระเป๋าเป้,2,990,0,1980.0,1217.3,762.7,ลูกค้าใหม่,เงินสด,3
ORD01169,2024-12-13,ภาคกลาง,ปทุมธานี,หน้าร้าน,ความงาม,ลิปสติก,2,350,0,700.0,485.97,214.03,ลูกค้าประจำ,บัตรเครดิต,5
ORD01907,2025-11-11,ภาคกลาง,กรุงเทพมหานคร,Lazada,แฟชั่น,กระเป๋าเป้,1,990,0,1108.8,546.21,562.59,ลูกค้าใหม่,เงินสด,5
ORD02148,2025-04-22,ภาคตะวันออก,ระยอง,LINE Shopping,เครื่องใช้ในบ้าน,กาต้มน้ำไฟฟ้า,3,590,0,1982.4,1297.32,685.08,ลูกค้าประจำ,เก็บเงินปลายทาง,5
ORD01457,2025-12-10,ภาคอีสาน,นครราชสีมา,Lazada,ความงาม,ครีมกันแดด,1,450,0.15,428.4,275.74,152.66,ลูกค้าประจำ,บัตรเครดิต,4
ORD01308,2024-11-02,ภาคกลาง,นนทบุรี,Shopee,อิเล็กทรอนิกส์,พาวเวอร์แบงก์,1,690,0.1,621.0,416.82,204.18,ลูกค้าประจำ,เก็บเงินปลายทาง,4
ORD01074,2024-12-25,ภาคอีสาน,นครราชสีมา,Shopee,อิเล็กทรอนิกส์,พาวเวอร์แบงก์,2,690,0.15,1173.0,1006.08,166.92,ลูกค้าประจำ,เงินสด,4
ORD02164,2024-01-23,ภาคเหนือ,เชียงใหม่,หน้าร้าน,คอมพิวเตอร์,SSD 1TB,1,2190,0,2190.0,1224.13,965.87,ลูกค้าใหม่,โอนผ่านแอป,3
ORD01084,2025-01-10,ภาคเหนือ,เชียงราย,Shopee,ความงาม,ลิปสติก,1,350,0.05,372.4,225.66,146.74,ลูกค้าประจำ,เก็บเงินปลายทาง,2
ORD02182,2024-10-24,ภาคกลาง,กรุงเทพมหานคร,LINE Shopping,อิเล็กทรอนิกส์,สมาร์ทวอทช์,1,3490,0.1,3141.0,2612.98,528.02,ลูกค้าประจำ,โอนผ่านแอป,4
ORD01574,2025-08-10,ภาคกลาง,ปทุมธานี,Lazada,อิเล็กทรอนิกส์,พาวเวอร์แบงก์,2,690,0.15,1313.76,762.32,551.44,ลูกค้าใหม่,โอนผ่านแอป,4
ORD00957,2025-09-09,ภาคกลาง,ปทุมธานี,หน้าร้าน,แฟชั่น,กระเป๋าเป้,4,990,0,4435.2,2697.85,1737.35,ลูกค้าประจำ,เงินสด,4
ORD02352,2024-08-29,ภาคเหนือ,พิษณุโลก,Lazada,ความงาม,เซรั่มบำรุงผิว,1,790,0,790.0,516.23,273.77,ลูกค้าประจำ,บัตรเครดิต,3
ORD02341,2025-11-01,ภาคเหนือ,เชียงราย,Lazada,ความงาม,ครีมกันแดด,2,450,0.05,957.6,547.3,410.3,ลูกค้าประจำ,เงินสด,3
ORD01288,2025-12-28,ภาคกลาง,นครปฐม,เว็บไซต์,อิเล็กทรอนิกส์,หูฟังไร้สาย,1,1290,0.05,1372.56,956.3,416.26,ลูกค้าใหม่,,4
ORD01788,2024-11-05,ภาคอีสาน,อุดรธานี,หน้าร้าน,เครื่องใช้ในบ้าน,เครื่องฟอกอากาศ,1,4990,0,4990.0,3317.86,1672.14,ลูกค้าใหม่,โอนผ่านแอป,5
ORD02439,2024-08-10,ภาคตะวันออก,จันทบุรี,Shopee,ความงาม,ครีมกันแดด,1,450,0,450.0,319.86,130.14,ลูกค้าใหม่,บัตรเครดิต,3
ORD02171,2024-11-17,ภาคอีสาน,ขอนแก่น,เว็บไซต์,ความงาม,เซรั่มบำรุงผิว,2,790,0.05,1501.0,1014.54,486.46,ลูกค้าใหม่,โอนผ่านแอป,5
ORD01419,2025-03-25,ภาคกลาง,นนทบุรี,Shopee,เครื่องใช้ในบ้าน,เครื่องฟอกอากาศ,2,4990,0,11177.6,5561.59,5616.01,ลูกค้าประจำ,โอนผ่านแอป,5
ORD02192,2024-05-04,ภาคกลาง,กรุงเทพมหานคร,หน้าร้าน,ความงาม,เซรั่มบำรุงผิว,1,790,0,790.0,506.26,283.74,ลูกค้าประจำ,เงินสด,5
ORD00668,2025-08-09,ภาคเหนือ,พิษณุโลก,LINE Shopping,อิเล็กทรอนิกส์,พาวเวอร์แบงก์,1,690,0.15,656.88,439.34,217.54,ลูกค้าใหม่,บัตรเครดิต,2
ORD00684,2024-01-08,ภาคอีสาน,ขอนแก่น,Shopee,เครื่องใช้ในบ้าน,หม้อทอดไร้น้ำมัน,5,2590,0.1,11655.0,8894.26,2760.74,ลูกค้าประจำ,โอนผ่านแอป,5
ORD02226,2025-05-26,ภาคใต้,สุราษฎร์ธานี,Shopee,เครื่องใช้ในบ้าน,กาต้มน้ำไฟฟ้า,1,590,0.15,561.68,331.08,230.6,ลูกค้าประจำ,โอนผ่านแอป,5
ORD01247,2024-05-16,ภาคอีสาน,ขอนแก่น,หน้าร้าน,เครื่องใช้ในบ้าน,เครื่องฟอกอากาศ,3,4990,0,14970.0,9868.77,5101.23,ลูกค้าใหม่,โอนผ่านแอป,4
ORD01650,2024-11-08,ภาคตะวันออก,จันทบุรี,หน้าร้าน,อิเล็กทรอนิกส์,สมาร์ทวอทช์,2,3490,0,6980.0,4939.13,2040.87,ลูกค้าประจำ,เก็บเงินปลายทาง,4
ORD01925,2025-08-21,ภาคใต้,สงขลา,Shopee,คอมพิวเตอร์,SSD 1TB,2,2190,0.05,4660.32,3051.5,1608.82,ลูกค้าประจำ,เงินสด,4
ORD01670,2025-12-11,ภาคกลาง,นนทบุรี,Lazada,เครื่องใช้ในบ้าน,กาต้มน้ำไฟฟ้า,2,590,0.05,1255.52,760.09,495.43,ลูกค้าประจำ,โอนผ่านแอป,4
ORD00758,2024-11-11,ภาคกลาง,ปทุมธานี,Shopee,อิเล็กทรอนิกส์,พาวเวอร์แบงก์,1,690,0,690.0,427.6,262.4,ลูกค้าประจำ,เก็บเงินปลายทาง,4
ORD00530,2024-09-27,ภาคเหนือ,พิษณุโลก,Shopee,คอมพิวเตอร์,"จอมอนิเตอร์ 24""",2,4290,0,8580.0,5672.54,2907.46,ลูกค้าประจำ,เก็บเงินปลายทาง,2
ORD00812,2025-07-31,ภาคอีสาน,ขอนแก่น,LINE Shopping,อิเล็กทรอนิกส์,สมาร์ทวอทช์,5,3490,0.1,17589.6,12177.62,5411.98,ลูกค้าประจำ,เก็บเงินปลายทาง,5
ORD02296,2024-11-23,ภาคตะวันออก,จันทบุรี,Lazada,ความงาม,เซรั่มบำรุงผิว,3,790,0.1,2133.0,1422.14,710.86,ลูกค้าประจำ,บัตรเครดิต,4
ORD00955,2024-09-28,ภาคกลาง,นครปฐม,Shopee,อิเล็กทรอนิกส์,สมาร์ทวอทช์,1,3490,0.15,2966.5,2528.18,438.32,ลูกค้าใหม่,เก็บเงินปลายทาง,5
ORD02603,2024-12-30,ภาคกลาง,นนทบุรี,หน้าร้าน,เครื่องใช้ในบ้าน,กาต้มน้ำไฟฟ้า,1,590,0,590.0,383.1,206.9,ลูกค้าใหม่,บัตรเครดิต,3
ORD02468,2024-07-04,ภาคเหนือ,เชียงราย,หน้าร้าน,แฟชั่น,รองเท้าผ้าใบ,1,1890,0,1890.0,1231.87,658.13,ลูกค้าประจำ,เก็บเงินปลายทาง,5
ORD00567,2025-04-11,ภาคใต้,สงขลา,หน้าร้าน,ความงาม,เซรั่มบำรุงผิว,4,790,0,3539.2,1807.73,1731.47,ลูกค้าประจำ,เงินสด,4
ORD00037,2025-08-21,ภาคกลาง,นครปฐม,LINE Shopping,ความงาม,เซรั่มบำรุงผิว,1,790,0,884.8,553.55,331.25,ลูกค้าประจำ,โอนผ่านแอป,4
ORD00144,2025-05-05,ภาคใต้,ภูเก็ต,หน้าร้าน,เครื่องใช้ในบ้าน,กาต้มน้ำไฟฟ้า,2,590,0.05,1255.52,823.85,431.67,ลูกค้าใหม่,โอนผ่านแอป,4
ORD02416,2024-03-24,ภาคใต้,ภูเก็ต,Shopee,แฟชั่น,เสื้อยืด,1,290,0.15,246.5,177.55,68.95,ลูกค้าประจำ,โอนผ่านแอป,5
ORD01589,2025-03-19,ภาคอีสาน,อุบลราชธานี,Shopee,เครื่องใช้ในบ้าน,หม้อทอดไร้น้ำมัน,1,2590,0,2900.8,1433.41,1467.39,ลูกค้าประจำ,บัตรเครดิต,5
ORD00819,2025-02-24,ภาคอีสาน,นครราชสีมา,หน้าร้าน,เครื่องใช้ในบ้าน,หม้อทอดไร้น้ำมัน,1,2590,0.05,2755.76,1543.92,1211.84,ลูกค้าใหม่,โอนผ่านแอป,2
ORD02420,2024-05-14,ภาคอีสาน,อุบลราชธานี,Lazada,อิเล็กทรอนิกส์,ลำโพงบลูทูธ,2,1590,0,3180.0,2022.05,1157.95,ลูกค้าประจำ,โอนผ่านแอป,3
ORD00783,2025-02-24,ภาคอีสาน,อุบลราชธานี,หน้าร้าน,คอมพิวเตอร์,"จอมอนิเตอร์ 24""",1,4290,0.05,4564.56,2956.5,1608.06,ลูกค้าใหม่,เงินสด,3
ORD00566,2025-03-26,ภาคตะวันออก,จันทบุรี,หน้าร้าน,แฟชั่น,กางเกงยีนส์,1,890,0.05,946.96,570.97,375.99,ลูกค้าประจำ,เงินสด,5
ORD00734,2024-09-19,ภาคเหนือ,เชียงราย,Shopee,คอมพิวเตอร์,เมาส์เกมมิ่ง,5,890,0,4450.0,3212.01,1237.99,ลูกค้าประจำ,โอนผ่านแอป,4
ORD00177,2025-03-23,ภาคกลาง,ปทุมธานี,เว็บไซต์,ความงาม,ลิปสติก,4,350,0,1568.0,778.3,789.7,ลูกค้าประจำ,เก็บเงินปลายทาง,4
ORD02303,2024-03-11,ภาคกลาง,นครปฐม,Shopee,ความงาม,ครีมกันแดด,2,450,0.15,765.0,672.07,92.93,ลูกค้าประจำ,เงินสด,5
ORD02891,2025-12-27,ภาคอีสาน,อุบลราชธานี,Shopee,แฟชั่น,รองเท้าผ้าใบ,1,1890,0.15,1799.28,1368.14,431.14,ลูกค้าประจำ,เงินสด,4
ORD01666,2024-03-09,ภาคกลาง,กรุงเทพมหานคร,Lazada,อิเล็กทรอนิกส์,สมาร์ทวอทช์,3,3490,0.1,9423.0,5828.77,3594.23,ลูกค้าใหม่,เก็บเงินปลายทาง,5
ORD00784,2025-01-21,ภาคตะวันออก,จันทบุรี,Lazada,ความงาม,เซรั่มบำรุงผิว,5,790,0,4424.0,2382.09,2041.91,ลูกค้าใหม่,บัตรเครดิต,4
ORD02473,2025-01-26,ภาคเหนือ,เชียงราย,Lazada,แฟชั่น,กระเป๋าเป้,3,990,0,3326.4,1986.65,1339.75,ลูกค้าประจำ,เก็บเงินปลายทาง,5
ORD01343,2025-09-04,ภาคตะวันออก,จันทบุรี,LINE Shopping,เครื่องใช้ในบ้าน,หม้อทอดไร้น้ำมัน,1,2590,0.1,2610.72,1760.53,850.19,ลูกค้าประจำ,โอนผ่านแอป,3
ORD01147,2024-10-22,ภาคเหนือ,เชียงใหม่,LINE Shopping,ความงาม,ลิปสติก,1,350,0,350.0,252.21,97.79,ลูกค้าประจำ,เงินสด,5
ORD01682,2025-02-28,ภาคอีสาน,ขอนแก่น,เว็บไซต์,เครื่องใช้ในบ้าน,เครื่องฟอกอากาศ,3,4990,0,16766.4,10211.08,6555.32,ลูกค้าประจำ,บัตรเครดิต,5
ORD02382,2025-03-23,ภาคกลาง,ปทุมธานี,Lazada,คอมพิวเตอร์,เมาส์เกมมิ่ง,1,890,0.05,946.96,607.57,339.39,ลูกค้าใหม่,บัตรเครดิต,5
ORD01406,2025-05-19,ภาคอีสาน,อุดรธานี,LINE Shopping,ความงาม,ครีมกันแดด,2,450,0,1008.0,610.1,397.9,ลูกค้าประจำ,เงินสด,5
ORD00436,2025-11-02,ภาคกลาง,นครปฐม,Lazada,แฟชั่น,กระเป๋าเป้,1,990,0.1,997.92,590.76,407.16,ลูกค้าประจำ,โอนผ่านแอป,4
ORD00202,2025-02-25,ภาคตะวันออก,,Lazada,คอมพิวเตอร์,คีย์บอร์ดแมคคานิคอล,1,2490,0,2788.8,1748.71,1040.09,ลูกค้าใหม่,โอนผ่านแอป,4
ORD01224,2024-12-08,ภาคใต้,สงขลา,เว็บไซต์,อิเล็กทรอนิกส์,หูฟังไร้สาย,4,1290,0,5160.0,3469.65,1690.35,ลูกค้าใหม่,เงินสด,5
ORD02936,2024-10-12,ภาคอีสาน,ขอนแก่น,LINE Shopping,แฟชั่น,รองเท้าผ้าใบ,2,1890,0,3780.0,2524.67,1255.33,ลูกค้าประจำ,เก็บเงินปลายทาง,4
ORD00911,2025-11-11,ภาคตะวันออก,ระยอง,เว็บไซต์,เครื่องใช้ในบ้าน,กาต้มน้ำไฟฟ้า,1,590,0.05,627.76,382.89,244.87,ลูกค้าใหม่,เก็บเงินปลายทาง,3
ORD00035,2024-10-10,ภาคเหนือ,เชียงราย,Lazada,คอมพิวเตอร์,"จอมอนิเตอร์ 24""",1,4290,0,4290.0,2592.63,1697.37,ลูกค้าประจำ,เงินสด,3
ORD01026,2025-11-15,ภาคอีสาน,อุบลราชธานี,Lazada,เครื่องใช้ในบ้าน,กาต้มน้ำไฟฟ้า,3,590,0,1982.4,1186.9,795.5,ลูกค้าใหม่,เก็บเงินปลายทาง,5
ORD00608,2024-12-15,ภาคเหนือ,เชียงราย,Shopee,คอมพิวเตอร์,เมาส์เกมมิ่ง,1,890,0.05,845.5,569.8,275.7,ลูกค้าประจำ,เก็บเงินปลายทาง,4
ORD02989,2025-01-08,ภาคกลาง,นนทบุรี,หน้าร้าน,ความงาม,ครีมกันแดด,2,450,0,1008.0,547.28,460.72,ลูกค้าประจำ,เก็บเงินปลายทาง,3
ORD00053,2024-07-31,ภาคกลาง,นครปฐม,Shopee,อิเล็กทรอนิกส์,พาวเวอร์แบงก์,1,690,0,690.0,379.87,310.13,ลูกค้าประจำ,เก็บเงินปลายทาง,4
ORD00173,2024-03-23,ภาคใต้,ภูเก็ต,เว็บไซต์,อิเล็กทรอนิกส์,หูฟังไร้สาย,1,1290,0.05,1225.5,723.98,501.52,ลูกค้าประจำ,เงินสด,4
ORD02889,2024-03-12,ภาคกลาง,นนทบุรี,หน้าร้าน,ความงาม,ครีมกันแดด,1,450,0,450.0,327.28,122.72,ลูกค้าประจำ,โอนผ่านแอป,5
ORD01233,2024-06-14,ภาคตะวันออก,ระยอง,หน้าร้าน,ความงาม,ลิปสติก,3,350,0,1050.0,632.33,417.67,ลูกค้าใหม่,บัตรเครดิต,5
ORD00690,2025-12-27,ภาคกลาง,นนทบุรี,Lazada,อิเล็กทรอนิกส์,พาวเวอร์แบงก์,1,690,0,772.8,401.62,371.18,ลูกค้าประจำ,บัตรเครดิต,3
ORD01149,2024-12-30,ภาคกลาง,กรุงเทพมหานคร,หน้าร้าน,แฟชั่น,กางเกงยีนส์,1,890,0,890.0,651.64,238.36,ลูกค้าประจำ,โอนผ่านแอป,3
ORD00432,2024-10-28,ภาคกลาง,นครปฐม,Lazada,ความงาม,ลิปสติก,1,350,0,350.0,196.8,153.2,ลูกค้าประจำ,เงินสด,5
ORD02553,2024-01-13,ภาคตะวันออก,จันทบุรี,LINE Shopping,เครื่องใช้ในบ้าน,เครื่องฟอกอากาศ,1,4990,0,4990.0,3193.77,1796.23,ลูกค้าประจำ,โอนผ่านแอป,4
ORD00418,2024-11-28,ภาคกลาง,ปทุมธานี,Shopee,แฟชั่น,เสื้อยืด,1,290,0,290.0,175.87,114.13,ลูกค้าประจำ,โอนผ่านแอป,4
ORD01141,2025-08-27,ภาคอีสาน,อุบลราชธานี,Lazada,แฟชั่น,เสื้อยืด,1,290,0.1,292.32,176.33,115.99,ลูกค้าใหม่,บัตรเครดิต,1
ORD01518,2024-12-31,ภาคกลาง,นครปฐม,Lazada,ความงาม,ลิปสติก,2,350,0,700.0,501.66,198.34,ลูกค้าใหม่,บัตรเครดิต,5
ORD01984,2024-11-09,ภาคเหนือ,พิษณุโลก,เว็บไซต์,แฟชั่น,รองเท้าผ้าใบ,5,1890,0.15,8032.5,5376.9,2655.6,ลูกค้าประจำ,เงินสด,5
ORD01971,2025-11-03,ภาคกลาง,นนทบุรี,LINE Shopping,อิเล็กทรอนิกส์,หูฟังไร้สาย,5,1290,0.05,6862.8,3694.74,3168.06,ลูกค้าใหม่,บัตรเครดิต,5
ORD02172,2024-11-04,ภาคกลาง,นนทบุรี,Lazada,เครื่องใช้ในบ้าน,เครื่องฟอกอากาศ,2,4990,0.15,8483.0,5921.23,2561.77,ลูกค้าประจำ,เงินสด,4
ORD01159,2025-11-16,ภาคใต้,ภูเก็ต,Shopee,แฟชั่น,เสื้อยืด,1,290,0.1,292.32,211.41,80.91,ลูกค้าใหม่,โอนผ่านแอป,3
ORD02153,2024-12-01,ภาคอีสาน,นครราชสีมา,Shopee,แฟชั่น,รองเท้าผ้าใบ,1,1890,0,1890.0,1148.36,741.64,ลูกค้าประจำ,โอนผ่านแอป,3
ORD02698,2024-04-06,ภาคเหนือ,เชียงใหม่,LINE Shopping,คอมพิวเตอร์,คีย์บอร์ดแมคคานิคอล,2,2490,0,4980.0,2775.32,2204.68,ลูกค้าใหม่,โอนผ่านแอป,4
ORD01822,2024-12-12,ภาคอีสาน,อุดรธานี,Lazada,แฟชั่น,กางเกงยีนส์,2,890,0.1,1602.0,1175.31,426.69,ลูกค้าประจำ,โอนผ่านแอป,4
ORD00435,2024-03-27,ภาคอีสาน,อุบลราชธานี,เว็บไซต์,คอมพิวเตอร์,SSD 1TB,2,2190,0.05,4161.0,2617.44,1543.56,ลูกค้าประจำ,โอนผ่านแอป,3
ORD01002,2025-06-20,ภาคเหนือ,เชียงใหม่,LINE Shopping,อิเล็กทรอนิกส์,พาวเวอร์แบงก์,1,690,0,772.8,477.81,294.99,ลูกค้าประจำ,เก็บเงินปลายทาง,3
ORD01137,2024-12-07,ภาคกลาง,นครปฐม,Lazada,อิเล็กทรอนิกส์,หูฟังไร้สาย,3,1290,0.05,3676.5,2272.9,1403.6,ลูกค้าประจำ,เก็บเงินปลายทาง,5
ORD01758,2025-12-01,ภาคตะวันออก,ระยอง,Shopee,เครื่องใช้ในบ้าน,เครื่องฟอกอากาศ,2,4990,0.05,10618.72,6132.66,4486.06,ลูกค้าประจำ,บัตรเครดิต,3
ORD01265,2024-12-24,ภาคกลาง,กรุงเทพมหานคร,Shopee,เครื่องใช้ในบ้าน,กาต้มน้ำไฟฟ้า,2,590,0.05,1121.0,685.52,435.48,ลูกค้าใหม่,,4
ORD01426,2025-07-25,ภาคอีสาน,อุดรธานี,Shopee,คอมพิวเตอร์,เมาส์เกมมิ่ง,5,890,0.15,4236.4,2834.42,1401.98,ลูกค้าประจำ,บัตรเครดิต,5
ORD02267,2025-04-26,ภาคกลาง,นนทบุรี,หน้าร้าน,คอมพิวเตอร์,เมาส์เกมมิ่ง,2,890,0.05,1893.92,1191.56,702.36,ลูกค้าประจำ,เงินสด,5
ORD00827,2024-09-21,ภาคกลาง,นนทบุรี,หน้าร้าน,แฟชั่น,กางเกงยีนส์,1,890,0.05,845.5,606.26,239.24,ลูกค้าใหม่,เงินสด,3
ORD01929,2025-07-17,ภาคอีสาน,อุดรธานี,หน้าร้าน,ความงาม,ลิปสติก,1,350,0.05,372.4,209.43,162.97,ลูกค้าประจำ,เงินสด,3
ORD01191,2024-06-23,ภาคกลาง,นครปฐม,หน้าร้าน,อิเล็กทรอนิกส์,หูฟังไร้สาย,2,1290,0,2580.0,1543.04,1036.96,ลูกค้าประจำ,เงินสด,5
ORD01056,2024-09-24,ภาคกลาง,กรุงเทพมหานคร,Lazada,ความงาม,ครีมกันแดด,1,450,0,450.0,290.58,159.42,ลูกค้าใหม่,โอนผ่านแอป,5
ORD01695,2025-04-06,ภาคกลาง,ปทุมธานี,หน้าร้าน,แฟชั่น,เสื้อยืด,1,290,0.05,308.56,169.51,139.05,ลูกค้าประจำ,โอนผ่านแอป,3
ORD00777,2024-04-23,ภาคกลาง,นครปฐม,Shopee,อิเล็กทรอนิกส์,สมาร์ทวอทช์,1,3490,0,3490.0,2077.57,1412.43,ลูกค้าใหม่,เงินสด,3
ORD00179,2025-12-12,ภาคกลาง,นนทบุรี,Lazada,อิเล็กทรอนิกส์,สมาร์ทวอทช์,1,3490,0,3908.8,2011.99,1896.81,ลูกค้าประจำ,เก็บเงินปลายทาง,3
ORD01979,2024-08-09,ภาคเหนือ,พิษณุโลก,Shopee,คอมพิวเตอร์,เมาส์เกมมิ่ง,1,890,0.05,845.5,611.06,234.44,ลูกค้าใหม่,โอนผ่านแอป,5
ORD02993,2025-08-17,ภาคเหนือ,พิษณุโลก,เว็บไซต์,คอมพิวเตอร์,SSD 1TB,3,2190,0.1,6622.56,4269.87,2352.69,ลูกค้าประจำ,บัตรเครดิต,5
ORD00898,2025-12-25,ภาคกลาง,กรุงเทพมหานคร,เว็บไซต์,ความงาม,ลิปสติก,3,350,0.05,1117.2,636.66,480.54,ลูกค้าประจำ,เก็บเงินปลายทาง,4
ORD02890,2025-11-20,ภาคกลาง,นครปฐม,Shopee,แฟชั่น,เสื้อยืด,1,290,0,324.8,170.42,154.38,ลูกค้าประจำ,บัตรเครดิต,5
ORD00545,2024-05-28,ภาคเหนือ,เชียงใหม่,Lazada,ความงาม,ครีมกันแดด,1,450,0,450.0,290.16,159.84,ลูกค้าใหม่,โอนผ่านแอป,5
ORD02635,2025-09-28,ภาคอีสาน,อุดรธานี,Lazada,เครื่องใช้ในบ้าน,กาต้มน้ำไฟฟ้า,1,590,0,660.8,387.5,273.3,ลูกค้าใหม่,เก็บเงินปลายทาง,5
ORD00203,2024-10-02,ภาคกลาง,ปทุมธานี,Lazada,อิเล็กทรอนิกส์,หูฟังไร้สาย,1,1290,0.15,1096.5,951.07,145.43,ลูกค้าประจำ,เก็บเงินปลายทาง,4
ORD00115,2024-12-26,ภาคใต้,ภูเก็ต,Shopee,คอมพิวเตอร์,SSD 1TB,5,2190,0,10950.0,7799.68,3150.32,ลูกค้าประจำ,เก็บเงินปลายทาง,2
ORD02359,2024-06-02,ภาคตะวันออก,จันทบุรี,Shopee,แฟชั่น,กระเป๋าเป้,4,990,0.15,3366.0,2256.4,1109.6,ลูกค้าประจำ,เก็บเงินปลายทาง,5
ORD01414,2024-06-10,ภาคใต้,สงขลา,หน้าร้าน,เครื่องใช้ในบ้าน,เครื่องฟอกอากาศ,3,4990,0,14970.0,9589.2,5380.8,ลูกค้าใหม่,เก็บเงินปลายทาง,3
ORD02674,2025-02-19,ภาคกลาง,นครปฐม,Lazada,ความงาม,ลิปสติก,1,350,0.1,352.8,211.19,141.61,ลูกค้าประจำ,เก็บเงินปลายทาง,5
ORD00225,2024-11-15,ภาคเหนือ,เชียงราย,LINE Shopping,แฟชั่น,เสื้อยืด,1,290,0,290.0,185.71,104.29,ลูกค้าใหม่,เงินสด,3
ORD00722,2025-12-13,ภาคกลาง,ปทุมธานี,Shopee,อิเล็กทรอนิกส์,หูฟังไร้สาย,1,1290,0,1444.8,717.29,727.51,ลูกค้าใหม่,โอนผ่านแอป,2
ORD02622,2024-05-18,ภาคใต้,สงขลา,หน้าร้าน,อิเล็กทรอนิกส์,หูฟังไร้สาย,1,1290,0.05,1225.5,711.86,513.64,ลูกค้าใหม่,บัตรเครดิต,4
ORD02708,2024-03-30,ภาคใต้,สุราษฎร์ธานี,Shopee,อิเล็กทรอนิกส์,หูฟังไร้สาย,1,1290,0,1290.0,718.17,571.83,ลูกค้าใหม่,บัตรเครดิต,4
ORD00348,2024-05-14,ภาคกลาง,ปทุมธานี,เว็บไซต์,อิเล็กทรอนิกส์,สมาร์ทวอทช์,3,3490,0.05,9946.5,6736.8,3209.7,ลูกค้าประจำ,โอนผ่านแอป,5
ORD00862,2025-08-03,ภาคกลาง,นครปฐม,Lazada,แฟชั่น,รองเท้าผ้าใบ,1,1890,0,2116.8,1053.3,1063.5,ลูกค้าประจำ,บัตรเครดิต,5
ORD00056,2025-05-27,ภาคเหนือ,เชียงใหม่,Lazada,ความงาม,ครีมกันแดด,3,450,0.1,1360.8,810.1,550.7,ลูกค้าใหม่,เงินสด,5
ORD02110,2025-08-25,ภาคกลาง,นครปฐม,Lazada,เครื่องใช้ในบ้าน,กาต้มน้ำไฟฟ้า,4,590,0.1,2378.88,1619.78,759.1,ลูกค้าประจำ,บัตรเครดิต,5
ORD01321,2025-12-04,ภาคตะวันออก,ชลบุรี,หน้าร้าน,คอมพิวเตอร์,SSD 1TB,3,2190,0,7358.4,3705.98,3652.42,ลูกค้าประจำ,เงินสด,3
ORD02013,2024-09-23,ภาคตะวันออก,จันทบุรี,Shopee,แฟชั่น,เสื้อยืด,1,290,0,290.0,183.79,106.21,ลูกค้าใหม่,บัตรเครดิต,2
ORD01536,2025-04-17,ภาคกลาง,นครปฐม,Shopee,เครื่องใช้ในบ้าน,กาต้มน้ำไฟฟ้า,3,590,0,1982.4,1107.71,874.69,ลูกค้าใหม่,เก็บเงินปลายทาง,2
ORD02668,2025-04-05,ภาคตะวันออก,ชลบุรี,หน้าร้าน,คอมพิวเตอร์,SSD 1TB,1,2190,0,2452.8,1326.59,1126.21,ลูกค้าประจำ,เงินสด,4
ORD02914,2025-03-21,ภาคกลาง,กรุงเทพมหานคร,Shopee,อิเล็กทรอนิกส์,สมาร์ทวอทช์,1,3490,0,3908.8,2028.93,1879.87,ลูกค้าประจำ,เก็บเงินปลายทาง,5
ORD01331,2025-12-26,ภาคตะวันออก,จันทบุรี,Lazada,เครื่องใช้ในบ้าน,เครื่องฟอกอากาศ,1,4990,0,5588.8,3595.54,1993.26,ลูกค้าประจำ,เงินสด,3
ORD02981,2025-10-16,ภาคกลาง,ปทุมธานี,หน้าร้าน,เครื่องใช้ในบ้าน,หม้อทอดไร้น้ำมัน,1,2590,0.05,2755.76,1574.61,1181.15,ลูกค้าประจำ,เงินสด,4
ORD02409,2024-04-14,ภาคกลาง,ปทุมธานี,Shopee,คอมพิวเตอร์,SSD 1TB,1,2190,0,2190.0,1296.29,893.71,ลูกค้าประจำ,บัตรเครดิต,4
ORD01813,2025-11-01,ภาคกลาง,นนทบุรี,หน้าร้าน,แฟชั่น,กระเป๋าเป้,4,990,0.05,4213.44,2589.29,1624.15,ลูกค้าใหม่,โอนผ่านแอป,4
ORD00944,2025-12-01,ภาคกลาง,นครปฐม,หน้าร้าน,แฟชั่น,กางเกงยีนส์,2,890,0.05,1893.92,1183.78,710.14,ลูกค้าประจำ,เก็บเงินปลายทาง,5
ORD00397,2024-12-10,ภาคกลาง,กรุงเทพมหานคร,หน้าร้าน,แฟชั่น,รองเท้าผ้าใบ,2,1890,0,3780.0,2805.09,974.91,ลูกค้าประจำ,บัตรเครดิต,1
ORD01241,2024-10-17,ภาคอีสาน,อุบลราชธานี,Lazada,ความงาม,เซรั่มบำรุงผิว,5,790,0,3950.0,2721.77,1228.23,ลูกค้าใหม่,โอนผ่านแอป,3
ORD02308,2024-06-29,ภาคตะวันออก,ระยอง,Shopee,แฟชั่น,เสื้อยืด,1,290,0,290.0,175.99,114.01,ลูกค้าประจำ,บัตรเครดิต,4
ORD01547,2025-06-19,ภาคเหนือ,เชียงใหม่,Lazada,คอมพิวเตอร์,SSD 1TB,1,2190,0.1,2207.52,1301.93,905.59,ลูกค้าใหม่,บัตรเครดิต,5
ORD01446,2025-02-27,ภาคกลาง,ปทุมธานี,LINE Shopping,เครื่องใช้ในบ้าน,เครื่องฟอกอากาศ,3,4990,0,16766.4,10465.02,6301.38,ลูกค้าประจำ,เงินสด,5
ORD01507,2024-01-18,ภาคตะวันออก,ระยอง,หน้าร้าน,แฟชั่น,รองเท้าผ้าใบ,1,1890,0.05,1795.5,1111.92,683.58,ลูกค้าประจำ,บัตรเครดิต,4
ORD02876,2025-07-19,ภาคกลาง,กรุงเทพมหานคร,Lazada,ความงาม,ครีมกันแดด,1,450,0,504.0,293.19,210.81,ลูกค้าใหม่,โอนผ่านแอป,2
ORD00263,2025-10-15,ภาคตะวันออก,ชลบุรี,หน้าร้าน,เครื่องใช้ในบ้าน,กาต้มน้ำไฟฟ้า,1,590,0.05,627.76,427.93,199.83,ลูกค้าใหม่,เก็บเงินปลายทาง,3
ORD00226,2025-12-03,ภาคอีสาน,นครราชสีมา,Lazada,ความงาม,ครีมกันแดด,1,450,0,504.0,255.71,248.29,ลูกค้าประจำ,เก็บเงินปลายทาง,4
ORD00023,2024-05-13,ภาคกลาง,กรุงเทพมหานคร,หน้าร้าน,แฟชั่น,กระเป๋าเป้,2,990,0.05,1881.0,1446.96,434.04,ลูกค้าประจำ,โอนผ่านแอป,4
ORD00129,2024-02-01,ภาคอีสาน,อุบลราชธานี,Shopee,เครื่องใช้ในบ้าน,กาต้มน้ำไฟฟ้า,4,590,0.15,2006.0,1489.68,516.32,ลูกค้าใหม่,เงินสด,3
ORD01471,2024-02-06,ภาคตะวันออก,จันทบุรี,Shopee,ความงาม,ครีมกันแดด,1,450,0.1,405.0,303.05,101.95,ลูกค้าใหม่,บัตรเครดิต,5
ORD00322,2024-12-17,ภาคเหนือ,พิษณุโลก,Lazada,อิเล็กทรอนิกส์,ลำโพงบลูทูธ,1,1590,0.05,1510.5,985.96,524.54,ลูกค้าประจำ,เงินสด,4
ORD00679,2025-02-02,ภาคใต้,สงขลา,Lazada,ความงาม,ลิปสติก,2,350,0.05,744.8,467.92,276.88,ลูกค้าใหม่,โอนผ่านแอป,5
ORD01162,2025-02-18,ภาคกลาง,ปทุมธานี,Shopee,ความงาม,เซรั่มบำรุงผิว,1,790,0,884.8,546.19,338.61,ลูกค้าประจำ,เก็บเงินปลายทาง,1
ORD02597,2025-04-12,ภาคกลาง,นครปฐม,Shopee,ความงาม,ลิปสติก,2,350,0,784.0,499.89,284.11,ลูกค้าประจำ,โอนผ่านแอป,5
ORD02147,2025-10-08,ภาคตะวันออก,ชลบุรี,หน้าร้าน,อิเล็กทรอนิกส์,หูฟังไร้สาย,1,1290,0.05,1372.56,876.15,496.41,ลูกค้าใหม่,โอนผ่านแอป,5
ORD02437,2024-10-10,ภาคอีสาน,อุบลราชธานี,Lazada,อิเล็กทรอนิกส์,สมาร์ทวอทช์,3,3490,0.1,9423.0,7698.04,1724.96,ลูกค้าประจำ,บัตรเครดิต,5
ORD00103,2024-11-13,ภาคอีสาน,อุดรธานี,LINE Shopping,แฟชั่น,กางเกงยีนส์,2,890,0,1780.0,1177.98,602.02,ลูกค้าประจำ,เงินสด,4
ORD02434,2024-01-01,ภาคใต้,ภูเก็ต,เว็บไซต์,ความงาม,ลิปสติก,1,350,0,350.0,224.18,125.82,ลูกค้าใหม่,เงินสด,4
ORD02555,2024-01-04,ภาคกลาง,กรุงเทพมหานคร,Shopee,เครื่องใช้ในบ้าน,กาต้มน้ำไฟฟ้า,1,590,0.15,501.5,379.65,121.85,ลูกค้าประจำ,โอนผ่านแอป,4
ORD00342,2024-11-02,ภาคกลาง,ปทุมธานี,หน้าร้าน,เครื่องใช้ในบ้าน,เครื่องฟอกอากาศ,3,4990,0.05,14221.5,9235.46,4986.04,ลูกค้าใหม่,บัตรเครดิต,4
ORD01334,2025-12-10,ภาคอีสาน,ขอนแก่น,Lazada,เครื่องใช้ในบ้าน,กาต้มน้ำไฟฟ้า,1,590,0,660.8,424.27,236.53,ลูกค้าใหม่,โอนผ่านแอป,3
ORD02796,2024-04-18,ภาคตะวันออก,ระยอง,Shopee,เครื่องใช้ในบ้าน,เครื่องฟอกอากาศ,3,4990,0,14970.0,8554.94,6415.06,ลูกค้าประจำ,โอนผ่านแอป,5
ORD00657,2025-07-29,ภาคเหนือ,พิษณุโลก,หน้าร้าน,คอมพิวเตอร์,คีย์บอร์ดแมคคานิคอล,1,2490,0,2788.8,1413.89,1374.91,ลูกค้าประจำ,โอนผ่านแอป,
ORD00378,2025-02-27,ภาคกลาง,ปทุมธานี,หน้าร้าน,เครื่องใช้ในบ้าน,เครื่องฟอกอากาศ,2,4990,0,11177.6,5826.83,5350.77,ลูกค้าประจำ,เก็บเงินปลายทาง,
ORD02477,2025-05-08,ภาคกลาง,นนทบุรี,Shopee,ความงาม,ครีมกันแดด,1,450,0.05,478.8,299.73,179.07,ลูกค้าประจำ,เงินสด,3
ORD02835,2024-12-15,ภาคเหนือ,เชียงใหม่,Lazada,ความงาม,ลิปสติก,1,350,0,350.0,242.81,107.19,ลูกค้าประจำ,เก็บเงินปลายทาง,4
ORD00279,2025-01-23,ภาคอีสาน,ขอนแก่น,หน้าร้าน,คอมพิวเตอร์,SSD 1TB,4,2190,0,9811.2,5590.09,4221.11,ลูกค้าใหม่,บัตรเครดิต,1
ORD00316,2024-12-27,ภาคกลาง,ปทุมธานี,หน้าร้าน,แฟชั่น,เสื้อยืด,1,290,0,290.0,172.84,117.16,ลูกค้าใหม่,โอนผ่านแอป,3
ORD00019,2025-03-05,ภาคอีสาน,นครราชสีมา,Lazada,เครื่องใช้ในบ้าน,เครื่องฟอกอากาศ,1,4990,0,5588.8,3009.58,2579.22,ลูกค้าประจำ,บัตรเครดิต,4
ORD00233,2025-12-25,ภาคอีสาน,ขอนแก่น,Shopee,คอมพิวเตอร์,คีย์บอร์ดแมคคานิคอล,1,2490,0,2788.8,1635.28,1153.52,ลูกค้าประจำ,โอนผ่านแอป,4
ORD00603,2024-09-02,ภาคกลาง,นนทบุรี,หน้าร้าน,คอมพิวเตอร์,SSD 1TB,3,2190,0,6570.0,4773.4,1796.6,ลูกค้าประจำ,โอนผ่านแอป,4
ORD02141,2024-05-14,ภาคกลาง,ปทุมธานี,เว็บไซต์,อิเล็กทรอนิกส์,หูฟังไร้สาย,1,1290,0.15,1096.5,856.86,239.64,ลูกค้าใหม่,เงินสด,3
ORD01504,2025-12-17,ภาคกลาง,กรุงเทพมหานคร,Shopee,คอมพิวเตอร์,เมาส์เกมมิ่ง,2,890,0.1,1794.24,1046.62,747.62,ลูกค้าใหม่,บัตรเครดิต,5
ORD00368,2025-12-20,ภาคตะวันออก,จันทบุรี,Shopee,คอมพิวเตอร์,คีย์บอร์ดแมคคานิคอล,1,2490,0.15,2370.48,1448.27,922.21,ลูกค้าประจำ,บัตรเครดิต,5
ORD00266,2024-11-07,ภาคกลาง,นครปฐม,Lazada,ความงาม,เซรั่มบำรุงผิว,1,790,0,790.0,557.57,232.43,ลูกค้าใหม่,โอนผ่านแอป,4
ORD00121,2024-12-12,ภาคกลาง,กรุงเทพมหานคร,เว็บไซต์,อิเล็กทรอนิกส์,พาวเวอร์แบงก์,1,690,0.15,586.5,417.96,168.54,ลูกค้าใหม่,โอนผ่านแอป,4
ORD02249,2025-05-22,ภาคตะวันออก,ชลบุรี,Lazada,อิเล็กทรอนิกส์,หูฟังไร้สาย,2,1290,0.1,2600.64,1830.5,770.14,ลูกค้าใหม่,บัตรเครดิต,5
ORD02926,2025-11-01,ภาคเหนือ,เชียงใหม่,หน้าร้าน,ความงาม,ครีมกันแดด,1,450,0,504.0,311.62,192.38,ลูกค้าใหม่,เงินสด,4
ORD02684,2024-02-17,ภาคกลาง,นครปฐม,เว็บไซต์,ความงาม,ลิปสติก,2,350,0.15,595.0,404.55,190.45,ลูกค้าใหม่,บัตรเครดิต,5
ORD01919,2024-04-27,ภาคอีสาน,นครราชสีมา,เว็บไซต์,อิเล็กทรอนิกส์,พาวเวอร์แบงก์,5,690,0.05,3277.5,2480.56,796.94,ลูกค้าใหม่,โอนผ่านแอป,5
ORD01916,2024-01-24,ภาคกลาง,นนทบุรี,เว็บไซต์,แฟชั่น,กางเกงยีนส์,3,890,0,2670.0,1546.6,1123.4,ลูกค้าใหม่,บัตรเครดิต,4
ORD02143,2025-12-25,ภาคเหนือ,เชียงราย,LINE Shopping,อิเล็กทรอนิกส์,สมาร์ทวอทช์,1,3490,0,3908.8,2079.43,1829.37,ลูกค้าประจำ,บัตรเครดิต,5
ORD02960,2024-12-27,ภาคกลาง,ปทุมธานี,LINE Shopping,แฟชั่น,กระเป๋าเป้,3,990,0.1,2673.0,2086.69,586.31,ลูกค้าประจำ,เงินสด,4
ORD00060,2024-02-22,ภาคเหนือ,พิษณุโลก,Shopee,เครื่องใช้ในบ้าน,เครื่องฟอกอากาศ,3,4990,0,14970.0,11147.1,3822.9,ลูกค้าประจำ,โอนผ่านแอป,4
ORD02871,2025-11-06,ภาคเหนือ,เชียงราย,Lazada,ความงาม,ครีมกันแดด,4,450,0,2016.0,1314.55,701.45,ลูกค้าใหม่,เงินสด,4
ORD02498,2024-12-20,ภาคกลาง,นนทบุรี,เว็บไซต์,แฟชั่น,กางเกงยีนส์,4,890,0.05,3382.0,2385.2,996.8,ลูกค้าประจำ,โอนผ่านแอป,4
ORD02398,2025-07-23,ภาคกลาง,กรุงเทพมหานคร,Lazada,เครื่องใช้ในบ้าน,เครื่องฟอกอากาศ,1,4990,0.15,4750.48,3111.77,1638.71,ลูกค้าประจำ,เก็บเงินปลายทาง,3
ORD00457,2024-01-30,ภาคกลาง,ปทุมธานี,เว็บไซต์,คอมพิวเตอร์,SSD 1TB,2,2190,0,4380.0,3063.45,1316.55,ลูกค้าใหม่,เงินสด,4
ORD02919,2024-11-21,ภาคอีสาน,อุดรธานี,หน้าร้าน,แฟชั่น,กางเกงยีนส์,1,890,0,890.0,604.87,285.13,ลูกค้าประจำ,เงินสด,4
ORD01078,2025-12-18,ภาคใต้,สุราษฎร์ธานี,Shopee,ความงาม,ครีมกันแดด,1,450,0,504.0,332.92,171.08,ลูกค้าประจำ,เงินสด,4
ORD02375,2024-11-25,ภาคกลาง,นนทบุรี,Shopee,แฟชั่น,เสื้อยืด,2,290,0.05,551.0,403.45,147.55,ลูกค้าประจำ,บัตรเครดิต,5
ORD01255,2025-06-20,ภาคกลาง,ปทุมธานี,เว็บไซต์,คอมพิวเตอร์,SSD 1TB,1,2190,0,2452.8,1574.48,878.32,ลูกค้าประจำ,โอนผ่านแอป,5
ORD00973,2024-10-13,ภาคอีสาน,ขอนแก่น,เว็บไซต์,เครื่องใช้ในบ้าน,กาต้มน้ำไฟฟ้า,1,590,0,590.0,440.5,149.5,ลูกค้าใหม่,เก็บเงินปลายทาง,3
ORD02369,2025-12-23,ภาคใต้,ภูเก็ต,Lazada,คอมพิวเตอร์,"จอมอนิเตอร์ 24""",2,4290,0.1,8648.64,5065.62,3583.02,ลูกค้าประจำ,เก็บเงินปลายทาง,5
ORD01664,2025-10-12,ภาคกลาง,นครปฐม,LINE Shopping,คอมพิวเตอร์,SSD 1TB,1,2190,0,2452.8,1325.3,1127.5,ลูกค้าใหม่,เก็บเงินปลายทาง,3
ORD01544,2025-08-11,ภาคกลาง,กรุงเทพมหานคร,Lazada,แฟชั่น,รองเท้าผ้าใบ,2,1890,0.15,3598.56,2729.36,869.2,ลูกค้าประจำ,โอนผ่านแอป,4
ORD01174,2025-11-08,ภาคอีสาน,อุดรธานี,หน้าร้าน,คอมพิวเตอร์,"จอมอนิเตอร์ 24""",1,4290,0.05,4564.56,2710.54,1854.02,ลูกค้าประจำ,เก็บเงินปลายทาง,5
ORD01479,2024-06-25,ภาคอีสาน,ขอนแก่น,หน้าร้าน,คอมพิวเตอร์,เมาส์เกมมิ่ง,1,890,0.05,845.5,535.64,309.86,ลูกค้าประจำ,บัตรเครดิต,3
ORD01933,2024-11-11,ภาคกลาง,นนทบุรี,Shopee,เครื่องใช้ในบ้าน,หม้อทอดไร้น้ำมัน,1,2590,0,2590.0,1564.24,1025.76,ลูกค้าประจำ,เก็บเงินปลายทาง,4
ORD01500,2025-11-27,ภาคเหนือ,พิษณุโลก,หน้าร้าน,ความงาม,ลิปสติก,1,350,0.05,372.4,206.05,166.35,ลูกค้าประจำ,บัตรเครดิต,3
ORD02866,2025-07-21,ภาคกลาง,กรุงเทพมหานคร,LINE Shopping,แฟชั่น,กางเกงยีนส์,2,890,0,1993.6,1162.04,831.56,ลูกค้าใหม่,โอนผ่านแอป,5
ORD02436,2024-06-01,ภาคกลาง,ปทุมธานี,Lazada,อิเล็กทรอนิกส์,หูฟังไร้สาย,2,1290,0.1,2322.0,1558.77,763.23,ลูกค้าประจำ,โอนผ่านแอป,5
ORD00329,2025-06-06,ภาคกลาง,ปทุมธานี,Shopee,คอมพิวเตอร์,เมาส์เกมมิ่ง,1,890,0,996.8,504.96,491.84,ลูกค้าประจำ,บัตรเครดิต,5
ORD01820,2025-02-03,ภาคกลาง,นครปฐม,เว็บไซต์,คอมพิวเตอร์,เมาส์เกมมิ่ง,2,890,0,1993.6,1016.46,977.14,ลูกค้าประจำ,บัตรเครดิต,3
ORD02426,2024-12-14,ภาคอีสาน,อุดรธานี,เว็บไซต์,เครื่องใช้ในบ้าน,เครื่องฟอกอากาศ,2,4990,0.05,9481.0,5512.06,3968.94,ลูกค้าประจำ,เงินสด,4
ORD02367,2024-06-15,ภาคตะวันออก,ชลบุรี,หน้าร้าน,ความงาม,ลิปสติก,1,350,0.05,332.5,252.16,80.34,ลูกค้าใหม่,เงินสด,4
ORD02877,2025-08-23,ภาคอีสาน,,Lazada,คอมพิวเตอร์,เมาส์เกมมิ่ง,3,890,0.1,2691.36,1470.41,1220.95,ลูกค้าประจำ,เก็บเงินปลายทาง,3
ORD00474,2025-12-05,ภาคกลาง,นครปฐม,หน้าร้าน,ความงาม,ครีมกันแดด,1,450,0,504.0,283.91,220.09,ลูกค้าประจำ,เก็บเงินปลายทาง,5
ORD02056,2025-09-13,ภาคกลาง,ปทุมธานี,หน้าร้าน,ความงาม,ครีมกันแดด,1,450,0.05,478.8,334.98,143.82,ลูกค้าประจำ,บัตรเครดิต,3
ORD02699,2024-11-26,ภาคเหนือ,พิษณุโลก,Shopee,เครื่องใช้ในบ้าน,หม้อทอดไร้น้ำมัน,1,2590,0,2590.0,1586.83,1003.17,ลูกค้าประจำ,บัตรเครดิต,2
ORD01214,2025-04-08,ภาคอีสาน,อุบลราชธานี,Lazada,คอมพิวเตอร์,SSD 1TB,2,2190,0.1,4415.04,3234.71,1180.33,ลูกค้าประจำ,เก็บเงินปลายทาง,5
ORD00924,2024-11-12,ภาคกลาง,กรุงเทพมหานคร,Shopee,ความงาม,ลิปสติก,3,350,0,1050.0,682.25,367.75,ลูกค้าประจำ,โอนผ่านแอป,5
ORD00384,2024-11-05,ภาคตะวันออก,ชลบุรี,Shopee,ความงาม,เซรั่มบำรุงผิว,3,790,0.05,2251.5,1725.55,525.95,ลูกค้าประจำ,บัตรเครดิต,3
ORD01790,2024-08-01,ภาคกลาง,นนทบุรี,LINE Shopping,แฟชั่น,รองเท้าผ้าใบ,1,1890,0.1,1701.0,1383.48,317.52,ลูกค้าประจำ,โอนผ่านแอป,3
ORD01295,2025-11-18,ภาคใต้,สงขลา,Lazada,ความงาม,เซรั่มบำรุงผิว,1,790,0.05,840.56,580.17,260.39,ลูกค้าประจำ,เก็บเงินปลายทาง,5
ORD01804,2024-07-02,ภาคกลาง,ปทุมธานี,Lazada,อิเล็กทรอนิกส์,พาวเวอร์แบงก์,3,690,0,2070.0,1461.21,608.79,ลูกค้าประจำ,เก็บเงินปลายทาง,4
ORD00315,2024-09-26,ภาคอีสาน,อุบลราชธานี,Shopee,แฟชั่น,กระเป๋าเป้,1,990,0,990.0,646.8,343.2,ลูกค้าประจำ,โอนผ่านแอป,4
ORD02963,2024-04-05,ภาคอีสาน,อุดรธานี,หน้าร้าน,คอมพิวเตอร์,คีย์บอร์ดแมคคานิคอล,2,2490,0,4980.0,3576.77,1403.23,ลูกค้าประจำ,เก็บเงินปลายทาง,5
ORD01848,2025-10-31,ภาคกลาง,ปทุมธานี,Shopee,เครื่องใช้ในบ้าน,เครื่องฟอกอากาศ,3,4990,0.15,14251.44,8361.74,5889.7,ลูกค้าประจำ,,3
ORD00147,2024-02-07,ภาคกลาง,กรุงเทพมหานคร,LINE Shopping,แฟชั่น,กางเกงยีนส์,4,890,0,3560.0,2582.24,977.76,ลูกค้าใหม่,เงินสด,5
ORD02215,2024-05-09,ภาคใต้,ภูเก็ต,LINE Shopping,อิเล็กทรอนิกส์,สมาร์ทวอทช์,1,3490,0.05,3315.5,2606.97,708.53,ลูกค้าใหม่,เงินสด,5
ORD01703,2024-11-10,ภาคกลาง,ปทุมธานี,หน้าร้าน,คอมพิวเตอร์,"จอมอนิเตอร์ 24""",1,4290,0,4290.0,2773.19,1516.81,ลูกค้าประจำ,เงินสด,1
ORD00549,2024-10-21,ภาคเหนือ,พิษณุโลก,Shopee,แฟชั่น,กางเกงยีนส์,1,890,0.15,756.5,549.87,206.63,ลูกค้าประจำ,เก็บเงินปลายทาง,3
ORD02734,2024-07-06,ภาคอีสาน,ขอนแก่น,Shopee,คอมพิวเตอร์,เมาส์เกมมิ่ง,2,890,0.15,1513.0,1092.99,420.01,ลูกค้าใหม่,เงินสด,5
ORD02739,2024-11-22,ภาคอีสาน,ขอนแก่น,เว็บไซต์,เครื่องใช้ในบ้าน,หม้อทอดไร้น้ำมัน,2,2590,0,5180.0,3001.87,2178.13,ลูกค้าประจำ,เงินสด,3
ORD01049,2025-09-27,ภาคกลาง,นนทบุรี,เว็บไซต์,เครื่องใช้ในบ้าน,เครื่องฟอกอากาศ,1,4990,0.1,5029.92,2944.16,2085.76,ลูกค้าประจำ,เงินสด,4
ORD00254,2025-12-09,ภาคอีสาน,อุดรธานี,เว็บไซต์,ความงาม,ลิปสติก,1,350,0.05,372.4,244.37,128.03,ลูกค้าประจำ,โอนผ่านแอป,2
ORD00765,2024-08-30,ภาคกลาง,กรุงเทพมหานคร,หน้าร้าน,ความงาม,ครีมกันแดด,4,450,0,1800.0,1003.32,796.68,ลูกค้าใหม่,เงินสด,2
ORD02756,2025-11-20,ภาคอีสาน,ขอนแก่น,เว็บไซต์,คอมพิวเตอร์,คีย์บอร์ดแมคคานิคอล,2,2490,0.05,5298.72,3627.18,1671.54,ลูกค้าใหม่,บัตรเครดิต,2
ORD00320,2025-08-19,ภาคกลาง,กรุงเทพมหานคร,Shopee,ความงาม,เซรั่มบำรุงผิว,1,790,0.05,840.56,528.75,311.81,ลูกค้าใหม่,เก็บเงินปลายทาง,3
ORD01978,2025-03-07,ภาคตะวันออก,จันทบุรี,หน้าร้าน,เครื่องใช้ในบ้าน,เครื่องฟอกอากาศ,1,4990,0,5588.8,3120.85,2467.95,ลูกค้าใหม่,เก็บเงินปลายทาง,5
ORD01348,2025-08-25,ภาคอีสาน,อุบลราชธานี,Lazada,อิเล็กทรอนิกส์,หูฟังไร้สาย,1,1290,0,1444.8,827.42,617.38,ลูกค้าประจำ,เงินสด,4
ORD02155,2025-11-26,ภาคเหนือ,เชียงใหม่,หน้าร้าน,อิเล็กทรอนิกส์,หูฟังไร้สาย,2,1290,0,2889.6,1623.34,1266.26,ลูกค้าใหม่,บัตรเครดิต,4
ORD02494,2024-11-20,ภาคตะวันออก,ชลบุรี,หน้าร้าน,ความงาม,เซรั่มบำรุงผิว,1,790,0.05,750.5,564.46,186.04,ลูกค้าประจำ,บัตรเครดิต,5
ORD01832,2024-08-13,ภาคกลาง,นครปฐม,Lazada,แฟชั่น,เสื้อยืด,1,290,0.1,261.0,161.1,99.9,ลูกค้าประจำ,โอนผ่านแอป,4
ORD01466,2025-05-02,ภาคอีสาน,นครราชสีมา,Shopee,เครื่องใช้ในบ้าน,เครื่องฟอกอากาศ,1,4990,0.1,5029.92,3678.34,1351.58,ลูกค้าประจำ,เงินสด,4
ORD01855,2024-11-10,ภาคกลาง,นนทบุรี,หน้าร้าน,เครื่องใช้ในบ้าน,กาต้มน้ำไฟฟ้า,4,590,0,2360.0,1587.46,772.54,ลูกค้าประจำ,,5
ORD01865,2024-12-04,ภาคตะวันออก,จันทบุรี,เว็บไซต์,แฟชั่น,เสื้อยืด,1,290,0.05,275.5,175.84,99.66,ลูกค้าประจำ,เก็บเงินปลายทาง,3
ORD00723,2025-08-05,ภาคกลาง,นครปฐม,Lazada,คอมพิวเตอร์,SSD 1TB,2,2190,0.15,4169.76,3240.12,929.64,ลูกค้าประจำ,บัตรเครดิต,4
ORD00637,2025-09-12,ภาคกลาง,ปทุมธานี,Lazada,แฟชั่น,กางเกงยีนส์,1,890,0,996.8,658.78,338.02,ลูกค้าใหม่,โอนผ่านแอป,4
ORD02380,2025-11-20,ภาคใต้,สงขลา,เว็บไซต์,แฟชั่น,รองเท้าผ้าใบ,1,1890,0.05,2010.96,1175.75,835.21,ลูกค้าใหม่,โอนผ่านแอป,4
ORD00275,2024-04-02,ภาคกลาง,กรุงเทพมหานคร,Shopee,อิเล็กทรอนิกส์,สมาร์ทวอทช์,2,3490,0,6980.0,4207.72,2772.28,ลูกค้าใหม่,โอนผ่านแอป,5
ORD02275,2024-12-08,ภาคกลาง,นนทบุรี,เว็บไซต์,อิเล็กทรอนิกส์,พาวเวอร์แบงก์,1,690,0,690.0,503.38,186.62,ลูกค้าประจำ,โอนผ่านแอป,5
ORD01058,2024-02-06,ภาคอีสาน,นครราชสีมา,Shopee,อิเล็กทรอนิกส์,สมาร์ทวอทช์,2,3490,0,6980.0,4549.77,2430.23,ลูกค้าใหม่,โอนผ่านแอป,4
ORD02932,2024-10-19,ภาคอีสาน,อุดรธานี,Shopee,อิเล็กทรอนิกส์,สมาร์ทวอทช์,1,3490,0.15,2966.5,2445.65,520.85,ลูกค้าประจำ,เก็บเงินปลายทาง,4
ORD01425,2024-05-03,ภาคใต้,ภูเก็ต,หน้าร้าน,คอมพิวเตอร์,SSD 1TB,1,2190,0,2190.0,1272.82,917.18,ลูกค้าใหม่,โอนผ่านแอป,5
ORD00552,2024-12-14,ภาคกลาง,กรุงเทพมหานคร,Shopee,คอมพิวเตอร์,เมาส์เกมมิ่ง,2,890,0,1780.0,1258.42,521.58,ลูกค้าประจำ,บัตรเครดิต,5
ORD02128,2025-01-18,ภาคใต้,สุราษฎร์ธานี,หน้าร้าน,คอมพิวเตอร์,SSD 1TB,1,2190,0,2452.8,1462.6,990.2,ลูกค้าประจำ,เก็บเงินปลายทาง,2
ORD00446,2025-12-21,ภาคกลาง,กรุงเทพมหานคร,Shopee,ความงาม,ครีมกันแดด,5,450,0,2520.0,1550.65,969.35,ลูกค้าประจำ,บัตรเครดิต,4
ORD02986,2025-08-01,ภาคกลาง,กรุงเทพมหานคร,หน้าร้าน,เครื่องใช้ในบ้าน,เครื่องฟอกอากาศ,1,4990,0,5588.8,3383.43,2205.37,ลูกค้าใหม่,บัตรเครดิต,4
ORD00776,2025-01-26,ภาคเหนือ,พิษณุโลก,Shopee,เครื่องใช้ในบ้าน,หม้อทอดไร้น้ำมัน,1,2590,0.1,2610.72,1739.16,871.56,ลูกค้าประจำ,เงินสด,4
ORD01645,2025-01-26,ภาคกลาง,กรุงเทพมหานคร,Shopee,คอมพิวเตอร์,คีย์บอร์ดแมคคานิคอล,2,2490,0.1,5019.84,3167.28,1852.56,ลูกค้าใหม่,เงินสด,3
ORD02520,2024-06-19,ภาคอีสาน,ขอนแก่น,Shopee,แฟชั่น,กระเป๋าเป้,1,990,0.15,841.5,609.3,232.2,ลูกค้าประจำ,เก็บเงินปลายทาง,4
ORD02402,2024-11-07,ภาคเหนือ,พิษณุโลก,หน้าร้าน,ความงาม,ลิปสติก,2,350,0,700.0,456.97,243.03,ลูกค้าใหม่,บัตรเครดิต,3
ORD02602,2025-12-06,ภาคตะวันออก,ชลบุรี,Shopee,อิเล็กทรอนิกส์,หูฟังไร้สาย,2,1290,0,2889.6,1474.34,1415.26,ลูกค้าประจำ,เก็บเงินปลายทาง,3
ORD00544,2025-12-07,ภาคใต้,ภูเก็ต,หน้าร้าน,อิเล็กทรอนิกส์,พาวเวอร์แบงก์,1,690,0,772.8,475.55,297.25,ลูกค้าประจำ,โอนผ่านแอป,4
ORD02229,2024-11-23,ภาคอีสาน,นครราชสีมา,หน้าร้าน,ความงาม,เซรั่มบำรุงผิว,1,790,0,790.0,587.79,202.21,ลูกค้าประจำ,บัตรเครดิต,5
ORD01230,2025-05-22,ภาคตะวันออก,ระยอง,เว็บไซต์,แฟชั่น,เสื้อยืด,1,290,0.15,276.08,191.12,84.96,ลูกค้าใหม่,เงินสด,5
ORD00224,2024-05-13,ภาคกลาง,นนทบุรี,Lazada,เครื่องใช้ในบ้าน,เครื่องฟอกอากาศ,2,4990,0,9980.0,6392.7,3587.3,ลูกค้าใหม่,โอนผ่านแอป,3
ORD01000,2025-07-28,ภาคกลาง,นนทบุรี,Shopee,แฟชั่น,รองเท้าผ้าใบ,3,1890,0.1,5715.36,4061.15,1654.21,ลูกค้าประจำ,บัตรเครดิต,5
ORD02464,2024-11-08,ภาคอีสาน,นครราชสีมา,หน้าร้าน,เครื่องใช้ในบ้าน,เครื่องฟอกอากาศ,1,4990,0,4990.0,2927.56,2062.44,ลูกค้าประจำ,บัตรเครดิต,4
ORD00119,2024-12-01,ภาคกลาง,ปทุมธานี,Shopee,ความงาม,ลิปสติก,1,350,0,350.0,223.8,126.2,ลูกค้าประจำ,เก็บเงินปลายทาง,4
ORD02052,2025-10-08,ภาคอีสาน,อุดรธานี,Shopee,อิเล็กทรอนิกส์,หูฟังไร้สาย,1,1290,0,1444.8,880.31,564.49,ลูกค้าประจำ,โอนผ่านแอป,4
ORD02158,2024-06-19,ภาคตะวันออก,จันทบุรี,หน้าร้าน,เครื่องใช้ในบ้าน,เครื่องฟอกอากาศ,2,4990,0,9980.0,5510.15,4469.85,ลูกค้าใหม่,เงินสด,4
ORD01512,2024-11-10,ภาคกลาง,นครปฐม,เว็บไซต์,ความงาม,เซรั่มบำรุงผิว,2,790,0.1,1422.0,939.42,482.58,ลูกค้าใหม่,เงินสด,5
ORD02860,2025-12-30,ภาคตะวันออก,ชลบุรี,Shopee,คอมพิวเตอร์,คีย์บอร์ดแมคคานิคอล,1,2490,0.05,2649.36,1461.84,1187.52,ลูกค้าประจำ,บัตรเครดิต,5
ORD02794,2024-12-12,ภาคกลาง,กรุงเทพมหานคร,หน้าร้าน,อิเล็กทรอนิกส์,พาวเวอร์แบงก์,1,690,0.05,655.5,510.08,145.42,ลูกค้าใหม่,เงินสด,4
ORD01447,2024-11-08,ภาคกลาง,ปทุมธานี,Shopee,ความงาม,ลิปสติก,1,350,0.15,297.5,258.63,38.87,ลูกค้าใหม่,เก็บเงินปลายทาง,4
ORD00905,2024-11-26,ภาคกลาง,นนทบุรี,Shopee,คอมพิวเตอร์,"จอมอนิเตอร์ 24""",1,4290,0.15,3646.5,2632.48,1014.02,ลูกค้าใหม่,บัตรเครดิต,3
ORD01591,2024-08-18,ภาคอีสาน,อุดรธานี,Shopee,เครื่องใช้ในบ้าน,กาต้มน้ำไฟฟ้า,3,590,0,1770.0,1229.8,540.2,ลูกค้าประจำ,เก็บเงินปลายทาง,4
ORD02596,2025-04-15,ภาคเหนือ,พิษณุโลก,Lazada,อิเล็กทรอนิกส์,ลำโพงบลูทูธ,3,1590,0,5342.4,2885.08,2457.32,ลูกค้าประจำ,บัตรเครดิต,5
ORD02798,2024-11-08,ภาคใต้,สุราษฎร์ธานี,Shopee,เครื่องใช้ในบ้าน,กาต้มน้ำไฟฟ้า,2,590,0,1180.0,686.95,493.05,ลูกค้าใหม่,บัตรเครดิต,4
ORD01199,2024-12-08,ภาคกลาง,ปทุมธานี,Lazada,คอมพิวเตอร์,คีย์บอร์ดแมคคานิคอล,5,2490,0,12450.0,8910.53,3539.47,ลูกค้าประจำ,เงินสด,4
ORD01530,2024-06-12,ภาคกลาง,ปทุมธานี,Lazada,ความงาม,ครีมกันแดด,1,450,0.15,382.5,250.17,132.33,ลูกค้าประจำ,เงินสด,5
ORD02951,2024-11-23,ภาคอีสาน,อุดรธานี,Shopee,แฟชั่น,กางเกงยีนส์,1,890,0.15,756.5,498.7,257.8,ลูกค้าประจำ,เก็บเงินปลายทาง,4
ORD02838,2025-04-23,ภาคกลาง,ปทุมธานี,Shopee,อิเล็กทรอนิกส์,หูฟังไร้สาย,4,1290,0,5779.2,3303.17,2476.03,ลูกค้าใหม่,เก็บเงินปลายทาง,5
ORD00332,2024-09-20,ภาคใต้,ภูเก็ต,LINE Shopping,ความงาม,เซรั่มบำรุงผิว,2,790,0.1,1422.0,1021.83,400.17,ลูกค้าประจำ,เก็บเงินปลายทาง,5
ORD02268,2025-11-05,ภาคกลาง,ปทุมธานี,Shopee,คอมพิวเตอร์,คีย์บอร์ดแมคคานิคอล,2,2490,0,5577.6,3123.66,2453.94,ลูกค้าประจำ,บัตรเครดิต,3
ORD00150,2024-12-11,ภาคตะวันออก,ระยอง,เว็บไซต์,อิเล็กทรอนิกส์,สมาร์ทวอทช์,1,3490,0,3490.0,2585.42,904.58,ลูกค้าประจำ,เงินสด,4
ORD01279,2025-09-12,ภาคอีสาน,ขอนแก่น,หน้าร้าน,อิเล็กทรอนิกส์,หูฟังไร้สาย,1,1290,0,1444.8,720.3,724.5,ลูกค้าประจำ,บัตรเครดิต,5
ORD00489,2024-02-13,ภาคกลาง,ปทุมธานี,หน้าร้าน,ความงาม,ลิปสติก,1,350,0,350.0,195.53,154.47,ลูกค้าประจำ,เงินสด,5
ORD00595,2024-12-17,ภาคกลาง,นนทบุรี,Shopee,คอมพิวเตอร์,เมาส์เกมมิ่ง,1,890,0,890.0,595.03,294.97,ลูกค้าประจำ,โอนผ่านแอป,4
ORD02918,2025-02-12,ภาคตะวันออก,จันทบุรี,Lazada,เครื่องใช้ในบ้าน,เครื่องฟอกอากาศ,1,4990,0,5588.8,3671.03,1917.77,ลูกค้าประจำ,เก็บเงินปลายทาง,5
ORD00091,2025-04-09,ภาคกลาง,กรุงเทพมหานคร,Lazada,เครื่องใช้ในบ้าน,กาต้มน้ำไฟฟ้า,2,590,0,1321.6,686.15,635.45,ลูกค้าประจำ,บัตรเครดิต,4
ORD02971,2025-02-04,ภาคกลาง,ปทุมธานี,หน้าร้าน,เครื่องใช้ในบ้าน,เครื่องฟอกอากาศ,1,4990,0,5588.8,3500.83,2087.97,ลูกค้าใหม่,เก็บเงินปลายทาง,4
ORD01753,2025-12-24,ภาคเหนือ,เชียงใหม่,Lazada,แฟชั่น,เสื้อยืด,3,290,0.1,876.96,503.09,373.87,ลูกค้าใหม่,เก็บเงินปลายทาง,2
ORD00636,2024-05-24,ภาคกลาง,นนทบุรี,หน้าร้าน,คอมพิวเตอร์,คีย์บอร์ดแมคคานิคอล,1,2490,0.05,2365.5,1602.1,763.4,ลูกค้าประจำ,โอนผ่านแอป,4
ORD00504,2024-04-27,ภาคกลาง,นครปฐม,Lazada,เครื่องใช้ในบ้าน,หม้อทอดไร้น้ำมัน,1,2590,0.1,2331.0,1691.15,639.85,ลูกค้าใหม่,เก็บเงินปลายทาง,4
ORD00704,2025-06-30,ภาคกลาง,นนทบุรี,หน้าร้าน,คอมพิวเตอร์,"จอมอนิเตอร์ 24""",4,4290,0,19219.2,11642.76,7576.44,ลูกค้าประจำ,โอนผ่านแอป,4
ORD02949,2025-12-14,ภาคกลาง,นครปฐม,หน้าร้าน,แฟชั่น,กระเป๋าเป้,2,990,0.05,2106.72,1479.91,626.81,ลูกค้าประจำ,เงินสด,4
ORD02140,2025-05-15,ภาคกลาง,กรุงเทพมหานคร,Shopee,เครื่องใช้ในบ้าน,หม้อทอดไร้น้ำมัน,1,2590,0.1,2610.72,1495.72,1115.0,ลูกค้าใหม่,บัตรเครดิต,4
ORD01968,2024-12-13,ภาคกลาง,นนทบุรี,หน้าร้าน,ความงาม,เซรั่มบำรุงผิว,1,790,0,790.0,519.1,270.9,ลูกค้าใหม่,โอนผ่านแอป,3
ORD02606,2024-12-24,ภาคกลาง,ปทุมธานี,Lazada,ความงาม,เซรั่มบำรุงผิว,1,790,0,790.0,445.61,344.39,ลูกค้าประจำ,โอนผ่านแอป,3
ORD00574,2025-06-30,ภาคกลาง,กรุงเทพมหานคร,หน้าร้าน,อิเล็กทรอนิกส์,ลำโพงบลูทูธ,3,1590,0,5342.4,2795.7,2546.7,ลูกค้าประจำ,บัตรเครดิต,4
ORD00876,2025-10-19,ภาคกลาง,นครปฐม,LINE Shopping,เครื่องใช้ในบ้าน,เครื่องฟอกอากาศ,2,4990,0,11177.6,7211.92,3965.68,ลูกค้าประจำ,เก็บเงินปลายทาง,4
ORD02743,2025-12-03,ภาคตะวันออก,ชลบุรี,Shopee,คอมพิวเตอร์,เมาส์เกมมิ่ง,1,890,0,996.8,630.47,366.33,ลูกค้าประจำ,บัตรเครดิต,5
ORD02662,2024-12-23,ภาคใต้,สุราษฎร์ธานี,เว็บไซต์,เครื่องใช้ในบ้าน,เครื่องฟอกอากาศ,2,4990,0,9980.0,6662.05,3317.95,ลูกค้าประจำ,บัตรเครดิต,4
ORD02752,2024-10-07,ภาคกลาง,กรุงเทพมหานคร,เว็บไซต์,แฟชั่น,กระเป๋าเป้,3,990,0.05,2821.5,1880.66,940.84,ลูกค้าประจำ,บัตรเครดิต,3
ORD02782,2025-08-27,ภาคใต้,สงขลา,เว็บไซต์,แฟชั่น,รองเท้าผ้าใบ,3,1890,0,6350.4,3669.44,2680.96,ลูกค้าประจำ,บัตรเครดิต,5
ORD02461,2024-08-01,ภาคกลาง,นครปฐม,หน้าร้าน,แฟชั่น,รองเท้าผ้าใบ,2,1890,0,3780.0,2427.68,1352.32,ลูกค้าประจำ,บัตรเครดิต,4
ORD00065,2025-12-13,ภาคตะวันออก,ชลบุรี,หน้าร้าน,คอมพิวเตอร์,SSD 1TB,5,2190,0.05,11650.8,6749.57,4901.23,ลูกค้าประจำ,เก็บเงินปลายทาง,3
ORD02134,2024-12-24,ภาคตะวันออก,ระยอง,LINE Shopping,ความงาม,ครีมกันแดด,1,450,0.05,427.5,315.91,111.59,ลูกค้าประจำ,บัตรเครดิต,4
ORD00250,2025-11-27,ภาคอีสาน,อุบลราชธานี,Lazada,ความงาม,เซรั่มบำรุงผิว,1,790,0,884.8,448.25,436.55,ลูกค้าประจำ,บัตรเครดิต,
ORD02848,2024-06-08,ภาคตะวันออก,ชลบุรี,หน้าร้าน,แฟชั่น,รองเท้าผ้าใบ,3,1890,0,5670.0,3689.45,1980.55,ลูกค้าใหม่,เงินสด,3
ORD01674,2025-06-05,ภาคกลาง,ปทุมธานี,Shopee,ความงาม,ลิปสติก,4,350,0.1,1411.2,813.1,598.1,ลูกค้าประจำ,โอนผ่านแอป,5
ORD01927,2025-06-22,ภาคอีสาน,อุบลราชธานี,เว็บไซต์,อิเล็กทรอนิกส์,หูฟังไร้สาย,2,1290,0.15,2456.16,1502.32,953.84,ลูกค้าใหม่,โอนผ่านแอป,3
ORD02189,2024-02-04,ภาคกลาง,ปทุมธานี,หน้าร้าน,คอมพิวเตอร์,SSD 1TB,1,2190,0,2190.0,1472.34,717.66,ลูกค้าใหม่,โอนผ่านแอป,1
ORD00678,2024-11-09,ภาคใต้,ภูเก็ต,Lazada,อิเล็กทรอนิกส์,สมาร์ทวอทช์,2,3490,0.1,6282.0,4217.39,2064.61,ลูกค้าประจำ,โอนผ่านแอป,4
ORD00604,2025-12-12,ภาคอีสาน,นครราชสีมา,Shopee,คอมพิวเตอร์,เมาส์เกมมิ่ง,2,890,0.1,1794.24,1083.73,710.51,ลูกค้าใหม่,เงินสด,4
ORD01312,2025-11-13,ภาคกลาง,นนทบุรี,Lazada,เครื่องใช้ในบ้าน,กาต้มน้ำไฟฟ้า,2,590,0.05,1255.52,713.95,541.57,ลูกค้าใหม่,โอนผ่านแอป,4
ORD00466,2024-02-26,ภาคตะวันออก,ระยอง,เว็บไซต์,เครื่องใช้ในบ้าน,หม้อทอดไร้น้ำมัน,1,2590,0.1,2331.0,1445.67,885.33,ลูกค้าใหม่,เงินสด,4
ORD00582,2025-11-09,ภาคกลาง,นครปฐม,Shopee,แฟชั่น,รองเท้าผ้าใบ,1,1890,0.15,1799.28,1388.11,411.17,ลูกค้าใหม่,เงินสด,5
ORD02286,2024-02-10,ภาคอีสาน,อุดรธานี,หน้าร้าน,อิเล็กทรอนิกส์,ลำโพงบลูทูธ,3,1590,0,4770.0,2838.09,1931.91,ลูกค้าประจำ,เก็บเงินปลายทาง,4
ORD00832,2024-02-03,ภาคกลาง,นครปฐม,LINE Shopping,อิเล็กทรอนิกส์,หูฟังไร้สาย,4,1290,0.1,4644.0,3357.61,1286.39,ลูกค้าประจำ,เงินสด,5
ORD02631,2025-04-16,ภาคอีสาน,,Lazada,คอมพิวเตอร์,"จอมอนิเตอร์ 24""",3,4290,0.05,13693.68,7840.45,5853.23,ลูกค้าใหม่,โอนผ่านแอป,4
ORD01068,2025-05-05,ภาคกลาง,กรุงเทพมหานคร,เว็บไซต์,เครื่องใช้ในบ้าน,หม้อทอดไร้น้ำมัน,1,2590,0,2900.8,1940.34,960.46,ลูกค้าประจำ,เก็บเงินปลายทาง,4
ORD01863,2025-02-12,ภาคกลาง,นนทบุรี,เว็บไซต์,ความงาม,เซรั่มบำรุงผิว,1,790,0.05,840.56,570.33,270.23,ลูกค้าใหม่,เงินสด,4
ORD01892,2025-11-23,ภาคเหนือ,เชียงใหม่,หน้าร้าน,เครื่องใช้ในบ้าน,หม้อทอดไร้น้ำมัน,1,2590,0.05,2755.76,1529.93,1225.83,ลูกค้าประจำ,เก็บเงินปลายทาง,5
ORD01517,2024-02-26,ภาคกลาง,ปทุมธานี,หน้าร้าน,อิเล็กทรอนิกส์,สมาร์ทวอทช์,1,3490,0,3490.0,2236.47,1253.53,ลูกค้าประจำ,บัตรเครดิต,4
ORD02828,2024-03-19,ภาคกลาง,กรุงเทพมหานคร,เว็บไซต์,ความงาม,ลิปสติก,3,350,0,1050.0,580.96,469.04,ลูกค้าประจำ,เงินสด,5
ORD02094,2025-01-08,ภาคใต้,,เว็บไซต์,ความงาม,ลิปสติก,1,350,0,392.0,217.21,174.79,ลูกค้าประจำ,เก็บเงินปลายทาง,5
ORD01825,2024-04-13,ภาคเหนือ,พิษณุโลก,Shopee,เครื่องใช้ในบ้าน,กาต้มน้ำไฟฟ้า,1,590,0.1,531.0,396.29,134.71,ลูกค้าประจำ,เงินสด,4
ORD00681,2025-05-29,ภาคตะวันออก,ชลบุรี,Lazada,ความงาม,ลิปสติก,3,350,0,1176.0,710.98,465.02,ลูกค้าประจำ,เก็บเงินปลายทาง,5
ORD02262,2024-01-03,ภาคเหนือ,เชียงราย,หน้าร้าน,แฟชั่น,กางเกงยีนส์,1,890,0.05,845.5,578.69,266.81,ลูกค้าใหม่,โอนผ่านแอป,4
ORD02068,2024-03-30,ภาคกลาง,ปทุมธานี,Lazada,เครื่องใช้ในบ้าน,กาต้มน้ำไฟฟ้า,1,590,0,590.0,375.07,214.93,ลูกค้าประจำ,เงินสด,5
ORD02347,2025-11-26,ภาคกลาง,นนทบุรี,หน้าร้าน,แฟชั่น,เสื้อยืด,1,290,0,324.8,170.98,153.82,ลูกค้าใหม่,โอนผ่านแอป,5
ORD02234,2025-10-13,ภาคอีสาน,ขอนแก่น,หน้าร้าน,เครื่องใช้ในบ้าน,เครื่องฟอกอากาศ,1,4990,0,5588.8,3215.49,2373.31,ลูกค้าใหม่,เก็บเงินปลายทาง,5
ORD01251,2025-11-22,ภาคตะวันออก,ชลบุรี,หน้าร้าน,ความงาม,ครีมกันแดด,4,450,0,2016.0,1205.64,810.36,ลูกค้าใหม่,บัตรเครดิต,4
ORD01842,2024-03-14,ภาคใต้,สุราษฎร์ธานี,Shopee,อิเล็กทรอนิกส์,หูฟังไร้สาย,4,1290,0.1,4644.0,3839.69,804.31,ลูกค้าประจำ,,5
ORD02438,2024-07-20,ภาคอีสาน,ขอนแก่น,เว็บไซต์,แฟชั่น,กางเกงยีนส์,2,890,0,1780.0,1013.41,766.59,ลูกค้าประจำ,โอนผ่านแอป,3
ORD02604,2025-12-19,ภาคเหนือ,พิษณุโลก,หน้าร้าน,แฟชั่น,เสื้อยืด,5,290,0.05,1542.8,847.52,695.28,ลูกค้าประจำ,,3
ORD02962,2025-08-09,ภาคกลาง,ปทุมธานี,Lazada,เครื่องใช้ในบ้าน,เครื่องฟอกอากาศ,1,4990,0.05,5309.36,3233.14,2076.22,ลูกค้าประจำ,เก็บเงินปลายทาง,5
ORD00830,2025-03-12,ภาคกลาง,ปทุมธานี,เว็บไซต์,เครื่องใช้ในบ้าน,กาต้มน้ำไฟฟ้า,3,590,0.05,1883.28,1291.18,592.1,ลูกค้าประจำ,บัตรเครดิต,4
ORD01534,2024-11-01,ภาคกลาง,ปทุมธานี,LINE Shopping,ความงาม,ครีมกันแดด,3,450,0,1350.0,778.79,571.21,ลูกค้าใหม่,โอนผ่านแอป,
ORD02322,2024-08-21,ภาคอีสาน,อุดรธานี,หน้าร้าน,ความงาม,ครีมกันแดด,5,450,0.05,2137.5,1508.53,628.97,ลูกค้าประจำ,เก็บเงินปลายทาง,1
ORD02709,2025-12-07,ภาคกลาง,นครปฐม,หน้าร้าน,คอมพิวเตอร์,SSD 1TB,1,2190,0,2452.8,1532.45,920.35,ลูกค้าประจำ,บัตรเครดิต,3
ORD00166,2025-10-26,ภาคกลาง,ปทุมธานี,Lazada,ความงาม,เซรั่มบำรุงผิว,1,790,0.15,752.08,508.68,243.4,ลูกค้าประจำ,บัตรเครดิต,4
ORD00356,2024-12-25,ภาคตะวันออก,ชลบุรี,Lazada,คอมพิวเตอร์,เมาส์เกมมิ่ง,1,890,0,890.0,582.26,307.74,ลูกค้าประจำ,บัตรเครดิต,5
ORD01187,2024-04-10,ภาคตะวันออก,ชลบุรี,Lazada,เครื่องใช้ในบ้าน,หม้อทอดไร้น้ำมัน,3,2590,0.1,6993.0,4313.66,2679.34,ลูกค้าประจำ,บัตรเครดิต,4
ORD00968,2025-09-19,ภาคกลาง,นนทบุรี,Lazada,แฟชั่น,กางเกงยีนส์,1,890,0,996.8,559.14,437.66,ลูกค้าประจำ,เก็บเงินปลายทาง,4
ORD01028,2025-03-19,ภาคกลาง,กรุงเทพมหานคร,หน้าร้าน,แฟชั่น,เสื้อยืด,1,290,0.05,308.56,160.12,148.44,ลูกค้าใหม่,โอนผ่านแอป,5
ORD02336,2025-05-29,ภาคเหนือ,เชียงราย,Shopee,คอมพิวเตอร์,คีย์บอร์ดแมคคานิคอล,2,2490,0.05,5298.72,3428.14,1870.58,ลูกค้าประจำ,เก็บเงินปลายทาง,3
ORD01877,2024-06-12,ภาคใต้,สุราษฎร์ธานี,เว็บไซต์,เครื่องใช้ในบ้าน,เครื่องฟอกอากาศ,1,4990,0,4990.0,3540.06,1449.94,ลูกค้าใหม่,โอนผ่านแอป,3
ORD01346,2024-03-26,ภาคกลาง,ปทุมธานี,LINE Shopping,แฟชั่น,เสื้อยืด,1,290,0,290.0,211.57,78.43,ลูกค้าประจำ,โอนผ่านแอป,4
ORD01912,2025-09-30,ภาคเหนือ,เชียงใหม่,Shopee,เครื่องใช้ในบ้าน,กาต้มน้ำไฟฟ้า,1,590,0.05,627.76,330.41,297.35,ลูกค้าใหม่,เงินสด,3
ORD01215,2025-11-03,ภาคเหนือ,พิษณุโลก,Shopee,ความงาม,ลิปสติก,2,350,0.05,744.8,397.55,347.25,ลูกค้าใหม่,บัตรเครดิต,4
ORD01765,2025-07-22,ภาคกลาง,ปทุมธานี,หน้าร้าน,แฟชั่น,รองเท้าผ้าใบ,1,1890,0,2116.8,1214.91,901.89,ลูกค้าประจำ,เก็บเงินปลายทาง,5
ORD01816,2024-04-29,ภาคกลาง,นนทบุรี,Lazada,ความงาม,เซรั่มบำรุงผิว,1,790,0.15,671.5,479.26,192.24,ลูกค้าใหม่,โอนผ่านแอป,4
ORD02288,2024-04-18,ภาคอีสาน,อุบลราชธานี,หน้าร้าน,อิเล็กทรอนิกส์,พาวเวอร์แบงก์,1,690,0,690.0,471.29,218.71,ลูกค้าใหม่,โอนผ่านแอป,5
ORD02125,2024-12-25,ภาคเหนือ,เชียงใหม่,หน้าร้าน,ความงาม,ลิปสติก,3,350,0,1050.0,720.96,329.04,ลูกค้าใหม่,บัตรเครดิต,4
ORD02031,2025-08-21,ภาคอีสาน,อุบลราชธานี,Shopee,แฟชั่น,เสื้อยืด,1,290,0.1,292.32,188.61,103.71,ลูกค้าประจำ,เงินสด,3
ORD00885,2024-08-03,ภาคเหนือ,พิษณุโลก,Shopee,อิเล็กทรอนิกส์,หูฟังไร้สาย,1,1290,0.05,1225.5,745.57,479.93,ลูกค้าใหม่,เก็บเงินปลายทาง,5
ORD00218,2024-12-25,ภาคกลาง,กรุงเทพมหานคร,หน้าร้าน,ความงาม,ลิปสติก,2,350,0.05,665.0,385.36,279.64,ลูกค้าใหม่,เก็บเงินปลายทาง,4
ORD02623,2024-03-10,ภาคใต้,สุราษฎร์ธานี,เว็บไซต์,เครื่องใช้ในบ้าน,เครื่องฟอกอากาศ,1,4990,0.15,4241.5,3235.3,1006.2,ลูกค้าใหม่,บัตรเครดิต,3
ORD00909,2024-01-24,ภาคกลาง,,Shopee,แฟชั่น,กางเกงยีนส์,1,890,0.05,845.5,597.57,247.93,ลูกค้าใหม่,โอนผ่านแอป,3
ORD02661,2024-10-16,ภาคเหนือ,เชียงใหม่,Lazada,อิเล็กทรอนิกส์,พาวเวอร์แบงก์,4,690,0,2760.0,2040.64,719.36,ลูกค้าใหม่,เก็บเงินปลายทาง,4
ORD01943,2025-09-16,ภาคอีสาน,อุดรธานี,LINE Shopping,เครื่องใช้ในบ้าน,เครื่องฟอกอากาศ,1,4990,0.05,5309.36,3739.32,1570.04,ลูกค้าประจำ,เงินสด,4
ORD02433,2025-05-24,ภาคกลาง,ปทุมธานี,หน้าร้าน,คอมพิวเตอร์,"จอมอนิเตอร์ 24""",1,4290,0,4804.8,2651.39,2153.41,ลูกค้าประจำ,เก็บเงินปลายทาง,5
ORD00259,2025-09-14,ภาคกลาง,นครปฐม,Lazada,เครื่องใช้ในบ้าน,เครื่องฟอกอากาศ,4,4990,0.05,21237.44,11983.98,9253.46,ลูกค้าใหม่,เก็บเงินปลายทาง,4
ORD02583,2024-11-21,ภาคกลาง,ปทุมธานี,หน้าร้าน,ความงาม,ลิปสติก,4,350,0,1400.0,851.25,548.75,ลูกค้าใหม่,เงินสด,3
ORD00152,2024-08-14,ภาคกลาง,นครปฐม,Shopee,คอมพิวเตอร์,SSD 1TB,2,2190,0.05,4161.0,3023.9,1137.1,ลูกค้าประจำ,,5
ORD01238,2025-06-19,ภาคตะวันออก,ชลบุรี,เว็บไซต์,อิเล็กทรอนิกส์,พาวเวอร์แบงก์,1,690,0.05,734.16,483.68,250.48,ลูกค้าประจำ,บัตรเครดิต,3
ORD01280,2025-06-25,ภาคตะวันออก,ชลบุรี,Shopee,คอมพิวเตอร์,คีย์บอร์ดแมคคานิคอล,1,2490,0.05,2649.36,1558.88,1090.48,ลูกค้าประจำ,โอนผ่านแอป,4
ORD01420,2024-03-08,ภาคกลาง,กรุงเทพมหานคร,Shopee,คอมพิวเตอร์,เมาส์เกมมิ่ง,1,890,0,890.0,661.74,228.26,ลูกค้าประจำ,โอนผ่านแอป,5
ORD00407,2024-02-06,ภาคเหนือ,พิษณุโลก,Lazada,แฟชั่น,รองเท้าผ้าใบ,1,1890,0.15,1606.5,1060.68,545.82,ลูกค้าใหม่,บัตรเครดิต,4
ORD01548,2025-11-08,ภาคอีสาน,อุบลราชธานี,หน้าร้าน,ความงาม,ครีมกันแดด,2,450,0,1008.0,529.74,478.26,ลูกค้าประจำ,โอนผ่านแอป,4
ORD02223,2025-10-12,ภาคใต้,,Shopee,อิเล็กทรอนิกส์,พาวเวอร์แบงก์,1,690,0.05,734.16,459.98,274.18,,บัตรเครดิต,5
ORD02221,2024-06-08,ภาคกลาง,กรุงเทพมหานคร,เว็บไซต์,อิเล็กทรอนิกส์,ลำโพงบลูทูธ,2,1590,0,3180.0,1950.53,1229.47,ลูกค้าประจำ,เก็บเงินปลายทาง,4
ORD01867,2024-12-12,ภาคกลาง,นนทบุรี,เว็บไซต์,คอมพิวเตอร์,คีย์บอร์ดแมคคานิคอล,3,2490,0.1,6723.0,5485.4,1237.6,ลูกค้าประจำ,โอนผ่านแอป,2
ORD00353,2024-03-11,ภาคกลาง,นนทบุรี,Shopee,แฟชั่น,กระเป๋าเป้,1,990,0,990.0,607.99,382.01,ลูกค้าใหม่,เงินสด,3
ORD01005,2025-10-31,ภาคกลาง,นครปฐม,เว็บไซต์,อิเล็กทรอนิกส์,ลำโพงบลูทูธ,3,1590,0,5342.4,3402.66,1939.74,ลูกค้าใหม่,เงินสด,4
ORD00314,2024-09-27,ภาคกลาง,ปทุมธานี,LINE Shopping,คอมพิวเตอร์,"จอมอนิเตอร์ 24""",1,4290,0,4290.0,2393.74,1896.26,ลูกค้าใหม่,บัตรเครดิต,5
ORD02550,2025-07-30,ภาคใต้,สงขลา,Lazada,อิเล็กทรอนิกส์,หูฟังไร้สาย,2,1290,0.1,2600.64,1462.32,1138.32,ลูกค้าประจำ,โอนผ่านแอป,3
ORD00464,2025-04-19,ภาคตะวันออก,ชลบุรี,เว็บไซต์,แฟชั่น,กางเกงยีนส์,3,890,0.05,2840.88,1844.38,996.5,ลูกค้าประจำ,เงินสด,4
ORD00519,2025-05-18,ภาคกลาง,ปทุมธานี,LINE Shopping,เครื่องใช้ในบ้าน,กาต้มน้ำไฟฟ้า,1,590,0,660.8,421.78,239.02,ลูกค้าประจำ,บัตรเครดิต,4
ORD01628,2025-09-22,ภาคใต้,ภูเก็ต,Shopee,ความงาม,เซรั่มบำรุงผิว,1,790,0.15,752.08,530.04,222.04,ลูกค้าประจำ,โอนผ่านแอป,5
ORD01789,2025-03-09,ภาคเหนือ,เชียงราย,หน้าร้าน,เครื่องใช้ในบ้าน,หม้อทอดไร้น้ำมัน,1,2590,0,2900.8,1742.11,1158.69,ลูกค้าใหม่,เก็บเงินปลายทาง,4
ORD00606,2025-10-22,ภาคกลาง,นครปฐม,Lazada,ความงาม,เซรั่มบำรุงผิว,1,790,0.1,796.32,544.23,252.09,ลูกค้าประจำ,เก็บเงินปลายทาง,4
ORD00808,2025-04-30,ภาคกลาง,กรุงเทพมหานคร,เว็บไซต์,ความงาม,ครีมกันแดด,3,450,0.15,1285.2,844.05,441.15,ลูกค้าประจำ,โอนผ่านแอป,5
ORD01588,2025-12-26,ภาคกลาง,กรุงเทพมหานคร,Lazada,อิเล็กทรอนิกส์,สมาร์ทวอทช์,2,3490,0.05,7426.72,4603.57,2823.15,ลูกค้าใหม่,บัตรเครดิต,5
ORD00113,2025-09-21,ภาคอีสาน,ขอนแก่น,เว็บไซต์,คอมพิวเตอร์,เมาส์เกมมิ่ง,1,890,0.1,897.12,586.35,310.77,ลูกค้าใหม่,เก็บเงินปลายทาง,2
ORD01565,2025-04-19,ภาคกลาง,,หน้าร้าน,อิเล็กทรอนิกส์,สมาร์ทวอทช์,1,3490,0.05,3713.36,2442.44,1270.92,ลูกค้าประจำ,เงินสด,5
ORD01391,2024-12-06,ภาคกลาง,กรุงเทพมหานคร,Shopee,ความงาม,เซรั่มบำรุงผิว,2,790,0.05,1501.0,921.92,579.08,ลูกค้าใหม่,เงินสด,5
ORD01428,2024-12-09,ภาคตะวันออก,จันทบุรี,Lazada,เครื่องใช้ในบ้าน,กาต้มน้ำไฟฟ้า,5,590,0.1,2655.0,1713.53,941.47,ลูกค้าประจำ,โอนผ่านแอป,3
ORD01227,2025-07-22,ภาคใต้,สุราษฎร์ธานี,LINE Shopping,แฟชั่น,กระเป๋าเป้,4,990,0,4435.2,2625.81,1809.39,ลูกค้าใหม่,บัตรเครดิต,1
ORD01398,2025-02-09,ภาคอีสาน,อุดรธานี,Shopee,อิเล็กทรอนิกส์,สมาร์ทวอทช์,2,3490,0.05,7426.72,4476.86,2949.86,ลูกค้าใหม่,เงินสด,4
ORD02354,2025-01-01,ภาคกลาง,นนทบุรี,หน้าร้าน,อิเล็กทรอนิกส์,หูฟังไร้สาย,2,1290,0,2889.6,1609.85,1279.75,ลูกค้าประจำ,บัตรเครดิต,5
ORD01774,2024-05-27,ภาคเหนือ,พิษณุโลก,Lazada,แฟชั่น,เสื้อยืด,5,290,0,1450.0,934.24,515.76,ลูกค้าใหม่,,4
ORD02257,2025-10-19,ภาคตะวันออก,ชลบุรี,LINE Shopping,เครื่องใช้ในบ้าน,เครื่องฟอกอากาศ,1,4990,0.05,5309.36,3146.69,2162.67,ลูกค้าประจำ,โอนผ่านแอป,4
ORD01178,2024-02-16,ภาคกลาง,นนทบุรี,Shopee,คอมพิวเตอร์,คีย์บอร์ดแมคคานิคอล,1,2490,0.15,2116.5,1593.33,523.17,ลูกค้าใหม่,โอนผ่านแอป,4
ORD01361,2025-10-29,ภาคใต้,สงขลา,Lazada,คอมพิวเตอร์,คีย์บอร์ดแมคคานิคอล,2,2490,0,5577.6,2828.73,2748.87,ลูกค้าใหม่,บัตรเครดิต,1
ORD00554,2024-02-12,ภาคกลาง,นครปฐม,หน้าร้าน,อิเล็กทรอนิกส์,พาวเวอร์แบงก์,4,690,0,2760.0,1908.91,851.09,ลูกค้าประจำ,เงินสด,3
ORD00477,2024-03-26,ภาคเหนือ,เชียงใหม่,เว็บไซต์,อิเล็กทรอนิกส์,ลำโพงบลูทูธ,1,1590,0.1,1431.0,1037.17,393.83,ลูกค้าประจำ,บัตรเครดิต,4
ORD02836,2024-02-29,ภาคกลาง,นครปฐม,Lazada,อิเล็กทรอนิกส์,พาวเวอร์แบงก์,5,690,0.05,3277.5,2476.49,801.01,ลูกค้าใหม่,บัตรเครดิต,5
ORD02159,2025-12-21,ภาคกลาง,นนทบุรี,Lazada,เครื่องใช้ในบ้าน,เครื่องฟอกอากาศ,1,4990,0.15,4750.48,3055.64,1694.84,ลูกค้าประจำ,เก็บเงินปลายทาง,3
ORD00895,2025-02-11,ภาคใต้,ภูเก็ต,Lazada,แฟชั่น,เสื้อยืด,1,290,0.15,276.08,209.52,66.56,ลูกค้าใหม่,โอนผ่านแอป,4
ORD00803,2025-08-17,ภาคอีสาน,ขอนแก่น,Lazada,แฟชั่น,เสื้อยืด,1,290,0,324.8,172.94,151.86,ลูกค้าประจำ,เก็บเงินปลายทาง,4
ORD01036,2025-06-02,ภาคกลาง,ปทุมธานี,Shopee,เครื่องใช้ในบ้าน,เครื่องฟอกอากาศ,2,4990,0.15,9500.96,7266.55,2234.41,ลูกค้าใหม่,โอนผ่านแอป,2
ORD00127,2024-09-13,ภาคตะวันออก,ชลบุรี,Shopee,เครื่องใช้ในบ้าน,หม้อทอดไร้น้ำมัน,2,2590,0,5180.0,3369.67,1810.33,ลูกค้าประจำ,โอนผ่านแอป,3
ORD01926,2025-05-12,ภาคอีสาน,นครราชสีมา,Lazada,อิเล็กทรอนิกส์,ลำโพงบลูทูธ,1,1590,0,1780.8,1083.81,696.99,ลูกค้าประจำ,โอนผ่านแอป,4
ORD00090,2024-11-12,ภาคกลาง,กรุงเทพมหานคร,เว็บไซต์,คอมพิวเตอร์,คีย์บอร์ดแมคคานิคอล,2,2490,0,4980.0,3477.01,1502.99,ลูกค้าใหม่,โอนผ่านแอป,4
ORD00760,2025-04-01,ภาคใต้,สงขลา,เว็บไซต์,เครื่องใช้ในบ้าน,กาต้มน้ำไฟฟ้า,1,590,0,660.8,391.42,269.38,ลูกค้าประจำ,เงินสด,4
ORD00352,2025-10-23,ภาคกลาง,ปทุมธานี,หน้าร้าน,เครื่องใช้ในบ้าน,หม้อทอดไร้น้ำมัน,1,2590,0.05,2755.76,1842.82,912.94,ลูกค้าใหม่,บัตรเครดิต,4
ORD00294,2024-09-14,ภาคตะวันออก,จันทบุรี,Lazada,แฟชั่น,กางเกงยีนส์,4,890,0.15,3026.0,2219.83,806.17,ลูกค้าประจำ,โอนผ่านแอป,5
ORD01264,2024-06-12,ภาคเหนือ,เชียงใหม่,Lazada,เครื่องใช้ในบ้าน,หม้อทอดไร้น้ำมัน,1,2590,0.05,2460.5,1693.18,767.32,ลูกค้าประจำ,โอนผ่านแอป,5
ORD01623,2025-07-10,ภาคกลาง,กรุงเทพมหานคร,หน้าร้าน,ความงาม,เซรั่มบำรุงผิว,2,790,0,1769.6,924.53,845.07,ลูกค้าประจำ,เงินสด,3
ORD00580,2024-09-13,ภาคกลาง,กรุงเทพมหานคร,Lazada,เครื่องใช้ในบ้าน,กาต้มน้ำไฟฟ้า,1,590,0,590.0,329.87,260.13,ลูกค้าใหม่,เก็บเงินปลายทาง,5
ORD00880,2024-02-15,ภาคกลาง,ปทุมธานี,Lazada,ความงาม,เซรั่มบำรุงผิว,1,790,0,790.0,483.66,306.34,ลูกค้าใหม่,เก็บเงินปลายทาง,4
ORD01786,2025-10-29,ภาคกลาง,นครปฐม,Lazada,คอมพิวเตอร์,คีย์บอร์ดแมคคานิคอล,5,2490,0,13944.0,7341.65,6602.35,ลูกค้าใหม่,เก็บเงินปลายทาง,5
ORD01332,2024-04-23,ภาคกลาง,นครปฐม,Lazada,ความงาม,เซรั่มบำรุงผิว,1,790,0.05,750.5,488.56,261.94,ลูกค้าใหม่,เก็บเงินปลายทาง,5
ORD02136,2024-09-12,ภาคตะวันออก,ระยอง,Lazada,อิเล็กทรอนิกส์,หูฟังไร้สาย,2,1290,0,2580.0,1708.05,871.95,ลูกค้าประจำ,โอนผ่านแอป,4
ORD02530,2025-04-11,ภาคตะวันออก,จันทบุรี,หน้าร้าน,คอมพิวเตอร์,เมาส์เกมมิ่ง,1,890,0.05,946.96,506.0,440.96,ลูกค้าใหม่,เงินสด,5
ORD02207,2024-11-12,ภาคกลาง,นครปฐม,Shopee,อิเล็กทรอนิกส์,หูฟังไร้สาย,1,1290,0.1,1161.0,860.07,300.93,ลูกค้าประจำ,บัตรเครดิต,3
ORD00693,2024-10-23,ภาคกลาง,กรุงเทพมหานคร,Lazada,แฟชั่น,กางเกงยีนส์,2,890,0,1780.0,1067.81,712.19,ลูกค้าประจำ,โอนผ่านแอป,5
ORD02857,2024-07-26,ภาคตะวันออก,ระยอง,หน้าร้าน,คอมพิวเตอร์,SSD 1TB,1,2190,0.05,2080.5,1531.88,548.62,ลูกค้าประจำ,เก็บเงินปลายทาง,4
ORD02258,2024-12-17,ภาคกลาง,ปทุมธานี,หน้าร้าน,แฟชั่น,รองเท้าผ้าใบ,5,1890,0,9450.0,5256.08,4193.92,ลูกค้าใหม่,โอนผ่านแอป,5
ORD00741,2025-12-16,ภาคเหนือ,พิษณุโลก,Shopee,คอมพิวเตอร์,SSD 1TB,1,2190,0.05,2330.16,1564.98,765.18,ลูกค้าประจำ,โอนผ่านแอป,2
ORD02594,2025-03-23,ภาคอีสาน,อุบลราชธานี,Shopee,ความงาม,ลิปสติก,2,350,0.05,744.8,524.73,220.07,ลูกค้าประจำ,โอนผ่านแอป,4
ORD02566,2024-12-24,ภาคกลาง,นนทบุรี,หน้าร้าน,แฟชั่น,กางเกงยีนส์,2,890,0,1780.0,1027.93,752.07,ลูกค้าใหม่,เก็บเงินปลายทาง,4
ORD00670,2024-07-31,ภาคตะวันออก,ชลบุรี,เว็บไซต์,คอมพิวเตอร์,คีย์บอร์ดแมคคานิคอล,1,2490,0,2490.0,1430.78,1059.22,ลูกค้าประจำ,โอนผ่านแอป,3
ORD02269,2024-01-05,ภาคกลาง,ปทุมธานี,หน้าร้าน,เครื่องใช้ในบ้าน,เครื่องฟอกอากาศ,2,4990,0,9980.0,5912.64,4067.36,ลูกค้าประจำ,เก็บเงินปลายทาง,4
ORD02886,2025-04-26,ภาคกลาง,นนทบุรี,หน้าร้าน,ความงาม,ครีมกันแดด,1,450,0.05,478.8,300.98,177.82,ลูกค้าใหม่,,5
ORD01755,2025-01-13,ภาคเหนือ,พิษณุโลก,Lazada,ความงาม,ลิปสติก,1,350,0,392.0,219.9,172.1,ลูกค้าใหม่,เก็บเงินปลายทาง,5
ORD00480,2025-02-23,ภาคกลาง,นครปฐม,Lazada,คอมพิวเตอร์,SSD 1TB,2,2190,0,4905.6,2583.55,2322.05,ลูกค้าใหม่,เก็บเงินปลายทาง,2
ORD01532,2025-03-31,ภาคกลาง,นนทบุรี,เว็บไซต์,เครื่องใช้ในบ้าน,หม้อทอดไร้น้ำมัน,2,2590,0.05,5511.52,3455.27,2056.25,ลูกค้าประจำ,บัตรเครดิต,3
ORD00306,2024-12-18,ภาคตะวันออก,ชลบุรี,หน้าร้าน,ความงาม,ครีมกันแดด,1,450,0,450.0,264.99,185.01,ลูกค้าประจำ,เงินสด,5
ORD00712,2025-05-06,ภาคตะวันออก,ระยอง,หน้าร้าน,คอมพิวเตอร์,"จอมอนิเตอร์ 24""",1,4290,0,4804.8,2825.85,1978.95,ลูกค้าประจำ,เงินสด,1
ORD02004,2025-03-19,ภาคตะวันออก,ระยอง,Shopee,แฟชั่น,กางเกงยีนส์,3,890,0,2990.4,1592.23,1398.17,ลูกค้าใหม่,บัตรเครดิต,3
ORD01859,2024-12-18,ภาคใต้,ภูเก็ต,Lazada,ความงาม,ลิปสติก,1,350,0.1,315.0,245.67,69.33,ลูกค้าประจำ,เงินสด,5
ORD01615,2025-06-12,ภาคตะวันออก,ระยอง,หน้าร้าน,แฟชั่น,กระเป๋าเป้,1,990,0,1108.8,673.74,435.06,ลูกค้าประจำ,โอนผ่านแอป,4
ORD01713,2025-06-30,ภาคกลาง,นครปฐม,เว็บไซต์,เครื่องใช้ในบ้าน,หม้อทอดไร้น้ำมัน,2,2590,0.05,5511.52,3141.65,2369.87,ลูกค้าประจำ,โอนผ่านแอป,5
ORD02204,2024-11-13,ภาคใต้,สุราษฎร์ธานี,หน้าร้าน,อิเล็กทรอนิกส์,ลำโพงบลูทูธ,1,1590,0,1590.0,1015.17,574.83,ลูกค้าประจำ,เก็บเงินปลายทาง,5
ORD02851,2025-04-08,ภาคกลาง,ปทุมธานี,หน้าร้าน,แฟชั่น,รองเท้าผ้าใบ,5,1890,0.05,10054.8,6202.68,3852.12,ลูกค้าใหม่,เก็บเงินปลายทาง,5
ORD00323,2024-09-17,ภาคกลาง,กรุงเทพมหานคร,Shopee,อิเล็กทรอนิกส์,สมาร์ทวอทช์,2,3490,0,6980.0,4102.87,2877.13,ลูกค้าประจำ,เงินสด,4
ORD00839,2025-03-22,ภาคเหนือ,เชียงใหม่,Shopee,คอมพิวเตอร์,คีย์บอร์ดแมคคานิคอล,2,2490,0.1,5019.84,2822.45,2197.39,ลูกค้าประจำ,บัตรเครดิต,5
ORD02736,2024-09-20,ภาคใต้,สงขลา,LINE Shopping,ความงาม,เซรั่มบำรุงผิว,1,790,0,790.0,479.48,310.52,ลูกค้าใหม่,เงินสด,3
ORD00931,2024-11-22,ภาคเหนือ,เชียงราย,Lazada,แฟชั่น,กางเกงยีนส์,1,890,0.15,756.5,543.73,212.77,ลูกค้าใหม่,โอนผ่านแอป,3
ORD01963,2025-04-16,ภาคเหนือ,เชียงราย,Shopee,อิเล็กทรอนิกส์,สมาร์ทวอทช์,1,3490,0.05,3713.36,2259.65,1453.71,ลูกค้าประจำ,บัตรเครดิต,5
ORD01734,2024-11-03,ภาคกลาง,ปทุมธานี,Lazada,คอมพิวเตอร์,SSD 1TB,1,2190,0.1,1971.0,1307.45,663.55,ลูกค้าประจำ,เก็บเงินปลายทาง,4
ORD00252,2025-07-02,ภาคตะวันออก,ระยอง,Shopee,เครื่องใช้ในบ้าน,เครื่องฟอกอากาศ,2,4990,0.05,10618.72,5563.78,5054.94,ลูกค้าประจำ,เก็บเงินปลายทาง,2
ORD02548,2024-10-03,ภาคกลาง,นนทบุรี,Lazada,คอมพิวเตอร์,"จอมอนิเตอร์ 24""",2,4290,0,8580.0,5665.89,2914.11,ลูกค้าประจำ,เก็บเงินปลายทาง,3
ORD01440,2025-05-12,ภาคกลาง,กรุงเทพมหานคร,Lazada,เครื่องใช้ในบ้าน,กาต้มน้ำไฟฟ้า,2,590,0,1321.6,762.27,559.33,ลูกค้าใหม่,เก็บเงินปลายทาง,5
ORD01125,2025-07-15,ภาคใต้,สุราษฎร์ธานี,Shopee,เครื่องใช้ในบ้าน,กาต้มน้ำไฟฟ้า,2,590,0.15,1123.36,809.94,313.42,ลูกค้าประจำ,บัตรเครดิต,5
ORD01784,2024-02-13,ภาคใต้,สุราษฎร์ธานี,Shopee,แฟชั่น,เสื้อยืด,1,290,0.1,261.0,187.25,73.75,ลูกค้าประจำ,โอนผ่านแอป,4
ORD02374,2025-07-26,ภาคตะวันออก,จันทบุรี,Shopee,แฟชั่น,กระเป๋าเป้,1,990,0.1,997.92,720.2,277.72,ลูกค้าใหม่,โอนผ่านแอป,3
ORD02600,2024-01-12,ภาคตะวันออก,ระยอง,Lazada,เครื่องใช้ในบ้าน,หม้อทอดไร้น้ำมัน,2,2590,0.1,4662.0,3138.53,1523.47,ลูกค้าใหม่,โอนผ่านแอป,3
ORD02254,2024-02-19,ภาคใต้,สุราษฎร์ธานี,Shopee,คอมพิวเตอร์,คีย์บอร์ดแมคคานิคอล,1,2490,0.1,2241.0,1808.7,432.3,ลูกค้าใหม่,โอนผ่านแอป,4
ORD00238,2025-07-29,ภาคตะวันออก,จันทบุรี,Lazada,เครื่องใช้ในบ้าน,หม้อทอดไร้น้ำมัน,2,2590,0.05,5511.52,3166.87,2344.65,ลูกค้าใหม่,โอนผ่านแอป,5
ORD02702,2024-12-16,ภาคกลาง,นนทบุรี,เว็บไซต์,ความงาม,ครีมกันแดด,1,450,0.15,382.5,269.24,113.26,ลูกค้าประจำ,เก็บเงินปลายทาง,4
ORD02640,2024-10-07,ภาคกลาง,กรุงเทพมหานคร,เว็บไซต์,ความงาม,ครีมกันแดด,1,450,0,450.0,251.89,198.11,ลูกค้าใหม่,โอนผ่านแอป,4
ORD02935,2024-11-24,ภาคกลาง,กรุงเทพมหานคร,หน้าร้าน,อิเล็กทรอนิกส์,สมาร์ทวอทช์,3,3490,0,10470.0,6412.44,4057.56,ลูกค้าประจำ,บัตรเครดิต,4
ORD02304,2025-09-08,ภาคอีสาน,อุบลราชธานี,LINE Shopping,เครื่องใช้ในบ้าน,กาต้มน้ำไฟฟ้า,5,590,0.1,2973.6,1745.69,1227.91,ลูกค้าประจำ,เงินสด,3
ORD01245,2025-12-13,ภาคกลาง,กรุงเทพมหานคร,Shopee,เครื่องใช้ในบ้าน,เครื่องฟอกอากาศ,1,4990,0.15,4750.48,3200.22,1550.26,ลูกค้าใหม่,เงินสด,3
ORD01543,2025-06-05,ภาคกลาง,ปทุมธานี,หน้าร้าน,เครื่องใช้ในบ้าน,กาต้มน้ำไฟฟ้า,1,590,0.05,627.76,351.63,276.13,ลูกค้าประจำ,เงินสด,4
ORD01186,2025-11-11,ภาคตะวันออก,ชลบุรี,Lazada,อิเล็กทรอนิกส์,หูฟังไร้สาย,1,1290,0.15,1228.08,860.65,367.43,ลูกค้าประจำ,เก็บเงินปลายทาง,5
ORD00874,2025-12-25,ภาคอีสาน,นครราชสีมา,Lazada,แฟชั่น,กางเกงยีนส์,2,890,0,1993.6,1115.15,878.45,ลูกค้าประจำ,เงินสด,3
ORD01323,2025-11-02,ภาคกลาง,กรุงเทพมหานคร,หน้าร้าน,ความงาม,เซรั่มบำรุงผิว,3,790,0.05,2521.68,1422.1,1099.58,ลูกค้าใหม่,เก็บเงินปลายทาง,5
ORD00643,2025-09-08,ภาคอีสาน,,หน้าร้าน,คอมพิวเตอร์,เมาส์เกมมิ่ง,1,890,0.05,946.96,652.71,294.25,ลูกค้าประจำ,เงินสด,4
ORD01902,2025-03-08,ภาคอีสาน,นครราชสีมา,LINE Shopping,ความงาม,เซรั่มบำรุงผิว,1,790,0,884.8,525.9,358.9,ลูกค้าใหม่,เก็บเงินปลายทาง,4
ORD01422,2024-11-19,ภาคอีสาน,นครราชสีมา,Lazada,แฟชั่น,กางเกงยีนส์,1,890,0.1,801.0,552.2,248.8,ลูกค้าประจำ,โอนผ่านแอป,3
ORD01367,2025-07-28,ภาคกลาง,ปทุมธานี,หน้าร้าน,คอมพิวเตอร์,เมาส์เกมมิ่ง,1,890,0.05,946.96,553.57,393.39,ลูกค้าประจำ,โอนผ่านแอป,4
ORD01111,2024-06-20,ภาคใต้,สงขลา,หน้าร้าน,คอมพิวเตอร์,เมาส์เกมมิ่ง,1,890,0,890.0,584.54,305.46,ลูกค้าประจำ,บัตรเครดิต,5
ORD02381,2025-04-02,ภาคกลาง,ปทุมธานี,LINE Shopping,แฟชั่น,รองเท้าผ้าใบ,1,1890,0,2116.8,1112.77,1004.03,ลูกค้าประจำ,โอนผ่านแอป,2
ORD00444,2024-12-09,ภาคกลาง,นครปฐม,Shopee,เครื่องใช้ในบ้าน,เครื่องฟอกอากาศ,2,4990,0.05,9481.0,6443.37,3037.63,ลูกค้าประจำ,เงินสด,4
ORD00357,2024-06-11,ภาคกลาง,กรุงเทพมหานคร,Shopee,ความงาม,ลิปสติก,1,350,0,350.0,206.41,143.59,ลูกค้าประจำ,โอนผ่านแอป,5
ORD02034,2024-05-30,ภาคกลาง,กรุงเทพมหานคร,เว็บไซต์,เครื่องใช้ในบ้าน,กาต้มน้ำไฟฟ้า,1,590,0.1,531.0,393.67,137.33,ลูกค้าประจำ,เงินสด,4
ORD02760,2024-09-08,ภาคกลาง,ปทุมธานี,หน้าร้าน,เครื่องใช้ในบ้าน,กาต้มน้ำไฟฟ้า,3,590,0,1770.0,1217.66,552.34,ลูกค้าประจำ,บัตรเครดิต,3
ORD01904,2025-06-11,ภาคกลาง,นนทบุรี,เว็บไซต์,แฟชั่น,กางเกงยีนส์,1,890,0.1,897.12,589.21,307.91,ลูกค้าใหม่,เงินสด,4
ORD02227,2025-06-27,ภาคอีสาน,อุดรธานี,Shopee,คอมพิวเตอร์,"จอมอนิเตอร์ 24""",2,4290,0,9609.6,5942.92,3666.68,ลูกค้าประจำ,โอนผ่านแอป,4
ORD00146,2024-10-21,ภาคอีสาน,นครราชสีมา,Lazada,อิเล็กทรอนิกส์,พาวเวอร์แบงก์,1,690,0,690.0,505.53,184.47,ลูกค้าประจำ,โอนผ่านแอป,5
ORD01522,2025-02-22,ภาคอีสาน,ขอนแก่น,Lazada,เครื่องใช้ในบ้าน,กาต้มน้ำไฟฟ้า,1,590,0.1,594.72,330.4,264.32,ลูกค้าใหม่,เก็บเงินปลายทาง,3
ORD01871,2025-11-06,ภาคกลาง,นนทบุรี,หน้าร้าน,แฟชั่น,เสื้อยืด,2,290,0.05,617.12,346.77,270.35,ลูกค้าใหม่,โอนผ่านแอป,4
ORD00220,2024-03-11,ภาคตะวันออก,จันทบุรี,Shopee,เครื่องใช้ในบ้าน,เครื่องฟอกอากาศ,1,4990,0,4990.0,2944.77,2045.23,ลูกค้าประจำ,โอนผ่านแอป,4
ORD02692,2024-07-27,ภาคเหนือ,เชียงใหม่,Lazada,ความงาม,เซรั่มบำรุงผิว,2,790,0.05,1501.0,1078.92,422.08,ลูกค้าประจำ,โอนผ่านแอป,4
ORD00572,2025-08-08,ภาคใต้,สุราษฎร์ธานี,Shopee,เครื่องใช้ในบ้าน,กาต้มน้ำไฟฟ้า,2,590,0,1321.6,694.41,627.19,ลูกค้าประจำ,เงินสด,5
ORD01179,2024-11-02,ภาคเหนือ,เชียงใหม่,หน้าร้าน,อิเล็กทรอนิกส์,พาวเวอร์แบงก์,1,690,0,690.0,384.35,305.65,ลูกค้าประจำ,เก็บเงินปลายทาง,3
ORD02366,2024-11-09,ภาคอีสาน,ขอนแก่น,Shopee,เครื่องใช้ในบ้าน,กาต้มน้ำไฟฟ้า,2,590,0,1180.0,722.88,457.12,ลูกค้าประจำ,,4
ORD00269,2024-12-18,ภาคกลาง,ปทุมธานี,หน้าร้าน,ความงาม,ลิปสติก,1,350,0,350.0,213.37,136.63,ลูกค้าประจำ,บัตรเครดิต,4
ORD01271,2024-04-29,ภาคเหนือ,เชียงใหม่,Shopee,ความงาม,เซรั่มบำรุงผิว,1,790,0.05,750.5,445.54,304.96,ลูกค้าใหม่,,5
ORD00134,2025-12-25,ภาคกลาง,กรุงเทพมหานคร,Shopee,อิเล็กทรอนิกส์,ลำโพงบลูทูธ,1,1590,0,1780.8,1050.42,730.38,ลูกค้าใหม่,เก็บเงินปลายทาง,5
ORD02941,2024-08-10,ภาคกลาง,กรุงเทพมหานคร,Lazada,อิเล็กทรอนิกส์,ลำโพงบลูทูธ,3,1590,0.05,4531.5,3440.83,1090.67,ลูกค้าประจำ,เก็บเงินปลายทาง,4
ORD02569,2024-09-10,ภาคอีสาน,อุบลราชธานี,หน้าร้าน,อิเล็กทรอนิกส์,สมาร์ทวอทช์,1,3490,0.05,3315.5,2017.72,1297.78,ลูกค้าใหม่,บัตรเครดิต,4
ORD02693,2025-11-29,ภาคกลาง,นครปฐม,LINE Shopping,อิเล็กทรอนิกส์,หูฟังไร้สาย,3,1290,0.05,4117.68,2228.28,1889.4,ลูกค้าประจำ,บัตรเครดิต,4
ORD02452,2024-08-22,ภาคกลาง,กรุงเทพมหานคร,เว็บไซต์,ความงาม,ครีมกันแดด,4,450,0,1800.0,1152.17,647.83,ลูกค้าประจำ,โอนผ่านแอป,5
ORD02343,2025-12-12,ภาคใต้,สงขลา,Shopee,คอมพิวเตอร์,"จอมอนิเตอร์ 24""",2,4290,0,9609.6,5106.98,4502.62,ลูกค้าประจำ,โอนผ่านแอป,3
ORD01970,2025-11-23,ภาคกลาง,ปทุมธานี,Shopee,แฟชั่น,กางเกงยีนส์,2,890,0.05,1893.92,1245.67,648.25,ลูกค้าประจำ,เก็บเงินปลายทาง,4
ORD02419,2025-12-12,ภาคเหนือ,เชียงราย,เว็บไซต์,เครื่องใช้ในบ้าน,เครื่องฟอกอากาศ,1,4990,0.1,5029.92,2751.39,2278.53,ลูกค้าใหม่,โอนผ่านแอป,5
ORD02364,2025-09-19,ภาคเหนือ,เชียงราย,หน้าร้าน,เครื่องใช้ในบ้าน,เครื่องฟอกอากาศ,1,4990,0.05,5309.36,3494.57,1814.79,ลูกค้าประจำ,บัตรเครดิต,5
ORD02294,2024-03-21,ภาคอีสาน,นครราชสีมา,Lazada,อิเล็กทรอนิกส์,หูฟังไร้สาย,1,1290,0,1290.0,839.36,450.64,ลูกค้าใหม่,เงินสด,5
ORD00223,2024-12-23,ภาคตะวันออก,ชลบุรี,Shopee,แฟชั่น,เสื้อยืด,2,290,0.15,493.0,414.12,78.88,ลูกค้าประจำ,เงินสด,4
ORD00981,2024-11-13,ภาคอีสาน,ขอนแก่น,Shopee,ความงาม,เซรั่มบำรุงผิว,2,790,0.05,1501.0,1064.44,436.56,ลูกค้าใหม่,เงินสด,5
ORD02285,2025-06-18,ภาคตะวันออก,ระยอง,Shopee,อิเล็กทรอนิกส์,ลำโพงบลูทูธ,1,1590,0.15,1513.68,1092.38,421.3,ลูกค้าประจำ,เงินสด,4
ORD00333,2025-08-23,ภาคเหนือ,เชียงใหม่,Lazada,เครื่องใช้ในบ้าน,หม้อทอดไร้น้ำมัน,1,2590,0,2900.8,1775.14,1125.66,ลูกค้าประจำ,เก็บเงินปลายทาง,5
ORD02896,2025-04-18,ภาคกลาง,นครปฐม,หน้าร้าน,เครื่องใช้ในบ้าน,หม้อทอดไร้น้ำมัน,1,2590,0,2900.8,1652.24,1248.56,ลูกค้าประจำ,เงินสด,5
ORD00379,2024-11-22,ภาคกลาง,ปทุมธานี,หน้าร้าน,อิเล็กทรอนิกส์,หูฟังไร้สาย,2,1290,0.05,2451.0,1897.19,553.81,ลูกค้าใหม่,เงินสด,4
ORD00018,2025-11-02,ภาคตะวันออก,จันทบุรี,หน้าร้าน,อิเล็กทรอนิกส์,พาวเวอร์แบงก์,1,690,0,772.8,435.22,337.58,ลูกค้าใหม่,เงินสด,4
ORD00648,2024-03-28,ภาคกลาง,กรุงเทพมหานคร,Shopee,เครื่องใช้ในบ้าน,หม้อทอดไร้น้ำมัน,2,2590,0.15,4403.0,3636.91,766.09,ลูกค้าใหม่,เงินสด,5
ORD02904,2025-02-24,ภาคใต้,สงขลา,LINE Shopping,เครื่องใช้ในบ้าน,เครื่องฟอกอากาศ,1,4990,0.1,5029.92,3644.03,1385.89,ลูกค้าประจำ,โอนผ่านแอป,5
ORD00096,2025-08-26,ภาคกลาง,กรุงเทพมหานคร,เว็บไซต์,เครื่องใช้ในบ้าน,กาต้มน้ำไฟฟ้า,1,590,0,660.8,333.51,327.29,ลูกค้าประจำ,โอนผ่านแอป,5
ORD01278,2024-11-24,ภาคกลาง,นครปฐม,Shopee,คอมพิวเตอร์,คีย์บอร์ดแมคคานิคอล,1,2490,0.15,2116.5,1847.64,268.86,ลูกค้าประจำ,โอนผ่านแอป,2
ORD00998,2024-12-26,ภาคใต้,สุราษฎร์ธานี,หน้าร้าน,ความงาม,ครีมกันแดด,3,450,0.05,1282.5,829.05,453.45,ลูกค้าประจำ,เก็บเงินปลายทาง,5
ORD02522,2025-08-05,ภาคกลาง,นนทบุรี,เว็บไซต์,อิเล็กทรอนิกส์,สมาร์ทวอทช์,1,3490,0,3908.8,2375.71,1533.09,ลูกค้าประจำ,เงินสด,5
ORD01519,2025-08-07,ภาคกลาง,นนทบุรี,หน้าร้าน,ความงาม,ครีมกันแดด,1,450,0.05,478.8,295.59,183.21,ลูกค้าใหม่,,4
ORD00054,2024-08-25,ภาคกลาง,นนทบุรี,LINE Shopping,แฟชั่น,เสื้อยืด,2,290,0.15,493.0,387.42,105.58,ลูกค้าประจำ,โอนผ่านแอป,4
ORD02455,2025-05-30,ภาคตะวันออก,ระยอง,หน้าร้าน,คอมพิวเตอร์,SSD 1TB,2,2190,0,4905.6,2526.09,2379.51,ลูกค้าประจำ,โอนผ่านแอป,4
ORD00182,2024-09-09,ภาคเหนือ,เชียงราย,หน้าร้าน,ความงาม,ครีมกันแดด,1,450,0,450.0,332.89,117.11,ลูกค้าประจำ,เก็บเงินปลายทาง,5
ORD02317,2025-12-21,ภาคอีสาน,อุบลราชธานี,หน้าร้าน,อิเล็กทรอนิกส์,หูฟังไร้สาย,1,1290,0.05,1372.56,801.46,571.1,ลูกค้าใหม่,โอนผ่านแอป,5
ORD01249,2025-08-26,ภาคอีสาน,ขอนแก่น,Shopee,เครื่องใช้ในบ้าน,กาต้มน้ำไฟฟ้า,2,590,0,1321.6,701.76,619.84,ลูกค้าประจำ,เก็บเงินปลายทาง,4
ORD00813,2024-10-04,ภาคกลาง,นนทบุรี,เว็บไซต์,แฟชั่น,กางเกงยีนส์,2,890,0,1780.0,1257.23,522.77,ลูกค้าใหม่,เงินสด,1
ORD02006,2025-01-22,ภาคกลาง,นนทบุรี,หน้าร้าน,คอมพิวเตอร์,"จอมอนิเตอร์ 24""",1,4290,0,4804.8,2938.26,1866.54,ลูกค้าประจำ,บัตรเครดิต,3
ORD02706,2024-12-20,ภาคใต้,สงขลา,เว็บไซต์,ความงาม,ลิปสติก,2,350,0,700.0,509.83,190.17,ลูกค้าประจำ,โอนผ่านแอป,5
ORD00600,2024-08-06,ภาคอีสาน,ขอนแก่น,เว็บไซต์,เครื่องใช้ในบ้าน,กาต้มน้ำไฟฟ้า,1,590,0,590.0,367.31,222.69,ลูกค้าใหม่,เงินสด,3
ORD01021,2024-11-11,ภาคใต้,ภูเก็ต,หน้าร้าน,เครื่องใช้ในบ้าน,เครื่องฟอกอากาศ,1,4990,0,4990.0,3051.45,1938.55,,บัตรเครดิต,4
ORD01335,2025-12-31,ภาคกลาง,กรุงเทพมหานคร,Lazada,ความงาม,ลิปสติก,2,350,0.05,744.8,480.5,264.3,ลูกค้าประจำ,เก็บเงินปลายทาง,5
ORD01847,2025-02-15,ภาคกลาง,กรุงเทพมหานคร,Lazada,ความงาม,เซรั่มบำรุงผิว,3,790,0,2654.4,1515.97,1138.43,ลูกค้าประจำ,เก็บเงินปลายทาง,4
ORD01578,2025-04-23,ภาคตะวันออก,ระยอง,LINE Shopping,คอมพิวเตอร์,SSD 1TB,1,2190,0,2452.8,1355.37,1097.43,ลูกค้าใหม่,บัตรเครดิต,3
ORD00347,2025-06-20,ภาคกลาง,นนทบุรี,Shopee,เครื่องใช้ในบ้าน,กาต้มน้ำไฟฟ้า,1,590,0.05,627.76,361.01,266.75,ลูกค้าประจำ,เก็บเงินปลายทาง,4
ORD02001,2024-12-10,ภาคกลาง,กรุงเทพมหานคร,เว็บไซต์,ความงาม,ลิปสติก,1,350,0,350.0,205.97,144.03,ลูกค้าประจำ,เก็บเงินปลายทาง,2
ORD02625,2024-10-26,ภาคตะวันออก,ชลบุรี,Shopee,แฟชั่น,เสื้อยืด,2,290,0.05,551.0,373.52,177.48,ลูกค้าประจำ,เงินสด,4
ORD01792,2024-08-20,ภาคกลาง,นนทบุรี,เว็บไซต์,แฟชั่น,รองเท้าผ้าใบ,1,1890,0.15,1606.5,1135.62,470.88,ลูกค้าประจำ,เก็บเงินปลายทาง,1
ORD00928,2025-11-15,ภาคกลาง,กรุงเทพมหานคร,หน้าร้าน,คอมพิวเตอร์,เมาส์เกมมิ่ง,1,890,0,996.8,542.89,453.91,ลูกค้าประจำ,เงินสด,5
ORD01653,2024-11-01,ภาคกลาง,กรุงเทพมหานคร,หน้าร้าน,ความงาม,ครีมกันแดด,1,450,0,450.0,285.29,164.71,ลูกค้าประจำ,โอนผ่านแอป,4
ORD02337,2025-05-20,ภาคใต้,สุราษฎร์ธานี,Lazada,อิเล็กทรอนิกส์,หูฟังไร้สาย,1,1290,0.1,1300.32,731.77,568.55,ลูกค้าประจำ,เงินสด,5
ORD00392,2025-08-08,ภาคเหนือ,เชียงใหม่,Lazada,อิเล็กทรอนิกส์,หูฟังไร้สาย,1,1290,0,1444.8,935.97,508.83,ลูกค้าประจำ,เก็บเงินปลายทาง,5
ORD02256,2024-11-16,ภาคกลาง,ปทุมธานี,LINE Shopping,ความงาม,เซรั่มบำรุงผิว,2,790,0.15,1343.0,1075.5,267.5,ลูกค้าประจำ,บัตรเครดิต,4
ORD00380,2024-11-07,ภาคเหนือ,พิษณุโลก,Lazada,เครื่องใช้ในบ้าน,กาต้มน้ำไฟฟ้า,1,590,0,590.0,406.52,183.48,ลูกค้าใหม่,เงินสด,4
ORD00183,2024-12-03,ภาคเหนือ,เชียงราย,Shopee,ความงาม,ครีมกันแดด,1,450,0.15,382.5,265.58,116.92,ลูกค้าใหม่,เก็บเงินปลายทาง,5
ORD00098,2025-07-31,ภาคเหนือ,เชียงราย,Shopee,ความงาม,ลิปสติก,2,350,0.15,666.4,429.26,237.14,ลูกค้าใหม่,เก็บเงินปลายทาง,4
ORD00533,2025-11-10,ภาคอีสาน,อุดรธานี,หน้าร้าน,อิเล็กทรอนิกส์,พาวเวอร์แบงก์,1,690,0,772.8,472.91,299.89,ลูกค้าใหม่,เงินสด,4
ORD02747,2025-04-10,ภาคตะวันออก,จันทบุรี,Shopee,คอมพิวเตอร์,คีย์บอร์ดแมคคานิคอล,1,2490,0,2788.8,1791.18,997.62,ลูกค้าประจำ,โอนผ่านแอป,1
ORD00966,2024-04-12,ภาคอีสาน,อุบลราชธานี,Lazada,ความงาม,ครีมกันแดด,3,450,0,1350.0,888.52,461.48,ลูกค้าประจำ,บัตรเครดิต,2
ORD02138,2024-06-26,ภาคกลาง,นนทบุรี,หน้าร้าน,ความงาม,เซรั่มบำรุงผิว,1,790,0,790.0,471.54,318.46,ลูกค้าประจำ,เงินสด,4
ORD02717,2024-11-05,ภาคกลาง,นนทบุรี,LINE Shopping,เครื่องใช้ในบ้าน,เครื่องฟอกอากาศ,1,4990,0.15,4241.5,3112.03,1129.47,ลูกค้าประจำ,โอนผ่านแอป,3
ORD01998,2024-07-03,ภาคอีสาน,ขอนแก่น,Shopee,คอมพิวเตอร์,"จอมอนิเตอร์ 24""",1,4290,0.15,3646.5,2556.44,1090.06,ลูกค้าประจำ,โอนผ่านแอป,3
ORD02940,2025-01-30,ภาคอีสาน,อุดรธานี,เว็บไซต์,เครื่องใช้ในบ้าน,เครื่องฟอกอากาศ,1,4990,0,5588.8,3021.52,2567.28,ลูกค้าประจำ,เงินสด,2
ORD01837,2024-03-15,ภาคอีสาน,อุดรธานี,LINE Shopping,คอมพิวเตอร์,"จอมอนิเตอร์ 24""",1,4290,0,4290.0,2580.71,1709.29,ลูกค้าใหม่,บัตรเครดิต,5
ORD02801,2024-06-22,ภาคกลาง,,เว็บไซต์,ความงาม,เซรั่มบำรุงผิว,1,790,0,790.0,512.51,277.49,ลูกค้าประจำ,เก็บเงินปลายทาง,5
ORD02762,2024-04-30,ภาคตะวันออก,ชลบุรี,หน้าร้าน,เครื่องใช้ในบ้าน,หม้อทอดไร้น้ำมัน,1,2590,0,2590.0,1468.04,1121.96,ลูกค้าประจำ,บัตรเครดิต,5
ORD01508,2025-11-21,ภาคกลาง,นนทบุรี,Shopee,แฟชั่น,กางเกงยีนส์,1,890,0,996.8,495.06,501.74,ลูกค้าประจำ,เงินสด,2
ORD01209,2024-07-27,ภาคกลาง,นครปฐม,Lazada,ความงาม,ครีมกันแดด,3,450,0.05,1282.5,784.08,498.42,ลูกค้าใหม่,โอนผ่านแอป,3
ORD01256,2025-07-24,ภาคใต้,สงขลา,เว็บไซต์,แฟชั่น,กระเป๋าเป้,1,990,0.1,997.92,644.78,353.14,ลูกค้าประจำ,บัตรเครดิต,4
ORD01690,2024-09-05,ภาคใต้,สงขลา,หน้าร้าน,เครื่องใช้ในบ้าน,กาต้มน้ำไฟฟ้า,1,590,0.05,560.5,391.75,168.75,ลูกค้าใหม่,บัตรเครดิต,4
ORD01999,2024-08-28,ภาคกลาง,นนทบุรี,หน้าร้าน,อิเล็กทรอนิกส์,หูฟังไร้สาย,4,1290,0,5160.0,3137.48,2022.52,ลูกค้าใหม่,บัตรเครดิต,3
ORD01436,2025-08-03,ภาคกลาง,นครปฐม,หน้าร้าน,ความงาม,ลิปสติก,1,350,0,392.0,226.84,165.16,ลูกค้าใหม่,โอนผ่านแอป,3
ORD01735,2025-11-17,ภาคกลาง,นครปฐม,หน้าร้าน,อิเล็กทรอนิกส์,สมาร์ทวอทช์,2,3490,0,7817.6,5193.91,2623.69,ลูกค้าประจำ,เงินสด,4
ORD01626,2024-10-25,ภาคกลาง,กรุงเทพมหานคร,LINE Shopping,แฟชั่น,กระเป๋าเป้,1,990,0.05,940.5,658.86,281.64,ลูกค้าประจำ,เก็บเงินปลายทาง,3
ORD01496,2024-11-02,ภาคเหนือ,เชียงราย,เว็บไซต์,อิเล็กทรอนิกส์,พาวเวอร์แบงก์,2,690,0.15,1173.0,1022.12,150.88,ลูกค้าประจำ,โอนผ่านแอป,4
ORD00137,2025-09-19,ภาคกลาง,นครปฐม,Shopee,ความงาม,ลิปสติก,3,350,0.1,1058.4,751.44,306.96,ลูกค้าประจำ,บัตรเครดิต,4
ORD00961,2025-12-28,ภาคกลาง,นครปฐม,หน้าร้าน,ความงาม,เซรั่มบำรุงผิว,1,790,0.05,840.56,476.02,364.54,ลูกค้าใหม่,บัตรเครดิต,5
ORD01223,2025-11-14,ภาคเหนือ,เชียงใหม่,หน้าร้าน,แฟชั่น,กระเป๋าเป้,1,990,0,1108.8,644.27,464.53,ลูกค้าใหม่,โอนผ่านแอป,5
ORD02999,2025-12-15,ภาคกลาง,นนทบุรี,เว็บไซต์,คอมพิวเตอร์,เมาส์เกมมิ่ง,1,890,0,996.8,501.04,495.76,ลูกค้าประจำ,บัตรเครดิต,4
ORD00665,2024-12-14,ภาคอีสาน,ขอนแก่น,LINE Shopping,คอมพิวเตอร์,เมาส์เกมมิ่ง,1,890,0,890.0,657.72,232.28,ลูกค้าประจำ,บัตรเครดิต,4
ORD02246,2025-04-19,ภาคเหนือ,พิษณุโลก,หน้าร้าน,ความงาม,ครีมกันแดด,1,450,0,504.0,272.37,231.63,ลูกค้าใหม่,โอนผ่านแอป,1
ORD00844,2025-08-07,ภาคเหนือ,เชียงใหม่,หน้าร้าน,คอมพิวเตอร์,SSD 1TB,1,2190,0.05,2330.16,1607.1,723.06,ลูกค้าประจำ,เก็บเงินปลายทาง,4
ORD02199,2025-02-06,ภาคตะวันออก,ระยอง,Shopee,เครื่องใช้ในบ้าน,หม้อทอดไร้น้ำมัน,1,2590,0,2900.8,1461.18,1439.62,ลูกค้าใหม่,โอนผ่านแอป,4
ORD01019,2025-06-13,ภาคตะวันออก,จันทบุรี,Shopee,อิเล็กทรอนิกส์,พาวเวอร์แบงก์,1,690,0,772.8,515.24,257.56,ลูกค้าประจำ,โอนผ่านแอป,4
ORD00838,2024-12-04,ภาคกลาง,ปทุมธานี,หน้าร้าน,เครื่องใช้ในบ้าน,กาต้มน้ำไฟฟ้า,2,590,0.05,1121.0,659.68,461.32,ลูกค้าประจำ,เก็บเงินปลายทาง,4
ORD00213,2025-12-18,ภาคอีสาน,ขอนแก่น,หน้าร้าน,แฟชั่น,เสื้อยืด,1,290,0,324.8,172.01,152.79,ลูกค้าประจำ,เก็บเงินปลายทาง,4
ORD02751,2025-04-03,ภาคอีสาน,ขอนแก่น,Shopee,เครื่องใช้ในบ้าน,กาต้มน้ำไฟฟ้า,1,590,0,660.8,388.5,272.3,ลูกค้าประจำ,เงินสด,3
ORD01009,2025-01-14,ภาคกลาง,ปทุมธานี,Shopee,ความงาม,ครีมกันแดด,2,450,0,1008.0,633.34,374.66,ลูกค้าใหม่,เงินสด,5
ORD00280,2025-11-25,ภาคใต้,สุราษฎร์ธานี,Shopee,ความงาม,ครีมกันแดด,5,450,0,2520.0,1471.09,1048.91,ลูกค้าประจำ,เงินสด,4
ORD02813,2024-05-17,ภาคกลาง,กรุงเทพมหานคร,หน้าร้าน,อิเล็กทรอนิกส์,หูฟังไร้สาย,1,1290,0,1290.0,903.81,386.19,ลูกค้าประจำ,เก็บเงินปลายทาง,3
ORD01563,2025-12-19,ภาคเหนือ,เชียงราย,หน้าร้าน,อิเล็กทรอนิกส์,ลำโพงบลูทูธ,1,1590,0.05,1691.76,1086.74,605.02,ลูกค้าประจำ,เงินสด,3
ORD00871,2024-01-03,ภาคตะวันออก,ชลบุรี,Shopee,อิเล็กทรอนิกส์,พาวเวอร์แบงก์,1,690,0,690.0,424.12,265.88,ลูกค้าใหม่,เก็บเงินปลายทาง,4
ORD00030,2025-12-22,ภาคใต้,สงขลา,Lazada,คอมพิวเตอร์,"จอมอนิเตอร์ 24""",1,4290,0,4804.8,2605.67,2199.13,ลูกค้าประจำ,บัตรเครดิต,4
ORD02305,2024-10-12,ภาคเหนือ,เชียงใหม่,เว็บไซต์,เครื่องใช้ในบ้าน,เครื่องฟอกอากาศ,2,4990,0.15,8483.0,6186.55,2296.45,ลูกค้าประจำ,เงินสด,5
ORD00124,2025-06-04,ภาคตะวันออก,ระยอง,หน้าร้าน,คอมพิวเตอร์,คีย์บอร์ดแมคคานิคอล,3,2490,0.05,7948.08,4963.48,2984.6,ลูกค้าประจำ,โอนผ่านแอป,4
ORD00301,2025-03-10,ภาคกลาง,กรุงเทพมหานคร,หน้าร้าน,แฟชั่น,เสื้อยืด,2,290,0,649.6,402.16,247.44,ลูกค้าใหม่,เงินสด,3
ORD00960,2025-01-18,ภาคอีสาน,,Lazada,อิเล็กทรอนิกส์,ลำโพงบลูทูธ,2,1590,0,3561.6,1758.11,1803.49,ลูกค้าประจำ,โอนผ่านแอป,3
ORD00847,2024-12-28,ภาคตะวันออก,ระยอง,Shopee,คอมพิวเตอร์,"จอมอนิเตอร์ 24""",1,4290,0,4290.0,2988.9,1301.1,ลูกค้าใหม่,เงินสด,5
ORD00920,2025-11-25,ภาคกลาง,ปทุมธานี,Lazada,เครื่องใช้ในบ้าน,กาต้มน้ำไฟฟ้า,1,590,0.15,561.68,354.93,206.75,,โอนผ่านแอป,3
ORD01819,2024-12-30,ภาคใต้,สงขลา,เว็บไซต์,เครื่องใช้ในบ้าน,กาต้มน้ำไฟฟ้า,1,590,0.05,560.5,368.27,192.23,ลูกค้าประจำ,เงินสด,4
ORD01396,2025-10-04,ภาคกลาง,นนทบุรี,Lazada,คอมพิวเตอร์,เมาส์เกมมิ่ง,1,890,0,996.8,528.49,468.31,ลูกค้าใหม่,เก็บเงินปลายทาง,4
ORD00005,2025-11-30,ภาคอีสาน,นครราชสีมา,เว็บไซต์,คอมพิวเตอร์,คีย์บอร์ดแมคคานิคอล,1,2490,0.15,2370.48,1712.2,658.28,ลูกค้าประจำ,เงินสด,3
ORD00953,2024-05-23,ภาคใต้,ภูเก็ต,Shopee,อิเล็กทรอนิกส์,พาวเวอร์แบงก์,3,690,0,2070.0,1394.17,675.83,ลูกค้าประจำ,โอนผ่านแอป,5
ORD00324,2025-01-19,ภาคอีสาน,อุดรธานี,หน้าร้าน,เครื่องใช้ในบ้าน,เครื่องฟอกอากาศ,1,4990,0.05,5309.36,3328.7,1980.66,ลูกค้าประจำ,เก็บเงินปลายทาง,4
ORD02852,2025-09-10,ภาคกลาง,ปทุมธานี,Lazada,อิเล็กทรอนิกส์,สมาร์ทวอทช์,4,3490,0,15635.2,9964.47,5670.73,ลูกค้าประจำ,เก็บเงินปลายทาง,5
ORD01956,2025-11-23,ภาคตะวันออก,จันทบุรี,Lazada,คอมพิวเตอร์,"จอมอนิเตอร์ 24""",3,4290,0.1,12972.96,9445.96,3527.0,ลูกค้าประจำ,บัตรเครดิต,4
ORD02346,2024-10-14,ภาคอีสาน,นครราชสีมา,หน้าร้าน,แฟชั่น,กระเป๋าเป้,2,990,0.05,1881.0,1143.22,737.78,ลูกค้าใหม่,เก็บเงินปลายทาง,2
ORD02033,2025-06-06,ภาคอีสาน,อุบลราชธานี,หน้าร้าน,ความงาม,เซรั่มบำรุงผิว,2,790,0,1769.6,1100.65,668.95,ลูกค้าใหม่,เก็บเงินปลายทาง,4
ORD00523,2024-07-22,ภาคใต้,สงขลา,Shopee,อิเล็กทรอนิกส์,ลำโพงบลูทูธ,2,1590,0,3180.0,1805.64,1374.36,ลูกค้าใหม่,เงินสด,1
ORD00307,2025-07-16,ภาคเหนือ,เชียงราย,หน้าร้าน,เครื่องใช้ในบ้าน,กาต้มน้ำไฟฟ้า,1,590,0.05,627.76,393.01,234.75,ลูกค้าใหม่,โอนผ่านแอป,3
ORD01883,2025-12-10,ภาคกลาง,ปทุมธานี,เว็บไซต์,แฟชั่น,กางเกงยีนส์,3,890,0,2990.4,1729.01,1261.39,ลูกค้าใหม่,บัตรเครดิต,3
ORD02636,2024-11-20,ภาคกลาง,ปทุมธานี,Shopee,ความงาม,ครีมกันแดด,2,450,0,900.0,591.09,308.91,ลูกค้าประจำ,บัตรเครดิต,5
ORD01702,2025-06-22,ภาคกลาง,ปทุมธานี,Shopee,แฟชั่น,กางเกงยีนส์,2,890,0.15,1694.56,1207.54,487.02,ลูกค้าประจำ,เงินสด,4
ORD02238,2025-06-25,ภาคอีสาน,อุบลราชธานี,Lazada,คอมพิวเตอร์,"จอมอนิเตอร์ 24""",2,4290,0.15,8168.16,5190.31,2977.85,ลูกค้าใหม่,โอนผ่านแอป,4
ORD00755,2025-05-21,ภาคตะวันออก,จันทบุรี,Lazada,คอมพิวเตอร์,SSD 1TB,1,2190,0.05,2330.16,1236.73,1093.43,ลูกค้าใหม่,เก็บเงินปลายทาง,4
ORD02927,2024-04-25,ภาคตะวันออก,จันทบุรี,Lazada,เครื่องใช้ในบ้าน,เครื่องฟอกอากาศ,5,4990,0,24950.0,18498.91,6451.09,ลูกค้าประจำ,เก็บเงินปลายทาง,5
ORD00388,2024-11-22,ภาคกลาง,ปทุมธานี,LINE Shopping,แฟชั่น,รองเท้าผ้าใบ,1,1890,0.15,1606.5,1392.27,214.23,ลูกค้าใหม่,โอนผ่านแอป,3
ORD00131,2025-06-11,ภาคกลาง,นครปฐม,หน้าร้าน,แฟชั่น,เสื้อยืด,1,290,0,324.8,162.44,162.36,ลูกค้าประจำ,เก็บเงินปลายทาง,3
ORD01897,2025-12-17,ภาคกลาง,นนทบุรี,Shopee,คอมพิวเตอร์,"จอมอนิเตอร์ 24""",1,4290,0,4804.8,2594.97,2209.83,ลูกค้าประจำ,เก็บเงินปลายทาง,4
ORD00261,2024-10-10,ภาคอีสาน,อุบลราชธานี,Lazada,เครื่องใช้ในบ้าน,หม้อทอดไร้น้ำมัน,1,2590,0,2590.0,1841.71,748.29,ลูกค้าประจำ,โอนผ่านแอป,5
ORD01528,2024-03-14,ภาคอีสาน,นครราชสีมา,Shopee,ความงาม,ลิปสติก,2,350,0.15,595.0,502.4,92.6,ลูกค้าใหม่,โอนผ่านแอป,4
ORD02404,2025-12-25,ภาคเหนือ,เชียงราย,LINE Shopping,คอมพิวเตอร์,"จอมอนิเตอร์ 24""",1,4290,0,4804.8,2578.24,2226.56,ลูกค้าประจำ,โอนผ่านแอป,4
ORD00278,2025-05-04,ภาคอีสาน,อุบลราชธานี,Lazada,คอมพิวเตอร์,เมาส์เกมมิ่ง,1,890,0,996.8,507.96,488.84,ลูกค้าประจำ,เก็บเงินปลายทาง,3
ORD00500,2024-05-01,ภาคกลาง,ปทุมธานี,หน้าร้าน,แฟชั่น,กระเป๋าเป้,1,990,0.05,940.5,675.06,265.44,ลูกค้าประจำ,โอนผ่านแอป,4
ORD01276,2025-08-07,ภาคตะวันออก,จันทบุรี,หน้าร้าน,อิเล็กทรอนิกส์,พาวเวอร์แบงก์,2,690,0.05,1468.32,1018.94,449.38,ลูกค้าใหม่,,3
ORD00110,2024-04-11,ภาคอีสาน,นครราชสีมา,LINE Shopping,คอมพิวเตอร์,คีย์บอร์ดแมคคานิคอล,1,2490,0.05,2365.5,1716.14,649.36,ลูกค้าประจำ,เก็บเงินปลายทาง,4
ORD00513,2025-11-18,ภาคกลาง,ปทุมธานี,Lazada,คอมพิวเตอร์,คีย์บอร์ดแมคคานิคอล,1,2490,0,2788.8,1629.43,1159.37,ลูกค้าประจำ,เงินสด,3
ORD02586,2025-12-08,ภาคเหนือ,พิษณุโลก,เว็บไซต์,ความงาม,ครีมกันแดด,1,450,0.15,428.4,276.93,151.47,ลูกค้าประจำ,เก็บเงินปลายทาง,4
ORD01156,2024-11-03,ภาคกลาง,กรุงเทพมหานคร,หน้าร้าน,เครื่องใช้ในบ้าน,เครื่องฟอกอากาศ,1,4990,0,4990.0,3674.05,1315.95,ลูกค้าใหม่,เงินสด,5
ORD02130,2025-12-01,ภาคกลาง,กรุงเทพมหานคร,LINE Shopping,คอมพิวเตอร์,คีย์บอร์ดแมคคานิคอล,2,2490,0,5577.6,3017.8,2559.8,ลูกค้าประจำ,เงินสด,5
ORD02500,2024-10-08,ภาคอีสาน,อุบลราชธานี,เว็บไซต์,อิเล็กทรอนิกส์,สมาร์ทวอทช์,1,3490,0.15,2966.5,2245.49,721.01,ลูกค้าประจำ,เงินสด,4
ORD00209,2025-01-11,ภาคกลาง,นครปฐม,Shopee,คอมพิวเตอร์,คีย์บอร์ดแมคคานิคอล,1,2490,0.1,2509.92,1693.21,816.71,ลูกค้าใหม่,โอนผ่านแอป,
ORD01130,2024-08-28,ภาคอีสาน,ขอนแก่น,เว็บไซต์,คอมพิวเตอร์,"จอมอนิเตอร์ 24""",1,4290,0.05,4075.5,3091.54,983.96,ลูกค้าใหม่,เงินสด,3
ORD00752,2024-01-27,ภาคอีสาน,ขอนแก่น,Lazada,ความงาม,ครีมกันแดด,1,450,0,450.0,298.96,151.04,ลูกค้าประจำ,โอนผ่านแอป,5
ORD00902,2024-05-30,ภาคอีสาน,อุดรธานี,Lazada,อิเล็กทรอนิกส์,ลำโพงบลูทูธ,1,1590,0,1590.0,1169.43,420.57,ลูกค้าประจำ,เงินสด,3
ORD00822,2024-12-22,ภาคตะวันออก,จันทบุรี,Shopee,เครื่องใช้ในบ้าน,เครื่องฟอกอากาศ,3,4990,0,14970.0,9254.29,5715.71,ลูกค้าประจำ,เก็บเงินปลายทาง,5
ORD00592,2024-09-01,ภาคใต้,ภูเก็ต,LINE Shopping,เครื่องใช้ในบ้าน,กาต้มน้ำไฟฟ้า,3,590,0.1,1593.0,1192.83,400.17,ลูกค้าประจำ,เงินสด,3
ORD02259,2025-06-12,ภาคอีสาน,อุบลราชธานี,Lazada,ความงาม,ลิปสติก,1,350,0.15,333.2,247.3,85.9,ลูกค้าใหม่,บัตรเครดิต,4
ORD01969,2025-07-17,ภาคอีสาน,อุบลราชธานี,Lazada,อิเล็กทรอนิกส์,ลำโพงบลูทูธ,1,1590,0.15,1513.68,1005.22,508.46,ลูกค้าประจำ,,4
ORD01928,2025-03-18,ภาคเหนือ,เชียงใหม่,Shopee,ความงาม,ครีมกันแดด,2,450,0.05,957.6,610.84,346.76,ลูกค้าประจำ,บัตรเครดิต,3
ORD01177,2025-12-14,ภาคกลาง,ปทุมธานี,หน้าร้าน,แฟชั่น,กางเกงยีนส์,1,890,0.05,946.96,591.26,355.7,ลูกค้าใหม่,โอนผ่านแอป,3
ORD02123,2024-08-10,ภาคเหนือ,เชียงใหม่,เว็บไซต์,เครื่องใช้ในบ้าน,เครื่องฟอกอากาศ,1,4990,0,4990.0,2906.37,2083.63,ลูกค้าประจำ,บัตรเครดิต,5
ORD02107,2024-02-17,ภาคกลาง,นครปฐม,LINE Shopping,แฟชั่น,กระเป๋าเป้,1,990,0,990.0,698.04,291.96,ลูกค้าใหม่,บัตรเครดิต,1
ORD01559,2024-06-20,ภาคตะวันออก,ชลบุรี,Shopee,อิเล็กทรอนิกส์,ลำโพงบลูทูธ,3,1590,0,4770.0,2857.11,1912.89,ลูกค้าประจำ,โอนผ่านแอป,5
ORD00797,2024-07-07,ภาคใต้,สงขลา,Shopee,ความงาม,เซรั่มบำรุงผิว,3,790,0.15,2014.5,1596.03,418.47,ลูกค้าใหม่,เงินสด,3
ORD02975,2024-06-09,ภาคอีสาน,นครราชสีมา,Shopee,แฟชั่น,รองเท้าผ้าใบ,1,1890,0,1890.0,1052.29,837.71,ลูกค้าประจำ,โอนผ่านแอป,3
ORD01783,2025-12-08,ภาคใต้,ภูเก็ต,Lazada,แฟชั่น,กางเกงยีนส์,2,890,0.15,1694.56,1298.97,395.59,ลูกค้าใหม่,บัตรเครดิต,4
ORD00586,2024-02-07,ภาคตะวันออก,ระยอง,LINE Shopping,ความงาม,ครีมกันแดด,1,450,0.15,382.5,283.15,99.35,ลูกค้าประจำ,เก็บเงินปลายทาง,3
ORD01725,2025-08-05,ภาคอีสาน,อุบลราชธานี,Lazada,คอมพิวเตอร์,เมาส์เกมมิ่ง,2,890,0.05,1893.92,993.83,900.09,ลูกค้าใหม่,เก็บเงินปลายทาง,4
ORD02222,2024-01-16,ภาคกลาง,ปทุมธานี,Shopee,ความงาม,ลิปสติก,1,350,0,350.0,238.6,111.4,ลูกค้าใหม่,โอนผ่านแอป,5
ORD02842,2024-01-15,ภาคกลาง,กรุงเทพมหานคร,หน้าร้าน,ความงาม,เซรั่มบำรุงผิว,1,790,0.05,750.5,505.36,245.14,ลูกค้าประจำ,โอนผ่านแอป,5
ORD02814,2025-11-29,ภาคใต้,ภูเก็ต,Lazada,เครื่องใช้ในบ้าน,กาต้มน้ำไฟฟ้า,1,590,0,660.8,374.07,286.73,ลูกค้าใหม่,เงินสด,4
ORD02142,2025-12-24,ภาคเหนือ,เชียงใหม่,LINE Shopping,คอมพิวเตอร์,คีย์บอร์ดแมคคานิคอล,1,2490,0.1,2509.92,1843.77,666.15,ลูกค้าประจำ,โอนผ่านแอป,4
ORD00965,2024-12-28,ภาคใต้,สุราษฎร์ธานี,Lazada,ความงาม,ลิปสติก,1,350,0,350.0,230.26,119.74,ลูกค้าประจำ,โอนผ่านแอป,4
ORD02953,2024-11-26,ภาคกลาง,นครปฐม,เว็บไซต์,เครื่องใช้ในบ้าน,หม้อทอดไร้น้ำมัน,1,2590,0.05,2460.5,1733.31,727.19,ลูกค้าใหม่,เงินสด,4
ORD00517,2025-01-28,ภาคตะวันออก,,Lazada,เครื่องใช้ในบ้าน,กาต้มน้ำไฟฟ้า,1,590,0.05,627.76,370.34,257.42,ลูกค้าประจำ,บัตรเครดิต,4
ORD00027,2024-10-12,ภาคเหนือ,เชียงราย,หน้าร้าน,ความงาม,เซรั่มบำรุงผิว,4,790,0,3160.0,1850.85,1309.15,ลูกค้าใหม่,เก็บเงินปลายทาง,4
ORD01377,2025-11-13,ภาคกลาง,กรุงเทพมหานคร,Shopee,อิเล็กทรอนิกส์,ลำโพงบลูทูธ,1,1590,0,1780.8,1182.91,597.89,ลูกค้าใหม่,เงินสด,1
ORD00321,2024-01-17,ภาคใต้,สุราษฎร์ธานี,หน้าร้าน,ความงาม,ลิปสติก,1,350,0,350.0,204.92,145.08,ลูกค้าประจำ,เงินสด,3
ORD02572,2024-11-10,ภาคกลาง,นนทบุรี,หน้าร้าน,แฟชั่น,กระเป๋าเป้,1,990,0,990.0,711.12,278.88,ลูกค้าใหม่,เงินสด,3
ORD01697,2025-11-05,ภาคตะวันออก,ชลบุรี,เว็บไซต์,คอมพิวเตอร์,เมาส์เกมมิ่ง,4,890,0.15,3389.12,2428.87,960.25,ลูกค้าประจำ,เงินสด,3
ORD00271,2024-01-23,ภาคกลาง,กรุงเทพมหานคร,หน้าร้าน,เครื่องใช้ในบ้าน,กาต้มน้ำไฟฟ้า,2,590,0.05,1121.0,709.37,411.63,ลูกค้าประจำ,เงินสด,5
ORD00858,2025-08-25,ภาคกลาง,ปทุมธานี,เว็บไซต์,ความงาม,เซรั่มบำรุงผิว,3,790,0.15,2256.24,1314.61,941.63,ลูกค้าประจำ,เงินสด,4
ORD02552,2024-12-08,ภาคตะวันออก,ชลบุรี,Shopee,เครื่องใช้ในบ้าน,เครื่องฟอกอากาศ,1,4990,0.05,4740.5,3607.77,1132.73,ลูกค้าประจำ,เก็บเงินปลายทาง,3
ORD01986,2025-01-10,ภาคเหนือ,เชียงราย,Shopee,คอมพิวเตอร์,SSD 1TB,1,2190,0.1,2207.52,1384.31,823.21,ลูกค้าประจำ,เงินสด,3
ORD01745,2024-02-08,ภาคใต้,สุราษฎร์ธานี,Lazada,เครื่องใช้ในบ้าน,กาต้มน้ำไฟฟ้า,1,590,0,590.0,326.68,263.32,ลูกค้าประจำ,เก็บเงินปลายทาง,5
ORD00829,2024-02-15,ภาคกลาง,ปทุมธานี,หน้าร้าน,อิเล็กทรอนิกส์,ลำโพงบลูทูธ,1,1590,0,1590.0,978.1,611.9,ลูกค้าประจำ,เก็บเงินปลายทาง,2
ORD01338,2025-07-12,ภาคกลาง,กรุงเทพมหานคร,หน้าร้าน,ความงาม,ครีมกันแดด,1,450,0,504.0,248.56,255.44,ลูกค้าประจำ,เก็บเงินปลายทาง,4
ORD02557,2025-08-25,ภาคอีสาน,อุบลราชธานี,หน้าร้าน,ความงาม,ครีมกันแดด,3,450,0.05,1436.4,833.18,603.22,ลูกค้าใหม่,เงินสด,5
ORD01607,2025-07-17,ภาคอีสาน,นครราชสีมา,Lazada,แฟชั่น,กางเกงยีนส์,1,890,0.1,897.12,643.03,254.09,ลูกค้าใหม่,เงินสด,3
ORD02663,2024-10-30,ภาคตะวันออก,ระยอง,Shopee,คอมพิวเตอร์,คีย์บอร์ดแมคคานิคอล,1,2490,0.15,2116.5,1565.39,551.11,ลูกค้าใหม่,เก็บเงินปลายทาง,5
ORD01501,2025-04-18,ภาคใต้,สุราษฎร์ธานี,เว็บไซต์,ความงาม,ลิปสติก,1,350,0.1,352.8,230.05,122.75,ลูกค้าใหม่,เก็บเงินปลายทาง,4
ORD01439,2025-06-08,ภาคใต้,ภูเก็ต,หน้าร้าน,เครื่องใช้ในบ้าน,หม้อทอดไร้น้ำมัน,1,2590,0,2900.8,1487.2,1413.6,ลูกค้าใหม่,เงินสด,5
ORD00617,2025-01-12,ภาคกลาง,กรุงเทพมหานคร,หน้าร้าน,แฟชั่น,กระเป๋าเป้,1,990,0.05,1053.36,627.35,426.01,ลูกค้าใหม่,โอนผ่านแอป,3
ORD02443,2024-09-12,ภาคกลาง,ปทุมธานี,Shopee,ความงาม,ลิปสติก,1,350,0.05,332.5,203.62,128.88,ลูกค้าประจำ,เก็บเงินปลายทาง,4
ORD01200,2024-08-15,ภาคใต้,ภูเก็ต,Shopee,อิเล็กทรอนิกส์,หูฟังไร้สาย,2,1290,0.05,2451.0,1791.17,659.83,ลูกค้าประจำ,โอนผ่านแอป,3
ORD01630,2025-03-16,ภาคเหนือ,เชียงใหม่,หน้าร้าน,เครื่องใช้ในบ้าน,หม้อทอดไร้น้ำมัน,1,2590,0.05,2755.76,1581.83,1173.93,ลูกค้าประจำ,บัตรเครดิต,4
ORD00151,2025-01-03,ภาคกลาง,ปทุมธานี,เว็บไซต์,อิเล็กทรอนิกส์,ลำโพงบลูทูธ,1,1590,0.1,1602.72,1168.05,434.67,ลูกค้าประจำ,บัตรเครดิต,4
ORD02682,2025-04-20,ภาคกลาง,กรุงเทพมหานคร,Shopee,อิเล็กทรอนิกส์,สมาร์ทวอทช์,1,3490,0,3908.8,2322.06,1586.74,ลูกค้าประจำ,บัตรเครดิต,4
ORD02099,2024-01-26,ภาคตะวันออก,ระยอง,Shopee,เครื่องใช้ในบ้าน,หม้อทอดไร้น้ำมัน,4,2590,0,10360.0,7556.43,2803.57,ลูกค้าประจำ,บัตรเครดิต,5
ORD00974,2025-05-21,ภาคเหนือ,พิษณุโลก,Lazada,เครื่องใช้ในบ้าน,หม้อทอดไร้น้ำมัน,5,2590,0.05,13778.8,8574.64,5204.16,ลูกค้าใหม่,เก็บเงินปลายทาง,2
ORD01612,2024-03-03,ภาคเหนือ,พิษณุโลก,Lazada,เครื่องใช้ในบ้าน,เครื่องฟอกอากาศ,3,4990,0.05,14221.5,9824.99,4396.51,ลูกค้าประจำ,เก็บเงินปลายทาง,5
ORD00738,2025-09-10,ภาคอีสาน,นครราชสีมา,หน้าร้าน,แฟชั่น,เสื้อยืด,1,290,0,324.8,214.51,110.29,ลูกค้าประจำ,บัตรเครดิต,4
ORD02387,2024-08-26,ภาคอีสาน,อุดรธานี,Shopee,อิเล็กทรอนิกส์,หูฟังไร้สาย,1,1290,0,1290.0,878.48,411.52,ลูกค้าประจำ,เงินสด,3
ORD00043,2024-11-23,ภาคใต้,สงขลา,Shopee,ความงาม,ครีมกันแดด,3,450,0,1350.0,836.25,513.75,ลูกค้าประจำ,เงินสด,4
ORD01127,2024-11-28,ภาคใต้,สงขลา,LINE Shopping,คอมพิวเตอร์,SSD 1TB,4,2190,0.15,7446.0,5767.95,1678.05,ลูกค้าประจำ,เก็บเงินปลายทาง,4
ORD01489,2025-06-26,ภาคเหนือ,พิษณุโลก,หน้าร้าน,อิเล็กทรอนิกส์,สมาร์ทวอทช์,2,3490,0,7817.6,5015.06,2802.54,ลูกค้าใหม่,เงินสด,2
ORD02430,2024-10-19,ภาคเหนือ,พิษณุโลก,หน้าร้าน,แฟชั่น,เสื้อยืด,1,290,0.05,275.5,181.27,94.23,ลูกค้าใหม่,เงินสด,3
ORD01965,2025-06-17,ภาคเหนือ,เชียงใหม่,Lazada,ความงาม,ครีมกันแดด,3,450,0,1512.0,914.75,597.25,ลูกค้าใหม่,บัตรเครดิต,4
ORD00264,2024-09-21,ภาคเหนือ,เชียงราย,หน้าร้าน,คอมพิวเตอร์,"จอมอนิเตอร์ 24""",2,4290,0,8580.0,5996.06,2583.94,ลูกค้าประจำ,บัตรเครดิต,4
ORD02700,2024-10-07,ภาคกลาง,ปทุมธานี,Lazada,เครื่องใช้ในบ้าน,กาต้มน้ำไฟฟ้า,1,590,0,590.0,330.31,259.69,ลูกค้าใหม่,โอนผ่านแอป,5
ORD01453,2025-04-17,ภาคกลาง,นครปฐม,เว็บไซต์,เครื่องใช้ในบ้าน,กาต้มน้ำไฟฟ้า,2,590,0,1321.6,786.43,535.17,ลูกค้าประจำ,เก็บเงินปลายทาง,5
ORD01684,2024-06-24,ภาคกลาง,กรุงเทพมหานคร,Shopee,คอมพิวเตอร์,เมาส์เกมมิ่ง,2,890,0,1780.0,1064.48,715.52,ลูกค้าประจำ,โอนผ่านแอป,5
ORD01974,2025-12-24,ภาคอีสาน,อุบลราชธานี,Lazada,อิเล็กทรอนิกส์,ลำโพงบลูทูธ,2,1590,0,3561.6,2120.84,1440.76,ลูกค้าใหม่,เก็บเงินปลายทาง,5
ORD00377,2025-05-14,ภาคอีสาน,อุบลราชธานี,Shopee,ความงาม,ลิปสติก,5,350,0,1960.0,987.58,972.42,ลูกค้าใหม่,เงินสด,3
ORD01281,2025-11-12,ภาคใต้,ภูเก็ต,หน้าร้าน,อิเล็กทรอนิกส์,พาวเวอร์แบงก์,2,690,0,1545.6,783.87,761.73,ลูกค้าประจำ,เก็บเงินปลายทาง,4
ORD01898,2024-11-04,ภาคตะวันออก,ระยอง,เว็บไซต์,ความงาม,เซรั่มบำรุงผิว,1,790,0.05,750.5,567.35,183.15,ลูกค้าประจำ,เงินสด,3
ORD01750,2025-03-02,ภาคเหนือ,เชียงราย,หน้าร้าน,คอมพิวเตอร์,คีย์บอร์ดแมคคานิคอล,1,2490,0.05,2649.36,1497.62,1151.74,ลูกค้าใหม่,เงินสด,3
ORD02687,2025-03-18,ภาคกลาง,นครปฐม,หน้าร้าน,อิเล็กทรอนิกส์,ลำโพงบลูทูธ,3,1590,0,5342.4,3444.74,1897.66,ลูกค้าใหม่,เงินสด,3
ORD00945,2025-02-15,ภาคกลาง,นนทบุรี,เว็บไซต์,แฟชั่น,เสื้อยืด,1,290,0,324.8,174.51,150.29,ลูกค้าประจำ,บัตรเครดิต,4
ORD01032,2024-12-15,ภาคอีสาน,ขอนแก่น,เว็บไซต์,คอมพิวเตอร์,SSD 1TB,2,2190,0.15,3723.0,2501.71,1221.29,ลูกค้าใหม่,โอนผ่านแอป,3
ORD01460,2024-12-10,ภาคใต้,ภูเก็ต,Shopee,คอมพิวเตอร์,คีย์บอร์ดแมคคานิคอล,1,2490,0,2490.0,1680.06,809.94,ลูกค้าใหม่,เงินสด,3
ORD02670,2024-12-12,ภาคกลาง,นนทบุรี,Lazada,ความงาม,เซรั่มบำรุงผิว,1,790,0,790.0,590.25,199.75,ลูกค้าประจำ,โอนผ่านแอป,5
ORD01948,2024-12-04,ภาคใต้,ภูเก็ต,Shopee,อิเล็กทรอนิกส์,หูฟังไร้สาย,1,1290,0.1,1161.0,717.03,443.97,ลูกค้าประจำ,โอนผ่านแอป,5
ORD02599,2025-11-05,ภาคอีสาน,อุบลราชธานี,Shopee,แฟชั่น,กางเกงยีนส์,3,890,0.1,2691.36,1690.72,1000.64,ลูกค้าใหม่,เงินสด,3
ORD00659,2025-01-08,ภาคตะวันออก,ระยอง,หน้าร้าน,คอมพิวเตอร์,คีย์บอร์ดแมคคานิคอล,1,2490,0,2788.8,1526.83,1261.97,ลูกค้าประจำ,เก็บเงินปลายทาง,5
ORD01045,2025-04-02,ภาคกลาง,นครปฐม,Lazada,เครื่องใช้ในบ้าน,กาต้มน้ำไฟฟ้า,1,590,0,660.8,399.3,261.5,ลูกค้าประจำ,บัตรเครดิต,4
ORD00824,2024-12-26,ภาคอีสาน,อุบลราชธานี,Lazada,เครื่องใช้ในบ้าน,หม้อทอดไร้น้ำมัน,5,2590,0,12950.0,7996.71,4953.29,ลูกค้าใหม่,บัตรเครดิต,4
ORD01293,2024-02-18,ภาคกลาง,นนทบุรี,หน้าร้าน,ความงาม,เซรั่มบำรุงผิว,1,790,0,790.0,462.15,327.85,ลูกค้าใหม่,เก็บเงินปลายทาง,3
ORD00677,2024-12-07,ภาคกลาง,กรุงเทพมหานคร,เว็บไซต์,คอมพิวเตอร์,"จอมอนิเตอร์ 24""",1,4290,0,4290.0,2684.37,1605.63,ลูกค้าประจำ,เงินสด,3
ORD02712,2024-11-22,ภาคเหนือ,เชียงราย,Lazada,คอมพิวเตอร์,"จอมอนิเตอร์ 24""",1,4290,0.15,3646.5,3180.9,465.6,ลูกค้าประจำ,บัตรเครดิต,4
ORD02361,2025-08-22,ภาคกลาง,กรุงเทพมหานคร,Shopee,ความงาม,ลิปสติก,1,350,0,392.0,194.82,197.18,ลูกค้าใหม่,เก็บเงินปลายทาง,5
ORD02412,2025-11-11,ภาคเหนือ,พิษณุโลก,หน้าร้าน,คอมพิวเตอร์,คีย์บอร์ดแมคคานิคอล,1,2490,0.05,2649.36,1576.66,1072.7,ลูกค้าประจำ,เงินสด,3
ORD01270,2025-05-19,ภาคใต้,สุราษฎร์ธานี,Shopee,เครื่องใช้ในบ้าน,หม้อทอดไร้น้ำมัน,4,2590,0,11603.2,7491.18,4112.02,ลูกค้าประจำ,เก็บเงินปลายทาง,4
ORD01880,2025-09-12,ภาคกลาง,นนทบุรี,เว็บไซต์,อิเล็กทรอนิกส์,พาวเวอร์แบงก์,1,690,0,772.8,458.13,314.67,ลูกค้าประจำ,เงินสด,3
ORD01365,2025-07-22,ภาคตะวันออก,ระยอง,หน้าร้าน,แฟชั่น,รองเท้าผ้าใบ,1,1890,0,2116.8,1329.04,787.76,ลูกค้าประจำ,เงินสด,5
ORD01236,2025-11-13,ภาคเหนือ,พิษณุโลก,หน้าร้าน,คอมพิวเตอร์,เมาส์เกมมิ่ง,1,890,0.05,946.96,515.07,431.89,ลูกค้าประจำ,โอนผ่านแอป,3
ORD02328,2024-12-17,ภาคกลาง,นครปฐม,เว็บไซต์,เครื่องใช้ในบ้าน,หม้อทอดไร้น้ำมัน,4,2590,0.15,8806.0,6195.26,2610.74,ลูกค้าใหม่,เงินสด,4
ORD01038,2025-01-05,ภาคอีสาน,อุบลราชธานี,เว็บไซต์,อิเล็กทรอนิกส์,สมาร์ทวอทช์,2,3490,0,7817.6,4875.1,2942.5,ลูกค้าใหม่,บัตรเครดิต,5
ORD02895,2025-12-02,ภาคใต้,สุราษฎร์ธานี,Shopee,แฟชั่น,กระเป๋าเป้,3,990,0.05,3160.08,2199.52,960.56,ลูกค้าประจำ,เก็บเงินปลายทาง,4
ORD00746,2025-12-10,ภาคใต้,ภูเก็ต,LINE Shopping,แฟชั่น,รองเท้าผ้าใบ,2,1890,0,4233.6,2831.49,1402.11,ลูกค้าใหม่,เงินสด,4
ORD01041,2025-11-08,ภาคกลาง,นนทบุรี,เว็บไซต์,คอมพิวเตอร์,คีย์บอร์ดแมคคานิคอล,1,2490,0,2788.8,1504.4,1284.4,ลูกค้าใหม่,เก็บเงินปลายทาง,3
ORD01202,2025-09-18,ภาคเหนือ,พิษณุโลก,LINE Shopping,เครื่องใช้ในบ้าน,เครื่องฟอกอากาศ,1,4990,0.05,5309.36,3521.86,1787.5,ลูกค้าประจำ,เงินสด,1
ORD02942,2024-09-20,ภาคอีสาน,อุดรธานี,หน้าร้าน,คอมพิวเตอร์,เมาส์เกมมิ่ง,2,890,0.05,1691.0,1289.6,401.4,ลูกค้าใหม่,โอนผ่านแอป,4
ORD00505,2024-11-20,ภาคกลาง,นครปฐม,หน้าร้าน,ความงาม,ครีมกันแดด,3,450,0.05,1282.5,798.1,484.4,ลูกค้าประจำ,บัตรเครดิต,3
ORD00642,2024-09-05,ภาคตะวันออก,ระยอง,หน้าร้าน,เครื่องใช้ในบ้าน,กาต้มน้ำไฟฟ้า,2,590,0.05,1121.0,801.3,319.7,ลูกค้าประจำ,โอนผ่านแอป,4
ORD01146,2024-12-01,ภาคกลาง,นครปฐม,Shopee,เครื่องใช้ในบ้าน,หม้อทอดไร้น้ำมัน,2,2590,0.05,4921.0,3016.69,1904.31,ลูกค้าใหม่,โอนผ่านแอป,4
ORD02476,2025-06-20,ภาคกลาง,,หน้าร้าน,คอมพิวเตอร์,"จอมอนิเตอร์ 24""",1,4290,0,4804.8,3049.96,1754.84,ลูกค้าใหม่,เงินสด,5
ORD01025,2025-05-18,ภาคอีสาน,อุบลราชธานี,หน้าร้าน,เครื่องใช้ในบ้าน,หม้อทอดไร้น้ำมัน,3,2590,0,8702.4,5243.24,3459.16,ลูกค้าประจำ,เงินสด,5
ORD01839,2024-11-27,ภาคกลาง,ปทุมธานี,Lazada,อิเล็กทรอนิกส์,ลำโพงบลูทูธ,1,1590,0.15,1351.5,905.59,445.91,ลูกค้าประจำ,เงินสด,5
ORD02947,2025-07-01,ภาคใต้,สงขลา,หน้าร้าน,เครื่องใช้ในบ้าน,หม้อทอดไร้น้ำมัน,3,2590,0.05,8267.28,5510.21,2757.07,ลูกค้าประจำ,โอนผ่านแอป,4
ORD02030,2025-10-08,ภาคตะวันออก,ชลบุรี,หน้าร้าน,อิเล็กทรอนิกส์,หูฟังไร้สาย,1,1290,0.05,1372.56,899.61,472.95,ลูกค้าใหม่,โอนผ่านแอป,5
ORD01669,2025-04-27,ภาคตะวันออก,ระยอง,หน้าร้าน,อิเล็กทรอนิกส์,พาวเวอร์แบงก์,1,690,0,772.8,502.02,270.78,ลูกค้าประจำ,บัตรเครดิต,5
ORD02428,2024-02-11,ภาคกลาง,ปทุมธานี,Shopee,เครื่องใช้ในบ้าน,หม้อทอดไร้น้ำมัน,1,2590,0.15,2201.5,1432.83,768.67,ลูกค้าประจำ,เก็บเงินปลายทาง,5
ORD02591,2025-03-12,ภาคตะวันออก,ชลบุรี,Lazada,เครื่องใช้ในบ้าน,หม้อทอดไร้น้ำมัน,5,2590,0.05,13778.8,8383.3,5395.5,ลูกค้าใหม่,เก็บเงินปลายทาง,5
ORD02424,2025-08-07,ภาคตะวันออก,ชลบุรี,เว็บไซต์,อิเล็กทรอนิกส์,สมาร์ทวอทช์,1,3490,0,3908.8,1964.94,1943.86,ลูกค้าประจำ,เก็บเงินปลายทาง,1
ORD01119,2025-01-30,ภาคตะวันออก,ระยอง,Shopee,อิเล็กทรอนิกส์,สมาร์ทวอทช์,1,3490,0.05,3713.36,1947.79,1765.57,ลูกค้าใหม่,บัตรเครดิต,3
ORD01112,2024-06-05,ภาคกลาง,กรุงเทพมหานคร,Lazada,อิเล็กทรอนิกส์,สมาร์ทวอทช์,3,3490,0.1,9423.0,7461.56,1961.44,ลูกค้าใหม่,โอนผ่านแอป,2
ORD02910,2025-02-20,ภาคกลาง,กรุงเทพมหานคร,Lazada,คอมพิวเตอร์,SSD 1TB,1,2190,0,2452.8,1312.5,1140.3,ลูกค้าใหม่,โอนผ่านแอป,4
ORD02502,2025-11-22,ภาคกลาง,ปทุมธานี,Shopee,เครื่องใช้ในบ้าน,กาต้มน้ำไฟฟ้า,2,590,0,1321.6,857.81,463.79,ลูกค้าประจำ,โอนผ่านแอป,5
ORD01023,2025-07-19,ภาคอีสาน,นครราชสีมา,หน้าร้าน,เครื่องใช้ในบ้าน,กาต้มน้ำไฟฟ้า,3,590,0,1982.4,1208.51,773.89,ลูกค้าประจำ,เงินสด,5
ORD02980,2025-08-14,ภาคกลาง,นนทบุรี,Shopee,แฟชั่น,กางเกงยีนส์,1,890,0,996.8,550.9,445.9,ลูกค้าใหม่,บัตรเครดิต,3
ORD01651,2025-12-11,ภาคกลาง,กรุงเทพมหานคร,Lazada,แฟชั่น,เสื้อยืด,1,290,0,324.8,207.53,117.27,ลูกค้าประจำ,บัตรเครดิต,4
ORD00982,2025-11-10,ภาคกลาง,ปทุมธานี,หน้าร้าน,เครื่องใช้ในบ้าน,กาต้มน้ำไฟฟ้า,1,590,0,660.8,336.73,324.07,ลูกค้าประจำ,เงินสด,4
ORD02637,2024-07-06,ภาคกลาง,นนทบุรี,หน้าร้าน,เครื่องใช้ในบ้าน,กาต้มน้ำไฟฟ้า,1,590,0,590.0,384.82,205.18,ลูกค้าประจำ,บัตรเครดิต,5
ORD01778,2025-07-17,ภาคกลาง,กรุงเทพมหานคร,LINE Shopping,ความงาม,ครีมกันแดด,3,450,0.15,1285.2,871.83,413.37,ลูกค้าใหม่,เก็บเงินปลายทาง,5
ORD01656,2024-07-21,ภาคกลาง,นนทบุรี,หน้าร้าน,ความงาม,เซรั่มบำรุงผิว,1,790,0,790.0,481.85,308.15,ลูกค้าประจำ,เก็บเงินปลายทาง,4
ORD02944,2024-07-11,ภาคใต้,ภูเก็ต,หน้าร้าน,เครื่องใช้ในบ้าน,หม้อทอดไร้น้ำมัน,1,2590,0,2590.0,1912.03,677.97,ลูกค้าใหม่,โอนผ่านแอป,4
ORD00666,2024-06-01,ภาคกลาง,นนทบุรี,Shopee,อิเล็กทรอนิกส์,หูฟังไร้สาย,1,1290,0.15,1096.5,863.31,233.19,ลูกค้าประจำ,เก็บเงินปลายทาง,5
ORD01330,2024-01-07,ภาคตะวันออก,ระยอง,Shopee,อิเล็กทรอนิกส์,หูฟังไร้สาย,1,1290,0.05,1225.5,833.65,391.85,ลูกค้าประจำ,โอนผ่านแอป,3
ORD00492,2025-05-31,ภาคเหนือ,เชียงราย,LINE Shopping,ความงาม,ครีมกันแดด,1,450,0,504.0,322.63,181.37,ลูกค้าประจำ,โอนผ่านแอป,4
ORD01239,2025-09-30,ภาคกลาง,กรุงเทพมหานคร,หน้าร้าน,ความงาม,ครีมกันแดด,4,450,0,2016.0,1296.31,719.69,ลูกค้าประจำ,โอนผ่านแอป,5
ORD00228,2024-11-05,ภาคกลาง,ปทุมธานี,LINE Shopping,แฟชั่น,รองเท้าผ้าใบ,2,1890,0,3780.0,2519.24,1260.76,ลูกค้าประจำ,เงินสด,1
ORD00006,2024-02-02,ภาคกลาง,นครปฐม,Shopee,อิเล็กทรอนิกส์,พาวเวอร์แบงก์,4,690,0.15,2346.0,1691.7,654.3,ลูกค้าใหม่,เก็บเงินปลายทาง,3
ORD00721,2024-05-27,ภาคเหนือ,พิษณุโลก,หน้าร้าน,แฟชั่น,กางเกงยีนส์,1,890,0.05,845.5,514.03,331.47,ลูกค้าประจำ,เก็บเงินปลายทาง,5
ORD00296,2025-08-21,ภาคกลาง,ปทุมธานี,LINE Shopping,แฟชั่น,กางเกงยีนส์,1,890,0.1,897.12,498.55,398.57,ลูกค้าประจำ,บัตรเครดิต,2
ORD02979,2024-10-29,ภาคกลาง,นครปฐม,เว็บไซต์,คอมพิวเตอร์,คีย์บอร์ดแมคคานิคอล,1,2490,0,2490.0,1739.89,750.11,ลูกค้าประจำ,โอนผ่านแอป,5
ORD02478,2025-09-07,ภาคตะวันออก,ระยอง,หน้าร้าน,ความงาม,ครีมกันแดด,2,450,0,1008.0,580.45,427.55,ลูกค้าใหม่,บัตรเครดิต,3
ORD00970,2024-12-17,ภาคกลาง,นครปฐม,เว็บไซต์,ความงาม,เซรั่มบำรุงผิว,1,790,0,790.0,520.02,269.98,ลูกค้าใหม่,บัตรเครดิต,5
ORD01644,2024-09-17,ภาคอีสาน,อุบลราชธานี,Lazada,ความงาม,ครีมกันแดด,2,450,0,900.0,549.45,350.55,ลูกค้าประจำ,เก็บเงินปลายทาง,4
ORD01807,2024-05-17,ภาคกลาง,กรุงเทพมหานคร,เว็บไซต์,อิเล็กทรอนิกส์,สมาร์ทวอทช์,1,3490,0.15,2966.5,2223.44,743.06,ลูกค้าประจำ,เงินสด,5
ORD01458,2025-08-19,ภาคกลาง,,หน้าร้าน,อิเล็กทรอนิกส์,ลำโพงบลูทูธ,1,1590,0,1780.8,958.29,822.51,ลูกค้าใหม่,บัตรเครดิต,2
ORD01939,2025-01-24,ภาคเหนือ,เชียงราย,หน้าร้าน,คอมพิวเตอร์,"จอมอนิเตอร์ 24""",2,4290,0,9609.6,5094.58,4515.02,ลูกค้าประจำ,บัตรเครดิต,4
ORD01509,2024-10-04,ภาคกลาง,ปทุมธานี,LINE Shopping,เครื่องใช้ในบ้าน,หม้อทอดไร้น้ำมัน,2,2590,0.05,4921.0,3350.37,1570.63,ลูกค้าประจำ,เก็บเงินปลายทาง,5
ORD00842,2025-12-16,ภาคเหนือ,เชียงใหม่,หน้าร้าน,คอมพิวเตอร์,"จอมอนิเตอร์ 24""",4,4290,0.05,18258.24,12023.9,6234.34,ลูกค้าประจำ,โอนผ่านแอป,3
ORD02122,2025-05-26,ภาคกลาง,กรุงเทพมหานคร,เว็บไซต์,เครื่องใช้ในบ้าน,หม้อทอดไร้น้ำมัน,3,2590,0,8702.4,5667.29,3035.11,ลูกค้าประจำ,เก็บเงินปลายทาง,5
ORD01309,2025-12-22,ภาคอีสาน,ขอนแก่น,หน้าร้าน,เครื่องใช้ในบ้าน,หม้อทอดไร้น้ำมัน,2,2590,0,5801.6,3116.96,2684.64,ลูกค้าประจำ,เก็บเงินปลายทาง,3
ORD02448,2024-05-05,ภาคกลาง,นครปฐม,Lazada,คอมพิวเตอร์,คีย์บอร์ดแมคคานิคอล,3,2490,0.05,7096.5,4354.45,2742.05,ลูกค้าประจำ,เก็บเงินปลายทาง,1
ORD01413,2025-01-11,ภาคอีสาน,อุดรธานี,หน้าร้าน,อิเล็กทรอนิกส์,สมาร์ทวอทช์,1,3490,0,3908.8,1956.24,1952.56,ลูกค้าประจำ,โอนผ่านแอป,3
ORD02771,2024-12-24,ภาคกลาง,กรุงเทพมหานคร,Lazada,คอมพิวเตอร์,"จอมอนิเตอร์ 24""",1,4290,0,4290.0,2429.34,1860.66,ลูกค้าใหม่,บัตรเครดิต,5
ORD02922,2024-10-02,ภาคกลาง,นครปฐม,เว็บไซต์,เครื่องใช้ในบ้าน,กาต้มน้ำไฟฟ้า,1,590,0.15,501.5,419.43,82.07,ลูกค้าประจำ,โอนผ่านแอป,3
ORD02695,2025-05-11,ภาคเหนือ,เชียงใหม่,Lazada,แฟชั่น,กระเป๋าเป้,2,990,0,2217.6,1124.82,1092.78,ลูกค้าใหม่,เก็บเงินปลายทาง,5
ORD01369,2025-07-08,ภาคเหนือ,เชียงราย,เว็บไซต์,คอมพิวเตอร์,"จอมอนิเตอร์ 24""",3,4290,0.15,12252.24,9572.83,2679.41,ลูกค้าประจำ,โอนผ่านแอป,4
ORD02834,2024-07-17,ภาคเหนือ,เชียงใหม่,Lazada,อิเล็กทรอนิกส์,สมาร์ทวอทช์,1,3490,0,3490.0,2339.02,1150.98,ลูกค้าใหม่,เงินสด,4
ORD00434,2024-04-24,ภาคตะวันออก,ชลบุรี,หน้าร้าน,คอมพิวเตอร์,SSD 1TB,1,2190,0.05,2080.5,1307.95,772.55,ลูกค้าประจำ,เงินสด,4
ORD00736,2024-09-07,ภาคอีสาน,นครราชสีมา,หน้าร้าน,คอมพิวเตอร์,เมาส์เกมมิ่ง,1,890,0,890.0,641.48,248.52,ลูกค้าใหม่,เก็บเงินปลายทาง,5
ORD01658,2024-07-03,ภาคกลาง,นครปฐม,Shopee,เครื่องใช้ในบ้าน,เครื่องฟอกอากาศ,3,4990,0,14970.0,8533.16,6436.84,ลูกค้าใหม่,เงินสด,5
ORD01444,2025-12-13,ภาคกลาง,กรุงเทพมหานคร,Lazada,อิเล็กทรอนิกส์,สมาร์ทวอทช์,2,3490,0,7817.6,4352.74,3464.86,ลูกค้าใหม่,โอนผ่านแอป,4
ORD00295,2024-07-17,ภาคกลาง,นครปฐม,Lazada,อิเล็กทรอนิกส์,พาวเวอร์แบงก์,5,690,0,3450.0,2157.77,1292.23,ลูกค้าใหม่,บัตรเครดิต,3
ORD01318,2025-04-17,ภาคกลาง,ปทุมธานี,เว็บไซต์,เครื่องใช้ในบ้าน,หม้อทอดไร้น้ำมัน,1,2590,0,2900.8,1832.31,1068.49,ลูกค้าประจำ,เก็บเงินปลายทาง,4
ORD00117,2024-02-18,ภาคกลาง,นครปฐม,เว็บไซต์,อิเล็กทรอนิกส์,สมาร์ทวอทช์,1,3490,0.05,3315.5,2543.96,771.54,ลูกค้าใหม่,โอนผ่านแอป,4
ORD01973,2025-10-20,ภาคกลาง,,หน้าร้าน,เครื่องใช้ในบ้าน,เครื่องฟอกอากาศ,2,4990,0,11177.6,6175.86,5001.74,ลูกค้าประจำ,โอนผ่านแอป,4
ORD01012,2024-12-17,ภาคเหนือ,,LINE Shopping,ความงาม,ลิปสติก,1,350,0,350.0,195.19,154.81,ลูกค้าประจำ,เงินสด,4
ORD02016,2025-12-25,ภาคตะวันออก,ระยอง,หน้าร้าน,แฟชั่น,รองเท้าผ้าใบ,1,1890,0.05,2010.96,1322.77,688.19,ลูกค้าประจำ,เก็บเงินปลายทาง,2
ORD00910,2024-04-23,ภาคกลาง,ปทุมธานี,เว็บไซต์,คอมพิวเตอร์,SSD 1TB,2,2190,0,4380.0,2775.33,1604.67,ลูกค้าใหม่,บัตรเครดิต,4
ORD00626,2025-06-29,ภาคอีสาน,อุดรธานี,Shopee,ความงาม,ลิปสติก,2,350,0,784.0,439.69,344.31,ลูกค้าประจำ,เงินสด,2
ORD02809,2025-08-24,ภาคตะวันออก,ระยอง,เว็บไซต์,คอมพิวเตอร์,คีย์บอร์ดแมคคานิคอล,1,2490,0,2788.8,1623.86,1164.94,ลูกค้าใหม่,เก็บเงินปลายทาง,2
ORD00521,2024-11-17,ภาคกลาง,นนทบุรี,Shopee,คอมพิวเตอร์,คีย์บอร์ดแมคคานิคอล,3,2490,0,7470.0,4783.03,2686.97,ลูกค้าใหม่,บัตรเครดิต,5
ORD02651,2024-05-14,ภาคอีสาน,อุดรธานี,หน้าร้าน,อิเล็กทรอนิกส์,ลำโพงบลูทูธ,3,1590,0.05,4531.5,2946.44,1585.06,ลูกค้าใหม่,โอนผ่านแอป,4
ORD00933,2024-07-15,ภาคใต้,สงขลา,Shopee,คอมพิวเตอร์,คีย์บอร์ดแมคคานิคอล,1,2490,0.05,2365.5,1694.94,670.56,ลูกค้าประจำ,บัตรเครดิต,3
ORD02458,2025-06-17,ภาคตะวันออก,ระยอง,LINE Shopping,แฟชั่น,รองเท้าผ้าใบ,1,1890,0,2116.8,1084.24,1032.56,ลูกค้าประจำ,เก็บเงินปลายทาง,4
ORD00417,2024-11-13,ภาคอีสาน,อุดรธานี,หน้าร้าน,แฟชั่น,กระเป๋าเป้,1,990,0.05,940.5,595.59,344.91,ลูกค้าใหม่,บัตรเครดิต,5
ORD01686,2025-06-18,ภาคตะวันออก,จันทบุรี,Lazada,อิเล็กทรอนิกส์,หูฟังไร้สาย,1,1290,0,1444.8,918.61,526.19,ลูกค้าใหม่,โอนผ่านแอป,5
ORD01212,2024-12-16,ภาคเหนือ,พิษณุโลก,หน้าร้าน,ความงาม,ลิปสติก,4,350,0,1400.0,829.35,570.65,ลูกค้าใหม่,เงินสด,2
ORD02450,2025-02-27,ภาคอีสาน,นครราชสีมา,LINE Shopping,ความงาม,ลิปสติก,1,350,0.1,352.8,220.74,132.06,ลูกค้าใหม่,โอนผ่านแอป,4
ORD00293,2024-12-08,ภาคเหนือ,พิษณุโลก,LINE Shopping,เครื่องใช้ในบ้าน,กาต้มน้ำไฟฟ้า,2,590,0.05,1121.0,747.31,373.69,ลูกค้าใหม่,เงินสด,1
ORD00625,2025-11-18,ภาคใต้,สงขลา,หน้าร้าน,คอมพิวเตอร์,เมาส์เกมมิ่ง,2,890,0,1993.6,1033.64,959.96,ลูกค้าใหม่,เงินสด,5
ORD01716,2025-12-10,ภาคตะวันออก,ระยอง,Shopee,คอมพิวเตอร์,เมาส์เกมมิ่ง,1,890,0,996.8,633.81,362.99,ลูกค้าใหม่,บัตรเครดิต,4
ORD02384,2024-05-30,ภาคกลาง,นครปฐม,หน้าร้าน,แฟชั่น,กระเป๋าเป้,1,990,0.05,940.5,654.98,285.52,ลูกค้าประจำ,เงินสด,2
ORD00021,2025-10-31,ภาคอีสาน,ขอนแก่น,หน้าร้าน,ความงาม,เซรั่มบำรุงผิว,4,790,0,3539.2,1905.14,1634.06,,โอนผ่านแอป,4
ORD02210,2025-11-08,ภาคอีสาน,นครราชสีมา,Shopee,แฟชั่น,กระเป๋าเป้,2,990,0,2217.6,1366.71,850.89,ลูกค้าใหม่,โอนผ่านแอป,5
ORD01410,2025-10-12,ภาคกลาง,,Shopee,คอมพิวเตอร์,SSD 1TB,1,2190,0,2452.8,1376.65,1076.15,ลูกค้าประจำ,เงินสด,4
ORD01717,2025-07-20,ภาคกลาง,นครปฐม,Shopee,คอมพิวเตอร์,SSD 1TB,1,2190,0,2452.8,1464.67,988.13,ลูกค้าใหม่,เก็บเงินปลายทาง,5
ORD01683,2024-07-07,ภาคเหนือ,พิษณุโลก,Shopee,เครื่องใช้ในบ้าน,หม้อทอดไร้น้ำมัน,1,2590,0.05,2460.5,1909.9,550.6,ลูกค้าใหม่,เก็บเงินปลายทาง,5
ORD00394,2024-02-25,ภาคตะวันออก,จันทบุรี,Shopee,แฟชั่น,กระเป๋าเป้,1,990,0,990.0,698.69,291.31,ลูกค้าประจำ,เก็บเงินปลายทาง,4
ORD00652,2025-01-03,ภาคตะวันออก,ชลบุรี,Shopee,เครื่องใช้ในบ้าน,กาต้มน้ำไฟฟ้า,1,590,0.05,627.76,411.73,216.03,ลูกค้าใหม่,เก็บเงินปลายทาง,5
ORD00089,2025-03-15,ภาคตะวันออก,จันทบุรี,Shopee,ความงาม,ลิปสติก,2,350,0.1,705.6,515.07,190.53,ลูกค้าใหม่,โอนผ่านแอป,4
ORD01375,2025-11-03,ภาคกลาง,ปทุมธานี,LINE Shopping,เครื่องใช้ในบ้าน,หม้อทอดไร้น้ำมัน,3,2590,0,8702.4,5775.62,2926.78,ลูกค้าประจำ,บัตรเครดิต,2
ORD00877,2025-04-29,ภาคอีสาน,นครราชสีมา,หน้าร้าน,ความงาม,ครีมกันแดด,1,450,0.05,478.8,261.29,217.51,ลูกค้าประจำ,โอนผ่านแอป,3
ORD01768,2025-06-27,ภาคใต้,สงขลา,Lazada,เครื่องใช้ในบ้าน,กาต้มน้ำไฟฟ้า,1,590,0,660.8,379.8,281.0,ลูกค้าใหม่,โอนผ่านแอป,3
ORD02075,2024-02-11,ภาคเหนือ,เชียงใหม่,เว็บไซต์,เครื่องใช้ในบ้าน,กาต้มน้ำไฟฟ้า,3,590,0.15,1504.5,1022.28,482.22,ลูกค้าใหม่,บัตรเครดิต,5
ORD01287,2024-10-15,ภาคตะวันออก,จันทบุรี,LINE Shopping,อิเล็กทรอนิกส์,สมาร์ทวอทช์,1,3490,0,3490.0,2497.28,992.72,ลูกค้าประจำ,เงินสด,3
ORD02049,2024-11-10,ภาคตะวันออก,จันทบุรี,หน้าร้าน,อิเล็กทรอนิกส์,หูฟังไร้สาย,1,1290,0.05,1225.5,902.54,322.96,ลูกค้าใหม่,เงินสด,1
ORD01737,2025-09-10,ภาคกลาง,นนทบุรี,Lazada,คอมพิวเตอร์,คีย์บอร์ดแมคคานิคอล,2,2490,0,5577.6,2997.04,2580.56,ลูกค้าประจำ,โอนผ่านแอป,4
ORD02411,2025-11-25,ภาคกลาง,นครปฐม,เว็บไซต์,ความงาม,ลิปสติก,1,350,0,392.0,231.09,160.91,ลูกค้าประจำ,เงินสด,
ORD02445,2025-04-28,ภาคกลาง,นนทบุรี,Shopee,คอมพิวเตอร์,SSD 1TB,2,2190,0,4905.6,2734.36,2171.24,ลูกค้าใหม่,เงินสด,5
ORD01075,2024-03-14,ภาคกลาง,นนทบุรี,Shopee,แฟชั่น,รองเท้าผ้าใบ,3,1890,0,5670.0,4197.56,1472.44,ลูกค้าใหม่,เงินสด,4
ORD02911,2024-11-22,ภาคตะวันออก,ระยอง,เว็บไซต์,เครื่องใช้ในบ้าน,เครื่องฟอกอากาศ,1,4990,0,4990.0,3127.68,1862.32,ลูกค้าประจำ,โอนผ่านแอป,5
ORD00428,2025-04-10,ภาคเหนือ,เชียงราย,หน้าร้าน,แฟชั่น,กระเป๋าเป้,1,990,0.05,1053.36,545.97,507.39,ลูกค้าประจำ,โอนผ่านแอป,5
ORD00313,2024-05-23,ภาคกลาง,ปทุมธานี,หน้าร้าน,ความงาม,ลิปสติก,3,350,0.05,997.5,679.04,318.46,ลูกค้าใหม่,เก็บเงินปลายทาง,3
ORD02080,2024-03-07,ภาคกลาง,ปทุมธานี,Shopee,อิเล็กทรอนิกส์,พาวเวอร์แบงก์,2,690,0,1380.0,785.49,594.51,ลูกค้าประจำ,โอนผ่านแอป,4
ORD01362,2025-11-03,ภาคกลาง,กรุงเทพมหานคร,Lazada,เครื่องใช้ในบ้าน,หม้อทอดไร้น้ำมัน,2,2590,0,5801.6,3865.37,1936.23,ลูกค้าใหม่,เก็บเงินปลายทาง,3
ORD01424,2025-12-03,ภาคเหนือ,เชียงใหม่,LINE Shopping,อิเล็กทรอนิกส์,ลำโพงบลูทูธ,1,1590,0.1,1602.72,1184.91,417.81,ลูกค้าประจำ,เก็บเงินปลายทาง,4
ORD01691,2025-12-30,ภาคกลาง,นครปฐม,หน้าร้าน,คอมพิวเตอร์,คีย์บอร์ดแมคคานิคอล,1,2490,0,2788.8,1771.28,1017.52,ลูกค้าใหม่,เงินสด,3
ORD02581,2025-01-03,ภาคกลาง,นครปฐม,Shopee,ความงาม,เซรั่มบำรุงผิว,5,790,0,4424.0,2432.2,1991.8,ลูกค้าประจำ,บัตรเครดิต,
ORD00602,2024-11-27,ภาคกลาง,กรุงเทพมหานคร,หน้าร้าน,อิเล็กทรอนิกส์,หูฟังไร้สาย,3,1290,0.05,3676.5,2737.96,938.54,ลูกค้าใหม่,โอนผ่านแอป,4
ORD02174,2025-11-22,ภาคอีสาน,นครราชสีมา,Shopee,เครื่องใช้ในบ้าน,เครื่องฟอกอากาศ,2,4990,0,11177.6,6247.87,4929.73,ลูกค้าประจำ,เงินสด,4
ORD01115,2025-08-14,ภาคใต้,ภูเก็ต,หน้าร้าน,เครื่องใช้ในบ้าน,กาต้มน้ำไฟฟ้า,4,590,0,2643.2,1357.59,1285.61,ลูกค้าใหม่,บัตรเครดิต,5
ORD02792,2024-09-03,ภาคเหนือ,เชียงราย,Lazada,แฟชั่น,กระเป๋าเป้,4,990,0.05,3762.0,2368.21,1393.79,ลูกค้าใหม่,เก็บเงินปลายทาง,4
ORD02086,2025-04-24,ภาคกลาง,ปทุมธานี,หน้าร้าน,เครื่องใช้ในบ้าน,หม้อทอดไร้น้ำมัน,1,2590,0.05,2755.76,1752.85,1002.91,ลูกค้าใหม่,บัตรเครดิต,5
ORD02407,2025-09-12,ภาคเหนือ,เชียงใหม่,เว็บไซต์,ความงาม,ครีมกันแดด,1,450,0.15,428.4,276.6,151.8,ลูกค้าใหม่,เก็บเงินปลายทาง,4
ORD00101,2024-12-17,ภาคกลาง,นนทบุรี,เว็บไซต์,คอมพิวเตอร์,เมาส์เกมมิ่ง,1,890,0.05,845.5,582.78,262.72,ลูกค้าใหม่,บัตรเครดิต,4
ORD01100,2024-11-12,ภาคใต้,ภูเก็ต,หน้าร้าน,อิเล็กทรอนิกส์,หูฟังไร้สาย,3,1290,0.05,3676.5,2542.76,1133.74,ลูกค้าประจำ,เก็บเงินปลายทาง,3
ORD02974,2024-11-12,ภาคตะวันออก,ชลบุรี,Shopee,ความงาม,เซรั่มบำรุงผิว,1,790,0,790.0,549.24,240.76,ลูกค้าใหม่,เก็บเงินปลายทาง,4
ORD01027,2025-01-08,ภาคกลาง,กรุงเทพมหานคร,หน้าร้าน,เครื่องใช้ในบ้าน,กาต้มน้ำไฟฟ้า,4,590,0,2643.2,1725.55,917.65,ลูกค้าประจำ,บัตรเครดิต,4
ORD00613,2025-04-05,ภาคกลาง,ปทุมธานี,Lazada,คอมพิวเตอร์,คีย์บอร์ดแมคคานิคอล,1,2490,0.05,2649.36,1773.08,876.28,ลูกค้าใหม่,เก็บเงินปลายทาง,4
ORD02218,2025-01-19,ภาคอีสาน,อุดรธานี,หน้าร้าน,ความงาม,เซรั่มบำรุงผิว,1,790,0,884.8,446.13,438.67,ลูกค้าประจำ,เงินสด,4
ORD01302,2025-04-01,ภาคกลาง,นนทบุรี,Lazada,เครื่องใช้ในบ้าน,หม้อทอดไร้น้ำมัน,3,2590,0.15,7397.04,4490.39,2906.65,ลูกค้าประจำ,เก็บเงินปลายทาง,5
ORD02867,2025-02-18,ภาคกลาง,นนทบุรี,Shopee,เครื่องใช้ในบ้าน,กาต้มน้ำไฟฟ้า,1,590,0.15,561.68,335.16,226.52,ลูกค้าใหม่,โอนผ่านแอป,5
ORD02074,2025-01-18,ภาคเหนือ,เชียงใหม่,เว็บไซต์,แฟชั่น,กระเป๋าเป้,1,990,0,1108.8,598.47,510.33,ลูกค้าใหม่,โอนผ่านแอป,5
ORD02611,2024-11-14,ภาคกลาง,กรุงเทพมหานคร,หน้าร้าน,คอมพิวเตอร์,"จอมอนิเตอร์ 24""",1,4290,0,4290.0,2669.43,1620.57,ลูกค้าประจำ,บัตรเครดิต,5
ORD00498,2024-02-24,ภาคเหนือ,พิษณุโลก,Shopee,อิเล็กทรอนิกส์,พาวเวอร์แบงก์,1,690,0,690.0,421.28,268.72,ลูกค้าใหม่,เงินสด,5
ORD01843,2024-11-12,ภาคกลาง,กรุงเทพมหานคร,หน้าร้าน,อิเล็กทรอนิกส์,หูฟังไร้สาย,2,1290,0,2580.0,1531.38,1048.62,ลูกค้าประจำ,เก็บเงินปลายทาง,5
ORD00792,2025-03-06,ภาคเหนือ,เชียงราย,เว็บไซต์,ความงาม,ครีมกันแดด,4,450,0,2016.0,1211.48,804.52,ลูกค้าประจำ,บัตรเครดิต,3
ORD01715,2025-03-18,ภาคเหนือ,พิษณุโลก,LINE Shopping,ความงาม,ลิปสติก,1,350,0.1,352.8,204.27,148.53,ลูกค้าประจำ,เงินสด,4
ORD01621,2024-07-04,ภาคตะวันออก,จันทบุรี,หน้าร้าน,คอมพิวเตอร์,SSD 1TB,2,2190,0.05,4161.0,2563.23,1597.77,ลูกค้าใหม่,เงินสด,3
ORD02283,2025-10-18,ภาคกลาง,กรุงเทพมหานคร,หน้าร้าน,แฟชั่น,รองเท้าผ้าใบ,2,1890,0.05,4021.92,2474.91,1547.01,ลูกค้าประจำ,บัตรเครดิต,3
ORD02607,2024-04-17,ภาคตะวันออก,ระยอง,หน้าร้าน,ความงาม,เซรั่มบำรุงผิว,1,790,0,790.0,550.16,239.84,ลูกค้าประจำ,บัตรเครดิต,5
ORD01319,2024-09-28,ภาคอีสาน,อุบลราชธานี,หน้าร้าน,ความงาม,ลิปสติก,3,350,0.05,997.5,660.62,336.88,ลูกค้าใหม่,เก็บเงินปลายทาง,4
ORD00067,2025-06-30,ภาคกลาง,นนทบุรี,หน้าร้าน,แฟชั่น,เสื้อยืด,2,290,0.05,617.12,425.83,191.29,ลูกค้าประจำ,เก็บเงินปลายทาง,5
ORD02449,2024-01-26,ภาคใต้,สุราษฎร์ธานี,Shopee,เครื่องใช้ในบ้าน,หม้อทอดไร้น้ำมัน,1,2590,0.05,2460.5,1613.21,847.29,ลูกค้าประจำ,บัตรเครดิต,5
ORD02564,2024-08-05,ภาคกลาง,นนทบุรี,หน้าร้าน,ความงาม,เซรั่มบำรุงผิว,2,790,0.05,1501.0,993.29,507.71,ลูกค้าประจำ,เก็บเงินปลายทาง,4
ORD02009,2025-05-06,ภาคตะวันออก,ชลบุรี,Shopee,คอมพิวเตอร์,SSD 1TB,3,2190,0.05,6990.48,3985.86,3004.62,ลูกค้าใหม่,เงินสด,5
ORD02821,2025-12-01,ภาคกลาง,นนทบุรี,หน้าร้าน,คอมพิวเตอร์,"จอมอนิเตอร์ 24""",5,4290,0,24024.0,13902.04,10121.96,ลูกค้าใหม่,โอนผ่านแอป,5
ORD00205,2025-05-21,ภาคใต้,สุราษฎร์ธานี,Shopee,เครื่องใช้ในบ้าน,กาต้มน้ำไฟฟ้า,2,590,0.05,1255.52,835.04,420.48,ลูกค้าประจำ,เงินสด,3
ORD01206,2025-02-21,ภาคใต้,สงขลา,Shopee,คอมพิวเตอร์,คีย์บอร์ดแมคคานิคอล,2,2490,0,5577.6,2978.18,2599.42,ลูกค้าใหม่,เก็บเงินปลายทาง,2
ORD01481,2024-11-12,ภาคใต้,สงขลา,หน้าร้าน,ความงาม,ลิปสติก,4,350,0,1400.0,920.73,479.27,ลูกค้าประจำ,เก็บเงินปลายทาง,5
ORD01638,2025-02-15,ภาคเหนือ,พิษณุโลก,หน้าร้าน,เครื่องใช้ในบ้าน,กาต้มน้ำไฟฟ้า,1,590,0,660.8,369.8,291.0,ลูกค้าประจำ,บัตรเครดิต,4
ORD00195,2025-12-20,ภาคกลาง,นนทบุรี,Shopee,แฟชั่น,กระเป๋าเป้,1,990,0.15,942.48,726.49,215.99,ลูกค้าประจำ,เก็บเงินปลายทาง,4
ORD02628,2024-08-21,ภาคกลาง,นนทบุรี,Lazada,แฟชั่น,กระเป๋าเป้,2,990,0.1,1782.0,1458.67,323.33,ลูกค้าใหม่,โอนผ่านแอป,4
ORD01298,2025-07-10,ภาคเหนือ,เชียงราย,Shopee,ความงาม,ลิปสติก,3,350,0,1176.0,698.08,477.92,ลูกค้าใหม่,เงินสด,4
ORD01526,2024-10-24,ภาคกลาง,นครปฐม,LINE Shopping,เครื่องใช้ในบ้าน,เครื่องฟอกอากาศ,1,4990,0.1,4491.0,3041.45,1449.55,ลูกค้าประจำ,เก็บเงินปลายทาง,3
ORD02902,2025-09-13,ภาคอีสาน,อุดรธานี,Lazada,ความงาม,ลิปสติก,1,350,0.1,352.8,238.82,113.98,ลูกค้าประจำ,บัตรเครดิต,3
ORD01029,2025-01-24,ภาคอีสาน,อุบลราชธานี,เว็บไซต์,เครื่องใช้ในบ้าน,กาต้มน้ำไฟฟ้า,1,590,0.1,594.72,425.23,169.49,ลูกค้าประจำ,บัตรเครดิต,3
ORD00588,2024-10-07,ภาคอีสาน,อุบลราชธานี,Shopee,ความงาม,ลิปสติก,1,350,0.05,332.5,192.64,139.86,ลูกค้าประจำ,เงินสด,5
ORD01106,2025-02-17,ภาคกลาง,นครปฐม,หน้าร้าน,แฟชั่น,รองเท้าผ้าใบ,1,1890,0,2116.8,1182.93,933.87,ลูกค้าประจำ,โอนผ่านแอป,4
ORD01649,2024-04-18,ภาคกลาง,นครปฐม,LINE Shopping,แฟชั่น,กางเกงยีนส์,2,890,0.05,1691.0,1040.27,650.73,ลูกค้าใหม่,บัตรเครดิต,5
ORD00565,2025-03-11,ภาคเหนือ,เชียงราย,Shopee,แฟชั่น,เสื้อยืด,1,290,0.1,292.32,191.92,100.4,ลูกค้าประจำ,เก็บเงินปลายทาง,4
ORD00618,2024-07-29,ภาคใต้,สุราษฎร์ธานี,LINE Shopping,แฟชั่น,กางเกงยีนส์,2,890,0.1,1602.0,1051.26,550.74,ลูกค้าประจำ,บัตรเครดิต,3
ORD01803,2024-06-10,ภาคเหนือ,เชียงใหม่,หน้าร้าน,แฟชั่น,กระเป๋าเป้,3,990,0,2970.0,1810.89,1159.11,ลูกค้าใหม่,บัตรเครดิต,1
ORD00845,2024-03-29,ภาคตะวันออก,ระยอง,Lazada,อิเล็กทรอนิกส์,สมาร์ทวอทช์,3,3490,0,10470.0,7281.6,3188.4,ลูกค้าใหม่,บัตรเครดิต,4
ORD02300,2025-07-06,ภาคกลาง,นครปฐม,หน้าร้าน,อิเล็กทรอนิกส์,สมาร์ทวอทช์,1,3490,0,3908.8,2588.47,1320.33,ลูกค้าประจำ,บัตรเครดิต,5
ORD01232,2025-11-29,ภาคกลาง,นนทบุรี,LINE Shopping,แฟชั่น,เสื้อยืด,4,290,0.15,1104.32,821.5,282.82,ลูกค้าประจำ,เงินสด,1
ORD00831,2024-06-13,ภาคกลาง,ปทุมธานี,หน้าร้าน,คอมพิวเตอร์,เมาส์เกมมิ่ง,1,890,0,890.0,580.42,309.58,ลูกค้าประจำ,เก็บเงินปลายทาง,5
ORD00799,2025-12-15,ภาคเหนือ,พิษณุโลก,Shopee,แฟชั่น,กางเกงยีนส์,1,890,0.1,897.12,558.82,338.3,ลูกค้าใหม่,เก็บเงินปลายทาง,2
ORD01393,2025-06-05,ภาคตะวันออก,ระยอง,LINE Shopping,เครื่องใช้ในบ้าน,หม้อทอดไร้น้ำมัน,2,2590,0,5801.6,3023.17,2778.43,ลูกค้าใหม่,เงินสด,3
ORD00156,2024-03-02,ภาคกลาง,นครปฐม,หน้าร้าน,แฟชั่น,เสื้อยืด,1,290,0,290.0,203.92,86.08,ลูกค้าใหม่,เก็บเงินปลายทาง,4
ORD02095,2025-01-11,ภาคใต้,สุราษฎร์ธานี,Shopee,ความงาม,ลิปสติก,1,350,0.05,372.4,201.47,170.93,ลูกค้าประจำ,บัตรเครดิต,5
ORD02722,2024-11-14,ภาคเหนือ,พิษณุโลก,Shopee,แฟชั่น,กระเป๋าเป้,2,990,0,1980.0,1259.85,720.15,ลูกค้าประจำ,บัตรเครดิต,3
ORD01044,2024-11-14,ภาคเหนือ,เชียงใหม่,เว็บไซต์,อิเล็กทรอนิกส์,พาวเวอร์แบงก์,1,690,0,690.0,490.88,199.12,ลูกค้าใหม่,เก็บเงินปลายทาง,2
ORD00268,2025-05-03,ภาคกลาง,กรุงเทพมหานคร,Lazada,คอมพิวเตอร์,"จอมอนิเตอร์ 24""",4,4290,0.1,17297.28,10092.06,7205.22,ลูกค้าประจำ,โอนผ่านแอป,3
ORD00536,2024-10-16,ภาคกลาง,นครปฐม,หน้าร้าน,อิเล็กทรอนิกส์,ลำโพงบลูทูธ,1,1590,0,1590.0,1181.39,408.61,ลูกค้าใหม่,โอนผ่านแอป,3
ORD01128,2024-12-05,ภาคกลาง,กรุงเทพมหานคร,Shopee,ความงาม,เซรั่มบำรุงผิว,4,790,0,3160.0,2323.31,836.69,ลูกค้าประจำ,เก็บเงินปลายทาง,3
ORD01411,2024-12-10,ภาคกลาง,ปทุมธานี,Shopee,ความงาม,ลิปสติก,4,350,0.1,1260.0,1026.78,233.22,ลูกค้าประจำ,บัตรเครดิต,3
ORD01123,2024-11-14,ภาคอีสาน,ขอนแก่น,Shopee,แฟชั่น,กางเกงยีนส์,1,890,0,890.0,489.6,400.4,ลูกค้าใหม่,เงินสด,4
ORD00800,2024-12-29,ภาคเหนือ,พิษณุโลก,หน้าร้าน,แฟชั่น,รองเท้าผ้าใบ,1,1890,0.05,1795.5,1363.01,432.49,ลูกค้าใหม่,เก็บเงินปลายทาง,4
ORD02233,2024-06-19,ภาคตะวันออก,ชลบุรี,หน้าร้าน,ความงาม,ครีมกันแดด,1,450,0,450.0,319.44,130.56,ลูกค้าประจำ,โอนผ่านแอป,3
ORD00277,2025-03-24,ภาคกลาง,นครปฐม,หน้าร้าน,อิเล็กทรอนิกส์,สมาร์ทวอทช์,3,3490,0,11726.4,6596.62,5129.78,ลูกค้าใหม่,เก็บเงินปลายทาง,5
ORD00106,2025-10-01,ภาคกลาง,ปทุมธานี,Shopee,แฟชั่น,เสื้อยืด,1,290,0,324.8,215.74,109.06,ลูกค้าประจำ,เก็บเงินปลายทาง,
ORD02957,2024-03-06,ภาคกลาง,นครปฐม,หน้าร้าน,เครื่องใช้ในบ้าน,หม้อทอดไร้น้ำมัน,2,2590,0,5180.0,3827.55,1352.45,ลูกค้าใหม่,เก็บเงินปลายทาง,5
ORD00219,2024-12-08,ภาคกลาง,กรุงเทพมหานคร,หน้าร้าน,แฟชั่น,รองเท้าผ้าใบ,1,1890,0,1890.0,1084.63,805.37,ลูกค้าใหม่,เงินสด,5
ORD01173,2024-09-03,ภาคเหนือ,เชียงใหม่,หน้าร้าน,แฟชั่น,เสื้อยืด,2,290,0,580.0,345.83,234.17,ลูกค้าใหม่,เก็บเงินปลายทาง,4
ORD00748,2024-12-25,ภาคตะวันออก,ระยอง,เว็บไซต์,แฟชั่น,กระเป๋าเป้,1,990,0,990.0,645.0,345.0,ลูกค้าประจำ,บัตรเครดิต,4
ORD01815,2024-04-26,ภาคกลาง,ปทุมธานี,หน้าร้าน,เครื่องใช้ในบ้าน,หม้อทอดไร้น้ำมัน,1,2590,0,2590.0,1756.92,833.08,ลูกค้าใหม่,เก็บเงินปลายทาง,5
ORD01418,2025-02-13,ภาคกลาง,กรุงเทพมหานคร,หน้าร้าน,คอมพิวเตอร์,SSD 1TB,1,2190,0,2452.8,1487.32,965.48,ลูกค้าประจำ,บัตรเครดิต,5
ORD02829,2025-08-31,ภาคกลาง,ปทุมธานี,หน้าร้าน,แฟชั่น,กางเกงยีนส์,1,890,0.05,946.96,605.41,341.55,ลูกค้าประจำ,โอนผ่านแอป,4
ORD00075,2025-05-08,ภาคกลาง,นครปฐม,หน้าร้าน,เครื่องใช้ในบ้าน,หม้อทอดไร้น้ำมัน,1,2590,0,2900.8,1870.05,1030.75,ลูกค้าประจำ,บัตรเครดิต,3
ORD01706,2024-07-07,ภาคใต้,สงขลา,หน้าร้าน,เครื่องใช้ในบ้าน,เครื่องฟอกอากาศ,3,4990,0.05,14221.5,8233.76,5987.74,ลูกค้าประจำ,เงินสด,4
ORD02775,2024-12-28,ภาคกลาง,ปทุมธานี,Lazada,เครื่องใช้ในบ้าน,กาต้มน้ำไฟฟ้า,2,590,0,1180.0,756.84,423.16,ลูกค้าประจำ,เก็บเงินปลายทาง,3
ORD00088,2025-09-06,ภาคกลาง,ปทุมธานี,Shopee,ความงาม,ครีมกันแดด,1,450,0,504.0,279.01,224.99,ลูกค้าใหม่,บัตรเครดิต,4
ORD01740,2025-12-22,ภาคกลาง,ปทุมธานี,Shopee,ความงาม,ลิปสติก,1,350,0.15,333.2,226.33,106.87,ลูกค้าประจำ,บัตรเครดิต,5
ORD00257,2025-04-30,ภาคกลาง,กรุงเทพมหานคร,Shopee,คอมพิวเตอร์,"จอมอนิเตอร์ 24""",2,4290,0,9609.6,4766.11,4843.49,ลูกค้าใหม่,โอนผ่านแอป,5
ORD02195,2025-12-15,ภาคกลาง,กรุงเทพมหานคร,Shopee,อิเล็กทรอนิกส์,ลำโพงบลูทูธ,3,1590,0,5342.4,2920.98,2421.42,ลูกค้าประจำ,เก็บเงินปลายทาง,1
ORD02563,2024-09-17,ภาคอีสาน,นครราชสีมา,หน้าร้าน,คอมพิวเตอร์,SSD 1TB,3,2190,0,6570.0,4360.64,2209.36,,โอนผ่านแอป,5
ORD01475,2024-11-28,ภาคกลาง,นครปฐม,Lazada,แฟชั่น,รองเท้าผ้าใบ,1,1890,0,1890.0,1111.12,778.88,ลูกค้าประจำ,โอนผ่านแอป,4
ORD00815,2024-04-30,ภาคตะวันออก,ชลบุรี,เว็บไซต์,เครื่องใช้ในบ้าน,เครื่องฟอกอากาศ,1,4990,0,4990.0,2982.19,2007.81,ลูกค้าประจำ,โอนผ่านแอป,4
ORD01052,2024-07-21,ภาคเหนือ,พิษณุโลก,หน้าร้าน,คอมพิวเตอร์,คีย์บอร์ดแมคคานิคอล,1,2490,0,2490.0,1801.63,688.37,ลูกค้าประจำ,โอนผ่านแอป,4
ORD00135,2024-10-13,ภาคอีสาน,อุดรธานี,หน้าร้าน,ความงาม,ครีมกันแดด,1,450,0,450.0,319.04,130.96,ลูกค้าประจำ,บัตรเครดิต,5
ORD01333,2025-11-12,ภาคตะวันออก,ชลบุรี,หน้าร้าน,ความงาม,ครีมกันแดด,1,450,0.05,478.8,310.02,168.78,,บัตรเครดิต,4
ORD02010,2025-04-26,ภาคกลาง,ปทุมธานี,Shopee,แฟชั่น,เสื้อยืด,3,290,0,974.4,485.05,489.35,ลูกค้าใหม่,เก็บเงินปลายทาง,3
ORD01627,2024-10-12,ภาคเหนือ,,LINE Shopping,คอมพิวเตอร์,เมาส์เกมมิ่ง,1,890,0,890.0,621.48,268.52,ลูกค้าใหม่,โอนผ่านแอป,5
ORD01535,2024-02-13,ภาคอีสาน,อุดรธานี,Lazada,เครื่องใช้ในบ้าน,กาต้มน้ำไฟฟ้า,3,590,0.15,1504.5,1017.05,487.45,ลูกค้าใหม่,โอนผ่านแอป,4
ORD00840,2025-04-09,ภาคเหนือ,เชียงราย,LINE Shopping,ความงาม,ลิปสติก,2,350,0,784.0,417.52,366.48,,เก็บเงินปลายทาง,4
ORD00423,2024-10-25,ภาคอีสาน,อุดรธานี,เว็บไซต์,คอมพิวเตอร์,คีย์บอร์ดแมคคานิคอล,2,2490,0.1,4482.0,3530.17,951.83,ลูกค้าประจำ,เก็บเงินปลายทาง,5
ORD02958,2025-05-24,ภาคกลาง,ปทุมธานี,Lazada,คอมพิวเตอร์,SSD 1TB,3,2190,0.1,6622.56,4735.93,1886.63,ลูกค้าใหม่,เงินสด,1
ORD02271,2024-12-19,ภาคกลาง,นนทบุรี,Shopee,คอมพิวเตอร์,SSD 1TB,3,2190,0,6570.0,4857.79,1712.21,ลูกค้าใหม่,เก็บเงินปลายทาง,4
ORD01371,2025-08-01,ภาคใต้,สงขลา,เว็บไซต์,ความงาม,ครีมกันแดด,1,450,0,504.0,257.14,246.86,ลูกค้าประจำ,บัตรเครดิต,5
ORD02950,2025-08-06,ภาคเหนือ,เชียงราย,Lazada,แฟชั่น,เสื้อยืด,3,290,0,974.4,586.1,388.3,ลูกค้าประจำ,บัตรเครดิต,5
ORD01055,2025-11-16,ภาคกลาง,กรุงเทพมหานคร,เว็บไซต์,อิเล็กทรอนิกส์,ลำโพงบลูทูธ,2,1590,0,3561.6,2097.59,1464.01,ลูกค้าประจำ,เก็บเงินปลายทาง,3
ORD00080,2024-05-05,ภาคใต้,สงขลา,Shopee,อิเล็กทรอนิกส์,พาวเวอร์แบงก์,2,690,0,1380.0,772.96,607.04,ลูกค้าใหม่,โอนผ่านแอป,5
ORD01381,2025-12-13,ภาคตะวันออก,จันทบุรี,หน้าร้าน,ความงาม,เซรั่มบำรุงผิว,2,790,0,1769.6,1078.26,691.34,ลูกค้าประจำ,บัตรเครดิต,4
ORD01770,2025-12-04,ภาคกลาง,นครปฐม,เว็บไซต์,อิเล็กทรอนิกส์,พาวเวอร์แบงก์,3,690,0.15,1970.64,1353.78,616.86,ลูกค้าประจำ,บัตรเครดิต,3
ORD01922,2024-02-21,ภาคกลาง,นครปฐม,เว็บไซต์,เครื่องใช้ในบ้าน,กาต้มน้ำไฟฟ้า,1,590,0.05,560.5,334.95,225.55,ลูกค้าใหม่,เงินสด,4
ORD00671,2024-09-19,ภาคกลาง,กรุงเทพมหานคร,Shopee,อิเล็กทรอนิกส์,สมาร์ทวอทช์,1,3490,0.05,3315.5,2601.52,713.98,ลูกค้าใหม่,เงินสด,5
ORD00197,2025-05-18,ภาคใต้,สงขลา,หน้าร้าน,แฟชั่น,กางเกงยีนส์,1,890,0,996.8,541.49,455.31,ลูกค้าใหม่,บัตรเครดิต,3
ORD02626,2025-04-22,ภาคกลาง,นนทบุรี,หน้าร้าน,คอมพิวเตอร์,"จอมอนิเตอร์ 24""",1,4290,0,4804.8,2925.45,1879.35,ลูกค้าประจำ,เงินสด,4
ORD00703,2024-11-26,ภาคเหนือ,เชียงราย,หน้าร้าน,ความงาม,ลิปสติก,2,350,0,700.0,426.49,273.51,ลูกค้าประจำ,โอนผ่านแอป,3
ORD00632,2025-08-22,ภาคเหนือ,พิษณุโลก,Shopee,คอมพิวเตอร์,เมาส์เกมมิ่ง,1,890,0,996.8,544.48,452.32,ลูกค้าประจำ,โอนผ่านแอป,4
ORD00711,2024-03-26,ภาคตะวันออก,ระยอง,หน้าร้าน,ความงาม,ครีมกันแดด,3,450,0,1350.0,888.94,461.06,ลูกค้าประจำ,เงินสด,3
ORD01014,2024-08-31,ภาคอีสาน,อุดรธานี,LINE Shopping,เครื่องใช้ในบ้าน,กาต้มน้ำไฟฟ้า,1,590,0,590.0,378.1,211.9,ลูกค้าใหม่,บัตรเครดิต,4
ORD02507,2025-09-06,ภาคเหนือ,เชียงใหม่,เว็บไซต์,เครื่องใช้ในบ้าน,กาต้มน้ำไฟฟ้า,2,590,0,1321.6,866.6,455.0,ลูกค้าประจำ,โอนผ่านแอป,3
ORD01325,2024-11-14,ภาคตะวันออก,ระยอง,Lazada,แฟชั่น,กระเป๋าเป้,1,990,0.1,891.0,633.72,257.28,ลูกค้าประจำ,โอนผ่านแอป,3
ORD02314,2025-01-25,ภาคตะวันออก,ระยอง,Lazada,คอมพิวเตอร์,SSD 1TB,4,2190,0.1,8830.08,5499.88,3330.2,ลูกค้าประจำ,บัตรเครดิต,3
ORD02060,2024-11-11,ภาคกลาง,นนทบุรี,LINE Shopping,เครื่องใช้ในบ้าน,กาต้มน้ำไฟฟ้า,2,590,0,1180.0,821.25,358.75,ลูกค้าประจำ,บัตรเครดิต,4
ORD00010,2024-06-14,ภาคใต้,สงขลา,Shopee,ความงาม,ครีมกันแดด,2,450,0,900.0,662.24,237.76,ลูกค้าใหม่,โอนผ่านแอป,5
ORD01665,2025-04-07,ภาคตะวันออก,ระยอง,เว็บไซต์,เครื่องใช้ในบ้าน,เครื่องฟอกอากาศ,1,4990,0.05,5309.36,2875.61,2433.75,ลูกค้าประจำ,เก็บเงินปลายทาง,4
ORD01881,2024-09-22,ภาคอีสาน,อุดรธานี,หน้าร้าน,ความงาม,เซรั่มบำรุงผิว,1,790,0,790.0,553.78,236.22,ลูกค้าใหม่,โอนผ่านแอป,5
ORD02647,2024-11-09,ภาคใต้,ภูเก็ต,Lazada,เครื่องใช้ในบ้าน,กาต้มน้ำไฟฟ้า,2,590,0.15,1003.0,768.67,234.33,ลูกค้าใหม่,โอนผ่านแอป,5
ORD01099,2025-07-17,ภาคกลาง,นครปฐม,หน้าร้าน,ความงาม,เซรั่มบำรุงผิว,1,790,0,884.8,533.74,351.06,ลูกค้าประจำ,เก็บเงินปลายทาง,4
ORD02659,2024-05-04,ภาคใต้,สุราษฎร์ธานี,Shopee,เครื่องใช้ในบ้าน,เครื่องฟอกอากาศ,1,4990,0.15,4241.5,3442.78,798.72,ลูกค้าประจำ,เงินสด,3
ORD02111,2025-11-08,ภาคกลาง,กรุงเทพมหานคร,Lazada,เครื่องใช้ในบ้าน,กาต้มน้ำไฟฟ้า,5,590,0.1,2973.6,1888.37,1085.23,ลูกค้าใหม่,เงินสด,5
ORD02421,2025-07-21,ภาคใต้,สุราษฎร์ธานี,Shopee,อิเล็กทรอนิกส์,หูฟังไร้สาย,4,1290,0,5779.2,3729.11,2050.09,ลูกค้าประจำ,โอนผ่านแอป,5
ORD00426,2025-07-22,ภาคตะวันออก,ชลบุรี,Lazada,แฟชั่น,กางเกงยีนส์,1,890,0,996.8,513.4,483.4,ลูกค้าประจำ,โอนผ่านแอป,5
ORD00441,2025-04-23,ภาคกลาง,ปทุมธานี,Shopee,แฟชั่น,รองเท้าผ้าใบ,2,1890,0.15,3598.56,2661.03,937.53,ลูกค้าใหม่,เงินสด,4
ORD01035,2024-11-23,ภาคใต้,สุราษฎร์ธานี,Lazada,คอมพิวเตอร์,คีย์บอร์ดแมคคานิคอล,3,2490,0,7470.0,4351.16,3118.84,ลูกค้าประจำ,บัตรเครดิต,4
ORD00114,2025-01-31,ภาคกลาง,กรุงเทพมหานคร,เว็บไซต์,อิเล็กทรอนิกส์,สมาร์ทวอทช์,3,3490,0.15,9967.44,7134.48,2832.96,ลูกค้าประจำ,บัตรเครดิต,3
ORD00443,2025-11-20,ภาคอีสาน,อุบลราชธานี,หน้าร้าน,แฟชั่น,รองเท้าผ้าใบ,1,1890,0.05,2010.96,1314.51,696.45,ลูกค้าใหม่,เก็บเงินปลายทาง,3
ORD00230,2025-02-08,ภาคกลาง,นนทบุรี,LINE Shopping,แฟชั่น,กางเกงยีนส์,1,890,0,996.8,539.31,457.49,ลูกค้าใหม่,โอนผ่านแอป,4
ORD01363,2024-02-14,ภาคกลาง,กรุงเทพมหานคร,หน้าร้าน,แฟชั่น,เสื้อยืด,3,290,0,870.0,484.21,385.79,ลูกค้าประจำ,บัตรเครดิต,5
ORD02644,2025-03-26,ภาคกลาง,ปทุมธานี,Lazada,คอมพิวเตอร์,"จอมอนิเตอร์ 24""",2,4290,0,9609.6,5931.63,3677.97,ลูกค้าใหม่,เก็บเงินปลายทาง,5
ORD00656,2024-12-03,ภาคใต้,สงขลา,Lazada,เครื่องใช้ในบ้าน,หม้อทอดไร้น้ำมัน,4,2590,0.1,9324.0,5831.99,3492.01,ลูกค้าใหม่,เก็บเงินปลายทาง,5
ORD00726,2025-02-14,ภาคกลาง,นครปฐม,Shopee,คอมพิวเตอร์,เมาส์เกมมิ่ง,3,890,0,2990.4,1817.04,1173.36,ลูกค้าประจำ,โอนผ่านแอป,2
ORD01797,2024-09-04,ภาคใต้,สุราษฎร์ธานี,Lazada,อิเล็กทรอนิกส์,พาวเวอร์แบงก์,1,690,0,690.0,513.26,176.74,ลูกค้าใหม่,เก็บเงินปลายทาง,5
ORD02718,2025-02-10,ภาคกลาง,นครปฐม,เว็บไซต์,เครื่องใช้ในบ้าน,หม้อทอดไร้น้ำมัน,4,2590,0,11603.2,6081.08,5522.12,ลูกค้าใหม่,เงินสด,3
ORD01946,2024-11-14,ภาคกลาง,กรุงเทพมหานคร,หน้าร้าน,ความงาม,เซรั่มบำรุงผิว,1,790,0,790.0,543.38,246.62,ลูกค้าใหม่,บัตรเครดิต,1
ORD01854,2024-01-08,ภาคเหนือ,เชียงราย,Shopee,อิเล็กทรอนิกส์,สมาร์ทวอทช์,4,3490,0,13960.0,9349.84,4610.16,ลูกค้าประจำ,เงินสด,3
ORD01129,2025-04-29,ภาคกลาง,นครปฐม,Shopee,เครื่องใช้ในบ้าน,หม้อทอดไร้น้ำมัน,1,2590,0.05,2755.76,1905.12,850.64,ลูกค้าประจำ,เก็บเงินปลายทาง,4
ORD01852,2025-08-28,ภาคกลาง,กรุงเทพมหานคร,Lazada,เครื่องใช้ในบ้าน,หม้อทอดไร้น้ำมัน,1,2590,0,2900.8,1658.83,1241.97,ลูกค้าใหม่,เงินสด,5
ORD02685,2024-03-13,ภาคกลาง,นครปฐม,Shopee,ความงาม,ลิปสติก,1,350,0,350.0,234.03,115.97,ลูกค้าประจำ,เก็บเงินปลายทาง,4
ORD00856,2025-12-02,ภาคกลาง,กรุงเทพมหานคร,Lazada,เครื่องใช้ในบ้าน,หม้อทอดไร้น้ำมัน,1,2590,0,2900.8,1442.0,1458.8,ลูกค้าประจำ,เก็บเงินปลายทาง,5
ORD01613,2024-03-03,ภาคเหนือ,เชียงใหม่,Lazada,เครื่องใช้ในบ้าน,หม้อทอดไร้น้ำมัน,1,2590,0.05,2460.5,1578.09,882.41,ลูกค้าประจำ,บัตรเครดิต,5
ORD02882,2024-02-17,ภาคใต้,สงขลา,หน้าร้าน,เครื่องใช้ในบ้าน,หม้อทอดไร้น้ำมัน,2,2590,0.05,4921.0,3378.56,1542.44,ลูกค้าประจำ,บัตรเครดิต,4
ORD02880,2025-06-01,ภาคกลาง,ปทุมธานี,เว็บไซต์,คอมพิวเตอร์,SSD 1TB,2,2190,0,4905.6,2931.2,1974.4,ลูกค้าใหม่,บัตรเครดิต,5
ORD02858,2025-04-18,ภาคกลาง,นนทบุรี,LINE Shopping,แฟชั่น,กางเกงยีนส์,4,890,0.15,3389.12,2292.21,1096.91,ลูกค้าประจำ,บัตรเครดิต,5
ORD00522,2025-11-13,ภาคตะวันออก,จันทบุรี,หน้าร้าน,ความงาม,ครีมกันแดด,1,450,0.05,478.8,305.74,173.06,ลูกค้าใหม่,เงินสด,5
ORD02791,2024-07-04,ภาคอีสาน,นครราชสีมา,LINE Shopping,คอมพิวเตอร์,เมาส์เกมมิ่ง,1,890,0.1,801.0,498.09,302.91,ลูกค้าประจำ,เงินสด,2
ORD02410,2024-01-01,ภาคอีสาน,ขอนแก่น,หน้าร้าน,อิเล็กทรอนิกส์,พาวเวอร์แบงก์,1,690,0,690.0,442.92,247.08,ลูกค้าประจำ,เงินสด,
ORD02371,2024-12-17,ภาคอีสาน,อุดรธานี,Shopee,อิเล็กทรอนิกส์,ลำโพงบลูทูธ,4,1590,0.1,5724.0,4503.38,1220.62,ลูกค้าใหม่,เงินสด,4
ORD00546,2025-03-31,ภาคเหนือ,เชียงใหม่,Shopee,แฟชั่น,กางเกงยีนส์,1,890,0.05,946.96,498.56,448.4,ลูกค้าใหม่,เก็บเงินปลายทาง,5
ORD02472,2024-12-21,ภาคตะวันออก,ระยอง,LINE Shopping,แฟชั่น,รองเท้าผ้าใบ,3,1890,0,5670.0,4244.4,1425.6,ลูกค้าใหม่,เก็บเงินปลายทาง,2
ORD00823,2024-02-28,ภาคเหนือ,เชียงราย,Shopee,เครื่องใช้ในบ้าน,กาต้มน้ำไฟฟ้า,1,590,0.1,531.0,415.24,115.76,ลูกค้าใหม่,เก็บเงินปลายทาง,4
ORD00878,2024-12-04,ภาคใต้,สงขลา,Lazada,เครื่องใช้ในบ้าน,หม้อทอดไร้น้ำมัน,2,2590,0,5180.0,3716.42,1463.58,ลูกค้าประจำ,โอนผ่านแอป,5
ORD02827,2024-05-14,ภาคอีสาน,อุดรธานี,หน้าร้าน,เครื่องใช้ในบ้าน,กาต้มน้ำไฟฟ้า,3,590,0.05,1681.5,1261.8,419.7,ลูกค้าประจำ,เก็บเงินปลายทาง,5
ORD00709,2024-01-22,ภาคตะวันออก,จันทบุรี,หน้าร้าน,แฟชั่น,กางเกงยีนส์,1,890,0,890.0,570.49,319.51,ลูกค้าประจำ,เงินสด,5
ORD01211,2025-07-28,ภาคกลาง,กรุงเทพมหานคร,LINE Shopping,คอมพิวเตอร์,"จอมอนิเตอร์ 24""",1,4290,0,4804.8,2567.22,2237.58,ลูกค้าประจำ,เก็บเงินปลายทาง,5
ORD00805,2024-12-25,ภาคกลาง,นนทบุรี,Shopee,อิเล็กทรอนิกส์,พาวเวอร์แบงก์,1,690,0.05,655.5,397.88,257.62,ลูกค้าใหม่,เก็บเงินปลายทาง,4
ORD00525,2025-03-17,ภาคอีสาน,ขอนแก่น,เว็บไซต์,เครื่องใช้ในบ้าน,กาต้มน้ำไฟฟ้า,2,590,0.05,1255.52,836.02,419.5,ลูกค้าใหม่,บัตรเครดิต,3
ORD00100,2025-06-03,ภาคอีสาน,อุบลราชธานี,Shopee,อิเล็กทรอนิกส์,ลำโพงบลูทูธ,4,1590,0,7123.2,3906.98,3216.22,ลูกค้าประจำ,เงินสด,4
ORD02516,2024-11-02,ภาคกลาง,นนทบุรี,Lazada,เครื่องใช้ในบ้าน,หม้อทอดไร้น้ำมัน,1,2590,0.15,2201.5,1775.63,425.87,ลูกค้าประจำ,เก็บเงินปลายทาง,3
ORD01307,2024-03-04,ภาคกลาง,นนทบุรี,Shopee,อิเล็กทรอนิกส์,ลำโพงบลูทูธ,1,1590,0,1590.0,1138.06,451.94,ลูกค้าประจำ,เก็บเงินปลายทาง,4
ORD01647,2025-12-23,ภาคใต้,สงขลา,หน้าร้าน,คอมพิวเตอร์,SSD 1TB,3,2190,0.05,6990.48,3963.19,3027.29,ลูกค้าใหม่,โอนผ่านแอป,4
ORD02312,2024-11-19,ภาคอีสาน,อุดรธานี,Shopee,แฟชั่น,รองเท้าผ้าใบ,1,1890,0,1890.0,1415.06,474.94,ลูกค้าประจำ,เงินสด,4
ORD02176,2024-01-19,ภาคกลาง,ปทุมธานี,เว็บไซต์,อิเล็กทรอนิกส์,พาวเวอร์แบงก์,1,690,0.05,655.5,510.92,144.58,ลูกค้าใหม่,บัตรเครดิต,4
ORD00251,2024-01-13,ภาคอีสาน,ขอนแก่น,หน้าร้าน,ความงาม,เซรั่มบำรุงผิว,1,790,0.05,750.5,527.39,223.11,ลูกค้าประจำ,เงินสด,5
ORD02098,2024-10-01,ภาคกลาง,นครปฐม,Shopee,อิเล็กทรอนิกส์,หูฟังไร้สาย,4,1290,0,5160.0,3668.34,1491.66,ลูกค้าประจำ,โอนผ่านแอป,
ORD00921,2025-12-23,ภาคกลาง,นนทบุรี,เว็บไซต์,คอมพิวเตอร์,"จอมอนิเตอร์ 24""",1,4290,0,4804.8,2492.01,2312.79,ลูกค้าใหม่,บัตรเครดิต,5
ORD01990,2024-10-29,ภาคใต้,สุราษฎร์ธานี,เว็บไซต์,ความงาม,ครีมกันแดด,1,450,0,450.0,308.71,141.29,ลูกค้าประจำ,เงินสด,3
ORD00999,2025-10-20,ภาคกลาง,กรุงเทพมหานคร,Shopee,แฟชั่น,กางเกงยีนส์,1,890,0.05,946.96,566.95,380.01,ลูกค้าประจำ,เก็บเงินปลายทาง,3
ORD00445,2024-01-04,ภาคอีสาน,อุดรธานี,LINE Shopping,แฟชั่น,เสื้อยืด,2,290,0,580.0,357.68,222.32,ลูกค้าประจำ,เงินสด,4
ORD02340,2024-06-04,ภาคเหนือ,เชียงใหม่,เว็บไซต์,แฟชั่น,กระเป๋าเป้,1,990,0.15,841.5,718.74,122.76,ลูกค้าประจำ,เงินสด,1
ORD00132,2024-06-12,ภาคตะวันออก,ระยอง,Shopee,เครื่องใช้ในบ้าน,หม้อทอดไร้น้ำมัน,2,2590,0.1,4662.0,3332.62,1329.38,ลูกค้าประจำ,เงินสด,5
ORD01374,2024-10-01,ภาคกลาง,ปทุมธานี,Shopee,คอมพิวเตอร์,เมาส์เกมมิ่ง,4,890,0,3560.0,2269.67,1290.33,ลูกค้าประจำ,บัตรเครดิต,5
ORD00627,2025-01-21,ภาคตะวันออก,ระยอง,หน้าร้าน,เครื่องใช้ในบ้าน,หม้อทอดไร้น้ำมัน,1,2590,0,2900.8,1936.95,963.85,ลูกค้าประจำ,เงินสด,3
ORD00557,2025-06-12,ภาคกลาง,กรุงเทพมหานคร,หน้าร้าน,อิเล็กทรอนิกส์,ลำโพงบลูทูธ,1,1590,0.05,1691.76,1174.58,517.18,ลูกค้าใหม่,เก็บเงินปลายทาง,5
ORD02996,2024-11-07,ภาคอีสาน,อุบลราชธานี,Shopee,แฟชั่น,กระเป๋าเป้,1,990,0,990.0,584.75,405.25,ลูกค้าใหม่,บัตรเครดิต,4
ORD01624,2024-07-02,ภาคตะวันออก,ระยอง,LINE Shopping,แฟชั่น,เสื้อยืด,1,290,0,290.0,170.19,119.81,ลูกค้าใหม่,เงินสด,2
ORD02028,2024-11-19,ภาคใต้,สุราษฎร์ธานี,เว็บไซต์,อิเล็กทรอนิกส์,ลำโพงบลูทูธ,1,1590,0.1,1431.0,922.2,508.8,ลูกค้าใหม่,บัตรเครดิต,4
ORD02589,2024-09-14,ภาคตะวันออก,ชลบุรี,LINE Shopping,แฟชั่น,เสื้อยืด,2,290,0,580.0,320.16,259.84,ลูกค้าใหม่,บัตรเครดิต,3
ORD01134,2025-12-06,ภาคกลาง,ปทุมธานี,Shopee,เครื่องใช้ในบ้าน,กาต้มน้ำไฟฟ้า,1,590,0.05,627.76,366.83,260.93,ลูกค้าใหม่,เก็บเงินปลายทาง,4
ORD01582,2025-12-25,ภาคกลาง,นนทบุรี,หน้าร้าน,เครื่องใช้ในบ้าน,เครื่องฟอกอากาศ,1,4990,0,5588.8,3398.28,2190.52,ลูกค้าประจำ,เก็บเงินปลายทาง,5
ORD00899,2025-09-05,ภาคกลาง,ปทุมธานี,Lazada,เครื่องใช้ในบ้าน,กาต้มน้ำไฟฟ้า,1,590,0.1,594.72,356.03,238.69,ลูกค้าใหม่,เงินสด,4
ORD00034,2025-03-29,ภาคอีสาน,อุบลราชธานี,Shopee,ความงาม,เซรั่มบำรุงผิว,3,790,0,2654.4,1655.99,998.41,ลูกค้าประจำ,โอนผ่านแอป,5
ORD02029,2025-06-21,ภาคใต้,ภูเก็ต,LINE Shopping,แฟชั่น,รองเท้าผ้าใบ,1,1890,0,2116.8,1366.44,750.36,ลูกค้าประจำ,เก็บเงินปลายทาง,5
ORD00376,2024-03-25,ภาคใต้,ภูเก็ต,เว็บไซต์,ความงาม,เซรั่มบำรุงผิว,1,790,0.05,750.5,556.76,193.74,ลูกค้าประจำ,เก็บเงินปลายทาง,4
ORD00478,2025-03-13,ภาคกลาง,นครปฐม,LINE Shopping,เครื่องใช้ในบ้าน,เครื่องฟอกอากาศ,1,4990,0.1,5029.92,2831.92,2198.0,ลูกค้าประจำ,เก็บเงินปลายทาง,5
ORD00442,2024-03-04,ภาคกลาง,นนทบุรี,หน้าร้าน,อิเล็กทรอนิกส์,สมาร์ทวอทช์,4,3490,0,13960.0,7871.76,6088.24,ลูกค้าประจำ,โอนผ่านแอป,4
ORD02608,2024-11-08,ภาคอีสาน,ขอนแก่น,Lazada,เครื่องใช้ในบ้าน,กาต้มน้ำไฟฟ้า,4,590,0.15,2006.0,1315.67,690.33,ลูกค้าใหม่,โอนผ่านแอป,4
ORD00187,2025-07-03,ภาคตะวันออก,จันทบุรี,เว็บไซต์,อิเล็กทรอนิกส์,พาวเวอร์แบงก์,2,690,0.15,1313.76,928.1,385.66,ลูกค้าประจำ,เก็บเงินปลายทาง,5
ORD00291,2024-12-26,ภาคอีสาน,ขอนแก่น,เว็บไซต์,แฟชั่น,รองเท้าผ้าใบ,3,1890,0,5670.0,3711.28,1958.72,ลูกค้าใหม่,เงินสด,5
ORD01663,2024-08-28,ภาคอีสาน,อุบลราชธานี,หน้าร้าน,อิเล็กทรอนิกส์,หูฟังไร้สาย,2,1290,0.05,2451.0,1459.07,991.93,ลูกค้าใหม่,เก็บเงินปลายทาง,5
ORD01192,2025-10-13,ภาคใต้,สงขลา,หน้าร้าน,ความงาม,ครีมกันแดด,1,450,0,504.0,331.03,172.97,ลูกค้าใหม่,เงินสด,5
ORD02395,2024-02-07,ภาคเหนือ,พิษณุโลก,หน้าร้าน,เครื่องใช้ในบ้าน,เครื่องฟอกอากาศ,1,4990,0,4990.0,3571.68,1418.32,ลูกค้าประจำ,เก็บเงินปลายทาง,3
ORD01219,2024-12-27,ภาคกลาง,นครปฐม,หน้าร้าน,เครื่องใช้ในบ้าน,เครื่องฟอกอากาศ,3,4990,0,14970.0,10934.83,4035.17,ลูกค้าใหม่,โอนผ่านแอป,4
ORD01435,2025-11-05,ภาคอีสาน,อุบลราชธานี,LINE Shopping,อิเล็กทรอนิกส์,พาวเวอร์แบงก์,1,690,0.1,695.52,413.12,282.4,ลูกค้าประจำ,เก็บเงินปลายทาง,4
ORD01568,2025-03-18,ภาคอีสาน,นครราชสีมา,หน้าร้าน,อิเล็กทรอนิกส์,พาวเวอร์แบงก์,1,690,0.05,734.16,479.81,254.35,ลูกค้าประจำ,บัตรเครดิต,5
ORD00941,2025-11-24,ภาคกลาง,นครปฐม,หน้าร้าน,ความงาม,ลิปสติก,4,350,0.05,1489.6,885.02,604.58,ลูกค้าประจำ,เงินสด,5
ORD01136,2024-12-25,ภาคกลาง,ปทุมธานี,Shopee,เครื่องใช้ในบ้าน,กาต้มน้ำไฟฟ้า,1,590,0.05,560.5,338.97,221.53,ลูกค้าประจำ,โอนผ่านแอป,5
ORD02083,2025-11-04,ภาคกลาง,กรุงเทพมหานคร,Lazada,แฟชั่น,กางเกงยีนส์,4,890,0.1,3588.48,2147.13,1441.35,ลูกค้าประจำ,โอนผ่านแอป,4
ORD01299,2024-12-21,ภาคใต้,สุราษฎร์ธานี,Shopee,แฟชั่น,กระเป๋าเป้,3,990,0.05,2821.5,2013.0,808.5,ลูกค้าใหม่,เก็บเงินปลายทาง,4
ORD02984,2025-01-08,ภาคเหนือ,พิษณุโลก,Shopee,ความงาม,ลิปสติก,1,350,0,392.0,227.92,164.08,ลูกค้าประจำ,บัตรเครดิต,5
ORD00367,2024-08-24,ภาคกลาง,นครปฐม,Shopee,ความงาม,ลิปสติก,1,350,0,350.0,231.59,118.41,ลูกค้าประจำ,บัตรเครดิต,5
ORD02610,2025-10-09,ภาคใต้,ภูเก็ต,Shopee,เครื่องใช้ในบ้าน,กาต้มน้ำไฟฟ้า,2,590,0,1321.6,698.47,623.13,ลูกค้าประจำ,บัตรเครดิต,3
ORD01721,2025-12-20,ภาคกลาง,ปทุมธานี,หน้าร้าน,อิเล็กทรอนิกส์,สมาร์ทวอทช์,1,3490,0.05,3713.36,2187.79,1525.57,ลูกค้าใหม่,บัตรเครดิต,4
ORD02689,2025-06-04,ภาคกลาง,ปทุมธานี,เว็บไซต์,เครื่องใช้ในบ้าน,เครื่องฟอกอากาศ,1,4990,0.1,5029.92,3241.66,1788.26,ลูกค้าใหม่,บัตรเครดิต,4
ORD01809,2025-03-19,ภาคกลาง,กรุงเทพมหานคร,Shopee,อิเล็กทรอนิกส์,หูฟังไร้สาย,1,1290,0.1,1300.32,827.18,473.14,ลูกค้าประจำ,เก็บเงินปลายทาง,4
ORD00963,2025-12-21,ภาคกลาง,ปทุมธานี,LINE Shopping,ความงาม,ครีมกันแดด,1,450,0,504.0,258.32,245.68,ลูกค้าใหม่,บัตรเครดิต,4
ORD00172,2024-09-03,ภาคเหนือ,เชียงใหม่,หน้าร้าน,เครื่องใช้ในบ้าน,เครื่องฟอกอากาศ,3,4990,0,14970.0,9607.74,5362.26,ลูกค้าประจำ,โอนผ่านแอป,4
ORD01196,2025-10-08,ภาคกลาง,ปทุมธานี,หน้าร้าน,เครื่องใช้ในบ้าน,เครื่องฟอกอากาศ,3,4990,0,16766.4,10594.75,6171.65,ลูกค้าใหม่,โอนผ่านแอป,4
ORD00479,2025-12-05,ภาคใต้,ภูเก็ต,เว็บไซต์,ความงาม,ครีมกันแดด,1,450,0.1,453.6,336.3,117.3,ลูกค้าประจำ,เก็บเงินปลายทาง,3
ORD00857,2024-05-14,ภาคตะวันออก,ชลบุรี,Lazada,อิเล็กทรอนิกส์,หูฟังไร้สาย,1,1290,0.15,1096.5,816.67,279.83,ลูกค้าประจำ,โอนผ่านแอป,3
ORD02629,2024-01-23,ภาคเหนือ,,Shopee,อิเล็กทรอนิกส์,พาวเวอร์แบงก์,1,690,0,690.0,413.32,276.68,ลูกค้าใหม่,บัตรเครดิต,5
ORD00962,2025-06-10,ภาคกลาง,กรุงเทพมหานคร,Lazada,คอมพิวเตอร์,"จอมอนิเตอร์ 24""",1,4290,0.1,4324.32,2751.02,1573.3,ลูกค้าประจำ,บัตรเครดิต,5
ORD00904,2024-02-20,ภาคเหนือ,เชียงใหม่,Lazada,แฟชั่น,รองเท้าผ้าใบ,2,1890,0,3780.0,2458.18,1321.82,ลูกค้าประจำ,โอนผ่านแอป,5
ORD01759,2024-06-25,ภาคเหนือ,เชียงราย,Shopee,อิเล็กทรอนิกส์,หูฟังไร้สาย,1,1290,0,1290.0,843.92,446.08,ลูกค้าประจำ,โอนผ่านแอป,4
ORD00660,2024-05-30,ภาคกลาง,นครปฐม,LINE Shopping,อิเล็กทรอนิกส์,สมาร์ทวอทช์,1,3490,0,3490.0,2110.37,1379.63,ลูกค้าประจำ,,4
ORD02618,2024-04-19,ภาคเหนือ,พิษณุโลก,หน้าร้าน,เครื่องใช้ในบ้าน,กาต้มน้ำไฟฟ้า,1,590,0.05,560.5,337.01,223.49,ลูกค้าประจำ,โอนผ่านแอป,5
ORD01672,2024-05-22,ภาคอีสาน,อุบลราชธานี,Shopee,อิเล็กทรอนิกส์,สมาร์ทวอทช์,2,3490,0.15,5933.0,4906.72,1026.28,ลูกค้าประจำ,เก็บเงินปลายทาง,1
ORD02163,2025-11-09,ภาคกลาง,นนทบุรี,หน้าร้าน,คอมพิวเตอร์,เมาส์เกมมิ่ง,1,890,0,996.8,507.56,489.24,ลูกค้าใหม่,เก็บเงินปลายทาง,5
ORD02323,2025-11-06,ภาคตะวันออก,ระยอง,Shopee,คอมพิวเตอร์,"จอมอนิเตอร์ 24""",4,4290,0.1,17297.28,11763.14,5534.14,ลูกค้าประจำ,เก็บเงินปลายทาง,4
ORD00502,2025-08-28,ภาคอีสาน,อุดรธานี,หน้าร้าน,เครื่องใช้ในบ้าน,เครื่องฟอกอากาศ,1,4990,0,5588.8,2872.44,2716.36,ลูกค้าใหม่,เงินสด,5
ORD00093,2025-11-01,ภาคกลาง,นครปฐม,หน้าร้าน,คอมพิวเตอร์,คีย์บอร์ดแมคคานิคอล,2,2490,0,5577.6,2746.7,2830.9,ลูกค้าใหม่,เก็บเงินปลายทาง,4
ORD01940,2025-03-15,ภาคตะวันออก,ระยอง,Shopee,แฟชั่น,รองเท้าผ้าใบ,4,1890,0.15,7197.12,5288.28,1908.84,ลูกค้าประจำ,บัตรเครดิต,4
ORD00713,2025-11-17,ภาคตะวันออก,ชลบุรี,หน้าร้าน,แฟชั่น,กางเกงยีนส์,1,890,0,996.8,565.53,431.27,ลูกค้าใหม่,บัตรเครดิต,3
ORD00039,2025-08-29,ภาคกลาง,นนทบุรี,หน้าร้าน,แฟชั่น,กางเกงยีนส์,3,890,0,2990.4,1670.94,1319.46,ลูกค้าประจำ,บัตรเครดิต,5
ORD02567,2024-12-09,ภาคกลาง,กรุงเทพมหานคร,Lazada,คอมพิวเตอร์,"จอมอนิเตอร์ 24""",2,4290,0.05,8151.0,5359.96,2791.04,ลูกค้าใหม่,เก็บเงินปลายทาง,5
ORD02582,2025-03-25,ภาคกลาง,นนทบุรี,หน้าร้าน,เครื่องใช้ในบ้าน,กาต้มน้ำไฟฟ้า,1,590,0,660.8,407.56,253.24,ลูกค้าประจำ,บัตรเครดิต,4
ORD01860,2025-09-09,ภาคอีสาน,อุบลราชธานี,หน้าร้าน,อิเล็กทรอนิกส์,สมาร์ทวอทช์,1,3490,0.05,3713.36,2478.6,1234.76,ลูกค้าใหม่,เงินสด,5
ORD00337,2024-11-18,ภาคตะวันออก,,LINE Shopping,ความงาม,เซรั่มบำรุงผิว,1,790,0.1,711.0,478.78,232.22,ลูกค้าประจำ,โอนผ่านแอป,2
ORD02800,2025-12-18,ภาคกลาง,กรุงเทพมหานคร,เว็บไซต์,แฟชั่น,รองเท้าผ้าใบ,5,1890,0,10584.0,5470.38,5113.62,ลูกค้าใหม่,เงินสด,5
ORD00153,2025-11-27,ภาคตะวันออก,จันทบุรี,เว็บไซต์,อิเล็กทรอนิกส์,ลำโพงบลูทูธ,1,1590,0.1,1602.72,910.18,692.54,ลูกค้าประจำ,โอนผ่านแอป,4
ORD02213,2025-02-06,ภาคกลาง,ปทุมธานี,เว็บไซต์,ความงาม,ลิปสติก,2,350,0,784.0,516.41,267.59,ลูกค้าใหม่,เงินสด,5
ORD01641,2024-12-11,ภาคตะวันออก,ชลบุรี,Lazada,เครื่องใช้ในบ้าน,หม้อทอดไร้น้ำมัน,1,2590,0,2590.0,1607.79,982.21,ลูกค้าประจำ,บัตรเครดิต,1
ORD01515,2025-03-11,ภาคเหนือ,เชียงราย,เว็บไซต์,ความงาม,ลิปสติก,1,350,0,392.0,242.37,149.63,ลูกค้าประจำ,โอนผ่านแอป,3
ORD02422,2025-09-21,ภาคตะวันออก,ระยอง,เว็บไซต์,คอมพิวเตอร์,เมาส์เกมมิ่ง,1,890,0.15,847.28,579.92,267.36,ลูกค้าประจำ,โอนผ่านแอป,2
ORD01909,2025-11-25,ภาคอีสาน,อุบลราชธานี,Shopee,อิเล็กทรอนิกส์,ลำโพงบลูทูธ,1,1590,0,1780.8,1119.96,660.84,ลูกค้าประจำ,เก็บเงินปลายทาง,4
ORD02250,2025-04-23,ภาคกลาง,กรุงเทพมหานคร,Shopee,เครื่องใช้ในบ้าน,เครื่องฟอกอากาศ,2,4990,0,11177.6,7479.65,3697.95,ลูกค้าประจำ,บัตรเครดิต,5
ORD01289,2025-01-14,ภาคอีสาน,ขอนแก่น,Lazada,เครื่องใช้ในบ้าน,เครื่องฟอกอากาศ,1,4990,0,5588.8,2995.28,2593.52,ลูกค้าใหม่,บัตรเครดิต,4
ORD01757,2024-02-21,ภาคกลาง,ปทุมธานี,เว็บไซต์,คอมพิวเตอร์,SSD 1TB,1,2190,0,2190.0,1247.84,942.16,ลูกค้าใหม่,บัตรเครดิต,5
ORD01704,2025-05-23,ภาคกลาง,กรุงเทพมหานคร,LINE Shopping,คอมพิวเตอร์,เมาส์เกมมิ่ง,1,890,0,996.8,529.68,467.12,ลูกค้าประจำ,โอนผ่านแอป,5
ORD01579,2024-12-04,ภาคเหนือ,เชียงใหม่,Lazada,แฟชั่น,เสื้อยืด,2,290,0,580.0,359.13,220.87,ลูกค้าใหม่,เก็บเงินปลายทาง,3
ORD02913,2024-03-07,ภาคกลาง,กรุงเทพมหานคร,Lazada,ความงาม,เซรั่มบำรุงผิว,1,790,0,790.0,559.79,230.21,ลูกค้าประจำ,เก็บเงินปลายทาง,4
ORD01560,2024-11-04,ภาคใต้,สงขลา,หน้าร้าน,คอมพิวเตอร์,คีย์บอร์ดแมคคานิคอล,1,2490,0,2490.0,1377.17,1112.83,ลูกค้าใหม่,บัตรเครดิต,5
ORD00193,2025-07-03,ภาคกลาง,ปทุมธานี,Lazada,แฟชั่น,เสื้อยืด,1,290,0.1,292.32,215.52,76.8,ลูกค้าประจำ,เก็บเงินปลายทาง,
ORD01637,2024-12-25,ภาคกลาง,กรุงเทพมหานคร,Lazada,ความงาม,เซรั่มบำรุงผิว,1,790,0.1,711.0,531.64,179.36,ลูกค้าใหม่,โอนผ่านแอป,5
ORD01468,2025-08-21,ภาคกลาง,นนทบุรี,LINE Shopping,แฟชั่น,รองเท้าผ้าใบ,2,1890,0.15,3598.56,2638.06,960.5,ลูกค้าประจำ,โอนผ่านแอป,4
ORD01746,2025-01-10,ภาคเหนือ,เชียงใหม่,LINE Shopping,แฟชั่น,กางเกงยีนส์,1,890,0.05,946.96,637.31,309.65,ลูกค้าประจำ,โอนผ่านแอป,5
ORD01091,2024-05-10,ภาคตะวันออก,จันทบุรี,Lazada,ความงาม,เซรั่มบำรุงผิว,2,790,0,1580.0,945.26,634.74,ลูกค้าใหม่,เงินสด,4
ORD01738,2024-06-16,ภาคตะวันออก,ระยอง,Shopee,แฟชั่น,กระเป๋าเป้,2,990,0,1980.0,1191.28,788.72,ลูกค้าประจำ,โอนผ่านแอป,4
ORD02518,2025-04-05,ภาคใต้,ภูเก็ต,หน้าร้าน,แฟชั่น,กระเป๋าเป้,1,990,0,1108.8,718.87,389.93,ลูกค้าประจำ,โอนผ่านแอป,4
ORD01597,2025-09-23,ภาคตะวันออก,จันทบุรี,Shopee,ความงาม,เซรั่มบำรุงผิว,1,790,0.15,752.08,508.23,243.85,ลูกค้าใหม่,บัตรเครดิต,5
ORD00951,2025-01-24,ภาคกลาง,ปทุมธานี,เว็บไซต์,อิเล็กทรอนิกส์,สมาร์ทวอทช์,1,3490,0,3908.8,2222.54,1686.26,ลูกค้าใหม่,เงินสด,5
ORD02104,2025-07-19,ภาคอีสาน,ขอนแก่น,LINE Shopping,อิเล็กทรอนิกส์,พาวเวอร์แบงก์,1,690,0.05,734.16,450.29,283.87,ลูกค้าประจำ,บัตรเครดิต,5
ORD01316,2025-11-06,ภาคกลาง,ปทุมธานี,หน้าร้าน,เครื่องใช้ในบ้าน,เครื่องฟอกอากาศ,1,4990,0.05,5309.36,2841.67,2467.69,ลูกค้าประจำ,โอนผ่านแอป,5
ORD00958,2025-08-07,ภาคกลาง,ปทุมธานี,หน้าร้าน,คอมพิวเตอร์,คีย์บอร์ดแมคคานิคอล,1,2490,0,2788.8,1726.7,1062.1,ลูกค้าประจำ,เงินสด,3
ORD01729,2025-12-17,ภาคกลาง,กรุงเทพมหานคร,Lazada,แฟชั่น,เสื้อยืด,3,290,0,974.4,572.77,401.63,ลูกค้าประจำ,บัตรเครดิต,4
ORD00287,2025-04-06,ภาคอีสาน,อุบลราชธานี,หน้าร้าน,ความงาม,ครีมกันแดด,5,450,0.05,2394.0,1259.36,1134.64,ลูกค้าประจำ,เก็บเงินปลายทาง,5
ORD01660,2024-03-20,ภาคกลาง,นครปฐม,เว็บไซต์,เครื่องใช้ในบ้าน,เครื่องฟอกอากาศ,1,4990,0,4990.0,3244.48,1745.52,ลูกค้าประจำ,เก็บเงินปลายทาง,4
ORD02481,2024-02-08,ภาคใต้,ภูเก็ต,Lazada,คอมพิวเตอร์,SSD 1TB,1,2190,0.1,1971.0,1412.35,558.65,ลูกค้าใหม่,โอนผ่านแอป,5
ORD00715,2024-03-27,ภาคอีสาน,อุดรธานี,Shopee,คอมพิวเตอร์,SSD 1TB,1,2190,0.15,1861.5,1390.76,470.74,ลูกค้าประจำ,บัตรเครดิต,4
ORD01336,2024-09-05,ภาคอีสาน,นครราชสีมา,หน้าร้าน,คอมพิวเตอร์,SSD 1TB,1,2190,0.05,2080.5,1440.54,639.96,ลูกค้าประจำ,เก็บเงินปลายทาง,4
ORD00697,2025-11-10,ภาคเหนือ,เชียงราย,หน้าร้าน,ความงาม,ครีมกันแดด,1,450,0,504.0,280.22,223.78,ลูกค้าใหม่,เงินสด,5
ORD02945,2025-05-19,ภาคใต้,ภูเก็ต,เว็บไซต์,แฟชั่น,กระเป๋าเป้,1,990,0,1108.8,553.98,554.82,ลูกค้าประจำ,บัตรเครดิต,3
ORD01386,2024-05-19,ภาคกลาง,นครปฐม,Lazada,เครื่องใช้ในบ้าน,เครื่องฟอกอากาศ,1,4990,0.1,4491.0,3299.87,1191.13,ลูกค้าใหม่,โอนผ่านแอป,3
ORD01977,2024-11-26,ภาคเหนือ,พิษณุโลก,Shopee,อิเล็กทรอนิกส์,สมาร์ทวอทช์,1,3490,0,3490.0,2049.03,1440.97,ลูกค้าใหม่,เก็บเงินปลายทาง,5
ORD01354,2025-12-28,ภาคตะวันออก,ชลบุรี,Lazada,ความงาม,ลิปสติก,2,350,0.05,744.8,387.06,357.74,ลูกค้าประจำ,เงินสด,5
ORD01437,2025-10-29,ภาคใต้,สุราษฎร์ธานี,LINE Shopping,แฟชั่น,รองเท้าผ้าใบ,2,1890,0.1,3810.24,2548.96,1261.28,ลูกค้าประจำ,บัตรเครดิต,3
ORD00560,2025-10-26,ภาคกลาง,นนทบุรี,เว็บไซต์,เครื่องใช้ในบ้าน,หม้อทอดไร้น้ำมัน,1,2590,0.15,2465.68,1796.88,668.8,ลูกค้าประจำ,บัตรเครดิต,3
ORD02057,2024-04-06,ภาคกลาง,นครปฐม,หน้าร้าน,เครื่องใช้ในบ้าน,เครื่องฟอกอากาศ,3,4990,0.05,14221.5,9706.96,4514.54,ลูกค้าประจำ,เก็บเงินปลายทาง,4
ORD00886,2024-02-04,ภาคกลาง,กรุงเทพมหานคร,Shopee,เครื่องใช้ในบ้าน,หม้อทอดไร้น้ำมัน,1,2590,0,2590.0,1760.1,829.9,ลูกค้าใหม่,บัตรเครดิต,4
ORD02379,2025-11-19,ภาคเหนือ,เชียงราย,เว็บไซต์,เครื่องใช้ในบ้าน,กาต้มน้ำไฟฟ้า,1,590,0.15,561.68,345.27,216.41,ลูกค้าใหม่,เก็บเงินปลายทาง,5
ORD02723,2025-02-22,ภาคตะวันออก,จันทบุรี,เว็บไซต์,เครื่องใช้ในบ้าน,กาต้มน้ำไฟฟ้า,1,590,0.1,594.72,345.83,248.89,ลูกค้าประจำ,เก็บเงินปลายทาง,5
ORD02008,2025-09-27,ภาคเหนือ,เชียงราย,หน้าร้าน,เครื่องใช้ในบ้าน,หม้อทอดไร้น้ำมัน,1,2590,0,2900.8,1723.71,1177.09,ลูกค้าใหม่,บัตรเครดิต,4
ORD00785,2025-03-03,ภาคกลาง,นครปฐม,Lazada,คอมพิวเตอร์,เมาส์เกมมิ่ง,2,890,0.1,1794.24,1022.77,771.47,ลูกค้าประจำ,บัตรเครดิต,4
ORD00262,2025-11-02,ภาคกลาง,นนทบุรี,หน้าร้าน,แฟชั่น,กระเป๋าเป้,1,990,0.05,1053.36,741.46,311.9,ลูกค้าใหม่,โอนผ่านแอป,5
ORD02529,2024-04-19,ภาคเหนือ,เชียงใหม่,หน้าร้าน,คอมพิวเตอร์,"จอมอนิเตอร์ 24""",3,4290,0,12870.0,7829.69,5040.31,ลูกค้าประจำ,เก็บเงินปลายทาง,4
ORD00232,2025-12-31,ภาคเหนือ,เชียงใหม่,Shopee,แฟชั่น,รองเท้าผ้าใบ,4,1890,0.05,8043.84,4566.9,3476.94,ลูกค้าใหม่,โอนผ่านแอป,1
ORD01432,2025-04-29,ภาคกลาง,กรุงเทพมหานคร,Shopee,เครื่องใช้ในบ้าน,กาต้มน้ำไฟฟ้า,1,590,0,660.8,362.07,298.73,ลูกค้าประจำ,เงินสด,4
ORD00499,2025-06-16,ภาคใต้,สุราษฎร์ธานี,Shopee,คอมพิวเตอร์,"จอมอนิเตอร์ 24""",2,4290,0,9609.6,5649.82,3959.78,ลูกค้าประจำ,เงินสด,5
ORD01680,2025-08-17,ภาคอีสาน,ขอนแก่น,หน้าร้าน,ความงาม,ครีมกันแดด,1,450,0,504.0,317.22,186.78,ลูกค้าประจำ,โอนผ่านแอป,4
ORD01521,2024-06-27,ภาคเหนือ,เชียงราย,เว็บไซต์,อิเล็กทรอนิกส์,สมาร์ทวอทช์,3,3490,0,10470.0,7191.36,3278.64,ลูกค้าใหม่,เก็บเงินปลายทาง,5
ORD00084,2025-12-14,ภาคอีสาน,นครราชสีมา,หน้าร้าน,แฟชั่น,กระเป๋าเป้,1,990,0.05,1053.36,573.87,479.49,ลูกค้าใหม่,บัตรเครดิต,4
ORD01808,2025-01-17,ภาคกลาง,ปทุมธานี,หน้าร้าน,ความงาม,เซรั่มบำรุงผิว,5,790,0,4424.0,2632.51,1791.49,ลูกค้าใหม่,เงินสด,4
ORD01625,2024-12-15,ภาคตะวันออก,ชลบุรี,หน้าร้าน,อิเล็กทรอนิกส์,พาวเวอร์แบงก์,3,690,0,2070.0,1323.0,747.0,ลูกค้าประจำ,เงินสด,5
ORD00675,2024-03-13,ภาคกลาง,นครปฐม,Shopee,คอมพิวเตอร์,"จอมอนิเตอร์ 24""",2,4290,0.1,7722.0,5757.09,1964.91,ลูกค้าประจำ,บัตรเครดิต,5
ORD00773,2024-11-08,ภาคตะวันออก,ระยอง,Shopee,แฟชั่น,กระเป๋าเป้,3,990,0.05,2821.5,1745.14,1076.36,ลูกค้าประจำ,,5
ORD01452,2024-11-07,ภาคกลาง,ปทุมธานี,Lazada,ความงาม,ครีมกันแดด,2,450,0,900.0,656.5,243.5,ลูกค้าใหม่,เงินสด,3
ORD01824,2025-10-02,ภาคกลาง,นครปฐม,หน้าร้าน,เครื่องใช้ในบ้าน,หม้อทอดไร้น้ำมัน,4,2590,0.05,11023.04,6378.7,4644.34,ลูกค้าใหม่,เงินสด,4
ORD01545,2024-10-11,ภาคเหนือ,เชียงราย,เว็บไซต์,เครื่องใช้ในบ้าน,เครื่องฟอกอากาศ,2,4990,0.15,8483.0,5962.31,2520.69,ลูกค้าประจำ,เก็บเงินปลายทาง,3
ORD02638,2024-06-24,ภาคกลาง,กรุงเทพมหานคร,Lazada,อิเล็กทรอนิกส์,ลำโพงบลูทูธ,1,1590,0.15,1351.5,1086.18,265.32,ลูกค้าประจำ,เก็บเงินปลายทาง,5
ORD01484,2025-02-12,ภาคใต้,สุราษฎร์ธานี,หน้าร้าน,อิเล็กทรอนิกส์,ลำโพงบลูทูธ,2,1590,0.05,3383.52,1863.67,1519.85,ลูกค้าใหม่,เก็บเงินปลายทาง,5
ORD02787,2025-12-12,ภาคกลาง,นครปฐม,หน้าร้าน,คอมพิวเตอร์,SSD 1TB,1,2190,0,2452.8,1473.88,978.92,ลูกค้าใหม่,โอนผ่านแอป,5
ORD02396,2025-07-26,ภาคอีสาน,อุบลราชธานี,เว็บไซต์,อิเล็กทรอนิกส์,หูฟังไร้สาย,1,1290,0,1444.8,747.33,697.47,ลูกค้าใหม่,โอนผ่านแอป,3
ORD02092,2025-11-01,ภาคกลาง,นครปฐม,Shopee,เครื่องใช้ในบ้าน,กาต้มน้ำไฟฟ้า,2,590,0,1321.6,827.88,493.72,ลูกค้าประจำ,เก็บเงินปลายทาง,4
ORD02201,2025-06-30,ภาคอีสาน,อุบลราชธานี,หน้าร้าน,เครื่องใช้ในบ้าน,เครื่องฟอกอากาศ,3,4990,0,16766.4,9419.62,7346.78,ลูกค้าประจำ,เงินสด,2
ORD00180,2024-04-01,ภาคกลาง,,หน้าร้าน,ความงาม,เซรั่มบำรุงผิว,3,790,0,2370.0,1487.32,882.68,ลูกค้าประจำ,โอนผ่านแอป,4
ORD00370,2025-07-17,ภาคกลาง,กรุงเทพมหานคร,หน้าร้าน,แฟชั่น,กระเป๋าเป้,4,990,0,4435.2,2956.5,1478.7,ลูกค้าประจำ,บัตรเครดิต,1
ORD00653,2025-12-17,ภาคอีสาน,ขอนแก่น,หน้าร้าน,เครื่องใช้ในบ้าน,กาต้มน้ำไฟฟ้า,1,590,0.05,627.76,427.9,199.86,ลูกค้าใหม่,เงินสด,4
ORD01722,2025-07-22,ภาคกลาง,กรุงเทพมหานคร,LINE Shopping,แฟชั่น,กระเป๋าเป้,1,990,0,1108.8,622.39,486.41,ลูกค้าใหม่,โอนผ่านแอป,4
ORD00512,2025-12-22,ภาคเหนือ,เชียงราย,หน้าร้าน,อิเล็กทรอนิกส์,ลำโพงบลูทูธ,3,1590,0,5342.4,2922.97,2419.43,ลูกค้าประจำ,เก็บเงินปลายทาง,5
ORD00828,2025-06-02,ภาคอีสาน,ขอนแก่น,Lazada,อิเล็กทรอนิกส์,พาวเวอร์แบงก์,1,690,0,772.8,514.09,258.71,ลูกค้าประจำ,บัตรเครดิต,4
ORD01042,2025-07-16,ภาคกลาง,กรุงเทพมหานคร,เว็บไซต์,ความงาม,ลิปสติก,1,350,0,392.0,226.61,165.39,ลูกค้าใหม่,เงินสด,2
ORD01400,2024-02-11,ภาคกลาง,ปทุมธานี,Lazada,ความงาม,ครีมกันแดด,1,450,0,450.0,269.81,180.19,ลูกค้าใหม่,เก็บเงินปลายทาง,4
ORD01654,2025-12-13,ภาคกลาง,นนทบุรี,เว็บไซต์,แฟชั่น,เสื้อยืด,1,290,0,324.8,182.17,142.63,ลูกค้าประจำ,บัตรเครดิต,1
ORD01906,2025-07-31,ภาคกลาง,นครปฐม,หน้าร้าน,อิเล็กทรอนิกส์,ลำโพงบลูทูธ,2,1590,0.05,3383.52,2286.17,1097.35,ลูกค้าประจำ,เก็บเงินปลายทาง,4
ORD00026,2024-12-08,ภาคกลาง,นนทบุรี,Lazada,แฟชั่น,รองเท้าผ้าใบ,1,1890,0,1890.0,1123.77,766.23,ลูกค้าใหม่,บัตรเครดิต,5
ORD00548,2025-03-08,ภาคเหนือ,พิษณุโลก,Shopee,เครื่องใช้ในบ้าน,กาต้มน้ำไฟฟ้า,1,590,0.05,627.76,397.98,229.78,ลูกค้าใหม่,เก็บเงินปลายทาง,1
ORD02937,2025-09-19,ภาคกลาง,นนทบุรี,LINE Shopping,ความงาม,เซรั่มบำรุงผิว,3,790,0.05,2521.68,1629.77,891.91,ลูกค้าใหม่,โอนผ่านแอป,3
ORD00807,2025-02-21,ภาคตะวันออก,ระยอง,LINE Shopping,เครื่องใช้ในบ้าน,หม้อทอดไร้น้ำมัน,2,2590,0.15,4931.36,3514.35,1417.01,ลูกค้าใหม่,โอนผ่านแอป,4
ORD01791,2025-02-06,ภาคใต้,สุราษฎร์ธานี,Lazada,คอมพิวเตอร์,เมาส์เกมมิ่ง,1,890,0,996.8,589.04,407.76,ลูกค้าประจำ,โอนผ่านแอป,5
ORD01846,2025-09-11,ภาคอีสาน,อุดรธานี,หน้าร้าน,ความงาม,ครีมกันแดด,5,450,0,2520.0,1503.38,1016.62,ลูกค้าประจำ,บัตรเครดิต,5
ORD02773,2025-02-04,ภาคกลาง,นครปฐม,เว็บไซต์,ความงาม,ลิปสติก,1,350,0.05,372.4,235.79,136.61,ลูกค้าประจำ,เก็บเงินปลายทาง,4
ORD01364,2024-01-05,ภาคกลาง,นนทบุรี,เว็บไซต์,อิเล็กทรอนิกส์,สมาร์ทวอทช์,2,3490,0,6980.0,4155.9,2824.1,ลูกค้าประจำ,เก็บเงินปลายทาง,4
ORD01726,2025-05-19,ภาคอีสาน,อุดรธานี,Shopee,เครื่องใช้ในบ้าน,เครื่องฟอกอากาศ,5,4990,0,27944.0,13941.29,14002.71,ลูกค้าประจำ,บัตรเครดิต,5
ORD00451,2025-11-25,ภาคกลาง,นนทบุรี,Lazada,ความงาม,ลิปสติก,1,350,0,392.0,246.0,146.0,,เงินสด,4
ORD02076,2025-02-08,ภาคใต้,สุราษฎร์ธานี,หน้าร้าน,เครื่องใช้ในบ้าน,กาต้มน้ำไฟฟ้า,2,590,0.05,1255.52,685.15,570.37,ลูกค้าประจำ,บัตรเครดิต,4
ORD00528,2025-02-08,ภาคกลาง,ปทุมธานี,หน้าร้าน,ความงาม,ครีมกันแดด,2,450,0.05,957.6,583.71,373.89,ลูกค้าประจำ,โอนผ่านแอป,3
ORD00017,2025-04-10,ภาคอีสาน,ขอนแก่น,หน้าร้าน,ความงาม,ลิปสติก,2,350,0,784.0,415.48,368.52,ลูกค้าประจำ,เงินสด,5
ORD00256,2025-12-22,ภาคกลาง,นครปฐม,หน้าร้าน,แฟชั่น,กระเป๋าเป้,2,990,0,2217.6,1184.81,1032.79,ลูกค้าประจำ,โอนผ่านแอป,5
ORD02102,2024-09-27,ภาคกลาง,กรุงเทพมหานคร,เว็บไซต์,เครื่องใช้ในบ้าน,กาต้มน้ำไฟฟ้า,1,590,0,590.0,357.56,232.44,ลูกค้าใหม่,เงินสด,5
ORD02901,2024-03-01,ภาคกลาง,,หน้าร้าน,แฟชั่น,รองเท้าผ้าใบ,1,1890,0,1890.0,1058.75,831.25,ลูกค้าใหม่,เงินสด,4
ORD01853,2024-09-09,ภาคกลาง,นนทบุรี,Lazada,เครื่องใช้ในบ้าน,หม้อทอดไร้น้ำมัน,1,2590,0.05,2460.5,1905.02,555.48,ลูกค้าประจำ,โอนผ่านแอป,5
ORD02872,2025-10-03,ภาคเหนือ,เชียงราย,หน้าร้าน,เครื่องใช้ในบ้าน,เครื่องฟอกอากาศ,3,4990,0,16766.4,10955.58,5810.82,ลูกค้าใหม่,โอนผ่านแอป,5
ORD02084,2024-04-25,ภาคกลาง,ปทุมธานี,หน้าร้าน,แฟชั่น,กระเป๋าเป้,1,990,0,990.0,566.24,423.76,ลูกค้าประจำ,เก็บเงินปลายทาง,4
ORD02015,2025-01-11,ภาคอีสาน,ขอนแก่น,LINE Shopping,แฟชั่น,รองเท้าผ้าใบ,1,1890,0,2116.8,1162.05,954.75,ลูกค้าประจำ,เก็บเงินปลายทาง,4
ORD01997,2025-09-28,ภาคตะวันออก,จันทบุรี,หน้าร้าน,แฟชั่น,เสื้อยืด,1,290,0,324.8,197.6,127.2,ลูกค้าใหม่,เงินสด,5
ORD02707,2024-11-08,ภาคเหนือ,พิษณุโลก,เว็บไซต์,อิเล็กทรอนิกส์,หูฟังไร้สาย,1,1290,0.1,1161.0,772.04,388.96,ลูกค้าประจำ,บัตรเครดิต,4
ORD02667,2024-03-18,ภาคกลาง,กรุงเทพมหานคร,หน้าร้าน,แฟชั่น,กระเป๋าเป้,1,990,0,990.0,601.86,388.14,ลูกค้าประจำ,โอนผ่านแอป,5
ORD02316,2024-01-08,ภาคอีสาน,อุบลราชธานี,Shopee,คอมพิวเตอร์,คีย์บอร์ดแมคคานิคอล,1,2490,0.15,2116.5,1720.21,396.29,ลูกค้าใหม่,เก็บเงินปลายทาง,3
ORD00555,2025-01-07,ภาคกลาง,นครปฐม,Lazada,คอมพิวเตอร์,SSD 1TB,5,2190,0,12264.0,6559.74,5704.26,ลูกค้าใหม่,โอนผ่านแอป,3
ORD01139,2024-11-17,ภาคอีสาน,อุดรธานี,เว็บไซต์,เครื่องใช้ในบ้าน,หม้อทอดไร้น้ำมัน,2,2590,0,5180.0,3503.27,1676.73,ลูกค้าประจำ,บัตรเครดิต,4
ORD00145,2025-12-04,ภาคอีสาน,อุบลราชธานี,LINE Shopping,คอมพิวเตอร์,เมาส์เกมมิ่ง,5,890,0,4984.0,2809.65,2174.35,ลูกค้าประจำ,โอนผ่านแอป,5
ORD01275,2024-10-11,ภาคกลาง,นครปฐม,Lazada,แฟชั่น,เสื้อยืด,3,290,0.1,783.0,534.31,248.69,ลูกค้าใหม่,โอนผ่านแอป,5
ORD02311,2025-07-18,ภาคกลาง,นครปฐม,LINE Shopping,คอมพิวเตอร์,เมาส์เกมมิ่ง,4,890,0.1,3588.48,2459.88,1128.6,ลูกค้าประจำ,เงินสด,5
ORD01564,2025-03-16,ภาคกลาง,นครปฐม,Shopee,เครื่องใช้ในบ้าน,กาต้มน้ำไฟฟ้า,2,590,0.05,1255.52,709.25,546.27,ลูกค้าประจำ,เก็บเงินปลายทาง,3
ORD01620,2025-04-19,ภาคกลาง,นนทบุรี,หน้าร้าน,เครื่องใช้ในบ้าน,หม้อทอดไร้น้ำมัน,1,2590,0.05,2755.76,1871.36,884.4,ลูกค้าประจำ,บัตรเครดิต,3
ORD01261,2025-12-07,ภาคกลาง,กรุงเทพมหานคร,หน้าร้าน,แฟชั่น,กระเป๋าเป้,2,990,0,2217.6,1148.28,1069.32,ลูกค้าใหม่,โอนผ่านแอป,5
ORD01972,2024-01-29,ภาคอีสาน,ขอนแก่น,หน้าร้าน,ความงาม,เซรั่มบำรุงผิว,1,790,0,790.0,518.1,271.9,ลูกค้าประจำ,เงินสด,4
ORD02078,2024-01-21,ภาคเหนือ,เชียงราย,LINE Shopping,เครื่องใช้ในบ้าน,กาต้มน้ำไฟฟ้า,1,590,0.05,560.5,346.02,214.48,ลูกค้าใหม่,บัตรเครดิต,4
ORD00208,2024-12-01,ภาคกลาง,นนทบุรี,เว็บไซต์,เครื่องใช้ในบ้าน,หม้อทอดไร้น้ำมัน,5,2590,0,12950.0,8359.74,4590.26,,เงินสด,3
ORD01833,2024-10-05,ภาคกลาง,นครปฐม,หน้าร้าน,อิเล็กทรอนิกส์,พาวเวอร์แบงก์,1,690,0,690.0,409.23,280.77,ลูกค้าประจำ,โอนผ่านแอป,5
ORD01800,2025-03-07,ภาคอีสาน,อุดรธานี,Shopee,อิเล็กทรอนิกส์,หูฟังไร้สาย,1,1290,0,1444.8,793.97,650.83,ลูกค้าใหม่,เก็บเงินปลายทาง,3
ORD00308,2024-12-16,ภาคเหนือ,เชียงราย,Shopee,ความงาม,ลิปสติก,1,350,0.1,315.0,232.18,82.82,ลูกค้าประจำ,โอนผ่านแอป,1
ORD01805,2024-07-03,ภาคเหนือ,เชียงราย,Lazada,ความงาม,ครีมกันแดด,1,450,0,450.0,253.45,196.55,ลูกค้าใหม่,เงินสด,4
ORD01711,2024-11-27,ภาคใต้,ภูเก็ต,หน้าร้าน,เครื่องใช้ในบ้าน,เครื่องฟอกอากาศ,4,4990,0,19960.0,14908.97,5051.03,ลูกค้าประจำ,โอนผ่านแอป,3
ORD01416,2025-07-24,ภาคกลาง,นครปฐม,Lazada,เครื่องใช้ในบ้าน,กาต้มน้ำไฟฟ้า,1,590,0.05,627.76,429.42,198.34,ลูกค้าใหม่,เก็บเงินปลายทาง,2
ORD02697,2025-11-19,ภาคกลาง,ปทุมธานี,เว็บไซต์,เครื่องใช้ในบ้าน,เครื่องฟอกอากาศ,2,4990,0,11177.6,7116.76,4060.84,ลูกค้าประจำ,โอนผ่านแอป,3
ORD00122,2025-01-31,ภาคกลาง,นครปฐม,LINE Shopping,เครื่องใช้ในบ้าน,กาต้มน้ำไฟฟ้า,1,590,0,660.8,406.39,254.41,ลูกค้าใหม่,โอนผ่านแอป,5
ORD02972,2024-12-06,ภาคอีสาน,อุบลราชธานี,เว็บไซต์,เครื่องใช้ในบ้าน,หม้อทอดไร้น้ำมัน,2,2590,0.05,4921.0,3628.99,1292.01,ลูกค้าประจำ,บัตรเครดิต,4
ORD00081,2024-11-27,ภาคตะวันออก,ชลบุรี,Shopee,เครื่องใช้ในบ้าน,หม้อทอดไร้น้ำมัน,3,2590,0,7770.0,5607.46,2162.54,ลูกค้าประจำ,บัตรเครดิต,5
ORD00487,2024-11-16,ภาคกลาง,ปทุมธานี,Lazada,เครื่องใช้ในบ้าน,หม้อทอดไร้น้ำมัน,3,2590,0.1,6993.0,5086.43,1906.57,ลูกค้าใหม่,บัตรเครดิต,1
ORD01864,2025-11-22,ภาคใต้,สงขลา,Shopee,เครื่องใช้ในบ้าน,หม้อทอดไร้น้ำมัน,1,2590,0,2900.8,1566.38,1334.42,ลูกค้าประจำ,บัตรเครดิต,3
ORD00850,2024-10-21,ภาคเหนือ,เชียงราย,Shopee,คอมพิวเตอร์,SSD 1TB,1,2190,0,2190.0,1493.85,696.15,ลูกค้าประจำ,โอนผ่านแอป,5
ORD01229,2024-12-01,ภาคกลาง,นครปฐม,หน้าร้าน,คอมพิวเตอร์,เมาส์เกมมิ่ง,1,890,0,890.0,509.55,380.45,ลูกค้าใหม่,บัตรเครดิต,3
ORD00568,2024-04-30,ภาคตะวันออก,ระยอง,Lazada,เครื่องใช้ในบ้าน,เครื่องฟอกอากาศ,1,4990,0,4990.0,3526.72,1463.28,ลูกค้าใหม่,บัตรเครดิต,5
ORD01082,2025-12-04,ภาคอีสาน,นครราชสีมา,หน้าร้าน,อิเล็กทรอนิกส์,พาวเวอร์แบงก์,1,690,0,772.8,486.55,286.25,ลูกค้าประจำ,เงินสด,4
ORD02615,2024-08-10,ภาคเหนือ,พิษณุโลก,Shopee,อิเล็กทรอนิกส์,พาวเวอร์แบงก์,3,690,0,2070.0,1359.17,710.83,ลูกค้าใหม่,เก็บเงินปลายทาง,4
ORD00947,2025-06-30,ภาคใต้,สุราษฎร์ธานี,เว็บไซต์,คอมพิวเตอร์,"จอมอนิเตอร์ 24""",4,4290,0,19219.2,12624.49,6594.71,ลูกค้าใหม่,บัตรเครดิต,3
ORD02954,2024-11-27,ภาคกลาง,กรุงเทพมหานคร,เว็บไซต์,ความงาม,ครีมกันแดด,2,450,0,900.0,608.84,291.16,ลูกค้าประจำ,เงินสด,1
ORD02946,2024-04-12,ภาคกลาง,นนทบุรี,หน้าร้าน,เครื่องใช้ในบ้าน,เครื่องฟอกอากาศ,5,4990,0,24950.0,14668.63,10281.37,ลูกค้าประจำ,เก็บเงินปลายทาง,5
ORD01322,2025-09-02,ภาคใต้,ภูเก็ต,หน้าร้าน,แฟชั่น,กางเกงยีนส์,1,890,0.05,946.96,604.78,342.18,ลูกค้าประจำ,บัตรเครดิต,4
ORD02763,2024-09-28,ภาคอีสาน,อุดรธานี,Lazada,แฟชั่น,รองเท้าผ้าใบ,1,1890,0.15,1606.5,1248.99,357.51,ลูกค้าใหม่,บัตรเครดิต,
ORD01573,2024-05-01,ภาคอีสาน,อุดรธานี,หน้าร้าน,คอมพิวเตอร์,SSD 1TB,1,2190,0,2190.0,1343.93,846.07,ลูกค้าประจำ,บัตรเครดิต,4
ORD02903,2024-07-30,ภาคกลาง,ปทุมธานี,Lazada,ความงาม,ลิปสติก,1,350,0.1,315.0,202.94,112.06,ลูกค้าใหม่,เก็บเงินปลายทาง,5
ORD00597,2025-07-08,ภาคกลาง,นนทบุรี,เว็บไซต์,เครื่องใช้ในบ้าน,กาต้มน้ำไฟฟ้า,1,590,0,660.8,385.59,275.21,ลูกค้าใหม่,เงินสด,4
ORD02862,2024-08-25,ภาคกลาง,ปทุมธานี,เว็บไซต์,คอมพิวเตอร์,คีย์บอร์ดแมคคานิคอล,1,2490,0,2490.0,1532.04,957.96,ลูกค้าประจำ,เงินสด,4
ORD00971,2024-02-11,ภาคตะวันออก,ระยอง,หน้าร้าน,อิเล็กทรอนิกส์,ลำโพงบลูทูธ,1,1590,0.05,1510.5,1094.38,416.12,ลูกค้าประจำ,โอนผ่านแอป,4
ORD00534,2025-08-27,ภาคกลาง,นครปฐม,Shopee,เครื่องใช้ในบ้าน,หม้อทอดไร้น้ำมัน,1,2590,0.15,2465.68,1766.14,699.54,ลูกค้าประจำ,บัตรเครดิต,4
ORD00635,2025-12-13,ภาคอีสาน,ขอนแก่น,Shopee,แฟชั่น,รองเท้าผ้าใบ,1,1890,0,2116.8,1368.31,748.49,ลูกค้าประจำ,เงินสด,4
ORD00674,2025-09-29,ภาคเหนือ,เชียงราย,หน้าร้าน,เครื่องใช้ในบ้าน,เครื่องฟอกอากาศ,2,4990,0,11177.6,5655.18,5522.42,ลูกค้าประจำ,โอนผ่านแอป,4
ORD00989,2025-05-17,ภาคใต้,สงขลา,Shopee,คอมพิวเตอร์,SSD 1TB,1,2190,0.1,2207.52,1509.88,697.64,ลูกค้าใหม่,เก็บเงินปลายทาง,3
ORD02680,2024-11-07,ภาคอีสาน,ขอนแก่น,Shopee,ความงาม,ลิปสติก,3,350,0,1050.0,603.26,446.74,ลูกค้าใหม่,เงินสด,3
ORD02830,2024-01-16,ภาคอีสาน,อุดรธานี,Shopee,เครื่องใช้ในบ้าน,หม้อทอดไร้น้ำมัน,1,2590,0.05,2460.5,1622.82,837.68,ลูกค้าประจำ,เก็บเงินปลายทาง,2
ORD02070,2024-04-24,ภาคเหนือ,เชียงใหม่,Lazada,ความงาม,เซรั่มบำรุงผิว,1,790,0,790.0,523.88,266.12,ลูกค้าใหม่,โอนผ่านแอป,2
ORD02203,2024-12-26,ภาคกลาง,นนทบุรี,หน้าร้าน,อิเล็กทรอนิกส์,ลำโพงบลูทูธ,3,1590,0,4770.0,3047.57,1722.43,ลูกค้าประจำ,บัตรเครดิต,4
ORD01549,2025-11-02,ภาคตะวันออก,จันทบุรี,หน้าร้าน,อิเล็กทรอนิกส์,พาวเวอร์แบงก์,3,690,0,2318.4,1391.54,926.86,ลูกค้าประจำ,เก็บเงินปลายทาง,4
ORD00725,2025-04-10,ภาคใต้,ภูเก็ต,หน้าร้าน,ความงาม,ลิปสติก,1,350,0,392.0,211.53,180.47,ลูกค้าประจำ,โอนผ่านแอป,5
ORD00564,2025-06-16,ภาคกลาง,นครปฐม,Lazada,ความงาม,ลิปสติก,1,350,0.05,372.4,199.36,173.04,ลูกค้าประจำ,เงินสด,3
ORD01510,2024-12-05,ภาคใต้,สงขลา,เว็บไซต์,คอมพิวเตอร์,เมาส์เกมมิ่ง,1,890,0.1,801.0,567.14,233.86,ลูกค้าใหม่,เก็บเงินปลายทาง,5
ORD00175,2024-10-14,ภาคอีสาน,อุบลราชธานี,เว็บไซต์,อิเล็กทรอนิกส์,พาวเวอร์แบงก์,4,690,0,2760.0,1842.04,917.96,ลูกค้าประจำ,บัตรเครดิต,3
ORD02133,2025-07-23,ภาคเหนือ,พิษณุโลก,LINE Shopping,เครื่องใช้ในบ้าน,หม้อทอดไร้น้ำมัน,1,2590,0.15,2465.68,1814.78,650.9,ลูกค้าประจำ,บัตรเครดิต,3
ORD02943,2024-09-09,ภาคใต้,สุราษฎร์ธานี,หน้าร้าน,คอมพิวเตอร์,SSD 1TB,1,2190,0.05,2080.5,1400.27,680.23,ลูกค้าประจำ,บัตรเครดิต,
ORD00458,2024-04-10,ภาคกลาง,นครปฐม,หน้าร้าน,คอมพิวเตอร์,SSD 1TB,4,2190,0.05,8322.0,5666.68,2655.32,ลูกค้าใหม่,เก็บเงินปลายทาง,3
ORD01301,2025-08-07,ภาคกลาง,ปทุมธานี,หน้าร้าน,คอมพิวเตอร์,"จอมอนิเตอร์ 24""",1,4290,0.05,4564.56,3189.22,1375.34,ลูกค้าประจำ,เงินสด,5
ORD00406,2024-04-26,ภาคกลาง,ปทุมธานี,Lazada,ความงาม,ลิปสติก,5,350,0,1750.0,1078.18,671.82,ลูกค้าประจำ,เก็บเงินปลายทาง,5
ORD02137,2025-04-28,ภาคใต้,ภูเก็ต,Lazada,คอมพิวเตอร์,SSD 1TB,1,2190,0,2452.8,1314.7,1138.1,ลูกค้าประจำ,บัตรเครดิต,5
ORD00049,2025-07-02,ภาคอีสาน,อุดรธานี,หน้าร้าน,คอมพิวเตอร์,คีย์บอร์ดแมคคานิคอล,2,2490,0.05,5298.72,3711.7,1587.02,ลูกค้าประจำ,โอนผ่านแอป,4
ORD00062,2025-05-09,ภาคกลาง,นนทบุรี,LINE Shopping,ความงาม,ครีมกันแดด,1,450,0.1,453.6,314.67,138.93,ลูกค้าประจำ,บัตรเครดิต,5
ORD00531,2024-11-16,ภาคกลาง,ปทุมธานี,Lazada,แฟชั่น,กระเป๋าเป้,1,990,0.05,940.5,552.58,387.92,ลูกค้าประจำ,เก็บเงินปลายทาง,4
ORD01502,2025-08-21,ภาคกลาง,นครปฐม,หน้าร้าน,เครื่องใช้ในบ้าน,หม้อทอดไร้น้ำมัน,3,2590,0.05,8267.28,5073.45,3193.83,ลูกค้าประจำ,บัตรเครดิต,5
ORD00607,2025-08-20,ภาคกลาง,นครปฐม,เว็บไซต์,คอมพิวเตอร์,SSD 1TB,3,2190,0,7358.4,4171.98,3186.42,ลูกค้าประจำ,บัตรเครดิต,4
ORD00837,2025-07-21,ภาคเหนือ,เชียงใหม่,Lazada,อิเล็กทรอนิกส์,พาวเวอร์แบงก์,3,690,0,2318.4,1424.18,894.22,ลูกค้าใหม่,เก็บเงินปลายทาง,5
ORD01427,2025-05-04,ภาคเหนือ,เชียงใหม่,LINE Shopping,เครื่องใช้ในบ้าน,หม้อทอดไร้น้ำมัน,1,2590,0,2900.8,1933.25,967.55,ลูกค้าใหม่,โอนผ่านแอป,5
ORD02236,2025-12-11,ภาคกลาง,ปทุมธานี,Lazada,อิเล็กทรอนิกส์,หูฟังไร้สาย,4,1290,0,5779.2,3367.69,2411.51,ลูกค้าประจำ,บัตรเครดิต,5
ORD00046,2025-11-15,ภาคกลาง,ปทุมธานี,เว็บไซต์,เครื่องใช้ในบ้าน,หม้อทอดไร้น้ำมัน,1,2590,0,2900.8,1600.8,1300.0,ลูกค้าประจำ,โอนผ่านแอป,3
ORD01914,2025-09-04,ภาคเหนือ,เชียงราย,Shopee,คอมพิวเตอร์,คีย์บอร์ดแมคคานิคอล,1,2490,0.15,2370.48,1472.59,897.89,ลูกค้าประจำ,โอนผ่านแอป,3
ORD01989,2024-05-03,ภาคกลาง,กรุงเทพมหานคร,หน้าร้าน,แฟชั่น,รองเท้าผ้าใบ,1,1890,0,1890.0,1156.86,733.14,ลูกค้าใหม่,โอนผ่านแอป,4
ORD01441,2025-04-20,ภาคกลาง,ปทุมธานี,Shopee,แฟชั่น,กระเป๋าเป้,1,990,0.1,997.92,633.63,364.29,ลูกค้าประจำ,เงินสด,4
ORD01210,2024-06-28,ภาคกลาง,กรุงเทพมหานคร,เว็บไซต์,เครื่องใช้ในบ้าน,เครื่องฟอกอากาศ,1,4990,0.1,4491.0,2927.54,1563.46,ลูกค้าประจำ,เก็บเงินปลายทาง,4
ORD00083,2024-03-06,ภาคใต้,สุราษฎร์ธานี,Shopee,ความงาม,ลิปสติก,1,350,0.1,315.0,195.54,119.46,ลูกค้าประจำ,เก็บเงินปลายทาง,4
ORD00967,2025-02-14,ภาคตะวันออก,ระยอง,หน้าร้าน,แฟชั่น,กระเป๋าเป้,1,990,0,1108.8,544.57,564.23,ลูกค้าประจำ,บัตรเครดิต,3
ORD01384,2025-11-08,ภาคอีสาน,ขอนแก่น,เว็บไซต์,คอมพิวเตอร์,คีย์บอร์ดแมคคานิคอล,3,2490,0,8366.4,4212.7,4153.7,ลูกค้าประจำ,เก็บเงินปลายทาง,5
ORD01366,2025-06-11,ภาคตะวันออก,ชลบุรี,หน้าร้าน,คอมพิวเตอร์,"จอมอนิเตอร์ 24""",3,4290,0.05,13693.68,9069.35,4624.33,ลูกค้าใหม่,เงินสด,3
ORD01821,2025-02-18,ภาคอีสาน,อุบลราชธานี,Lazada,คอมพิวเตอร์,"จอมอนิเตอร์ 24""",3,4290,0,14414.4,9456.37,4958.03,ลูกค้าประจำ,บัตรเครดิต,5
ORD00543,2024-04-18,ภาคกลาง,นครปฐม,Shopee,แฟชั่น,เสื้อยืด,1,290,0.05,275.5,199.62,75.88,ลูกค้าใหม่,บัตรเครดิต,5
ORD01991,2024-10-12,ภาคกลาง,ปทุมธานี,Lazada,คอมพิวเตอร์,คีย์บอร์ดแมคคานิคอล,4,2490,0,9960.0,5688.84,4271.16,ลูกค้าใหม่,โอนผ่านแอป,4
ORD00601,2025-03-26,ภาคอีสาน,อุดรธานี,หน้าร้าน,เครื่องใช้ในบ้าน,หม้อทอดไร้น้ำมัน,5,2590,0,14504.0,7573.54,6930.46,ลูกค้าประจำ,บัตรเครดิต,5
ORD02457,2025-12-08,ภาคกลาง,ปทุมธานี,หน้าร้าน,คอมพิวเตอร์,"จอมอนิเตอร์ 24""",2,4290,0,9609.6,5613.12,3996.48,ลูกค้าประจำ,เงินสด,3
ORD00471,2024-11-01,ภาคตะวันออก,ระยอง,เว็บไซต์,คอมพิวเตอร์,"จอมอนิเตอร์ 24""",1,4290,0.15,3646.5,3034.6,611.9,ลูกค้าประจำ,เก็บเงินปลายทาง,4
ORD02018,2024-06-25,ภาคตะวันออก,ชลบุรี,หน้าร้าน,เครื่องใช้ในบ้าน,กาต้มน้ำไฟฟ้า,5,590,0,2950.0,2071.25,878.75,ลูกค้าประจำ,บัตรเครดิต,4
ORD01282,2024-05-23,ภาคใต้,ภูเก็ต,หน้าร้าน,ความงาม,ลิปสติก,1,350,0.05,332.5,212.57,119.93,ลูกค้าใหม่,โอนผ่านแอป,5
ORD00319,2025-07-31,ภาคตะวันออก,ชลบุรี,Shopee,เครื่องใช้ในบ้าน,หม้อทอดไร้น้ำมัน,1,2590,0.05,2755.76,1873.76,882.0,ลูกค้าใหม่,เก็บเงินปลายทาง,4
ORD01037,2024-03-05,ภาคตะวันออก,จันทบุรี,Lazada,อิเล็กทรอนิกส์,ลำโพงบลูทูธ,1,1590,0.15,1351.5,1016.31,335.19,ลูกค้าประจำ,บัตรเครดิต,4
ORD01378,2024-11-14,ภาคกลาง,กรุงเทพมหานคร,หน้าร้าน,ความงาม,ลิปสติก,5,350,0,1750.0,1152.47,597.53,ลูกค้าประจำ,บัตรเครดิต,5
ORD01533,2025-11-03,ภาคเหนือ,เชียงใหม่,หน้าร้าน,อิเล็กทรอนิกส์,ลำโพงบลูทูธ,5,1590,0.05,8458.8,4878.78,3580.02,ลูกค้าประจำ,เงินสด,5
ORD01812,2024-01-20,ภาคตะวันออก,ชลบุรี,หน้าร้าน,คอมพิวเตอร์,คีย์บอร์ดแมคคานิคอล,1,2490,0,2490.0,1762.05,727.95,ลูกค้าประจำ,เก็บเงินปลายทาง,2
ORD02386,2025-06-29,ภาคอีสาน,นครราชสีมา,Lazada,คอมพิวเตอร์,คีย์บอร์ดแมคคานิคอล,1,2490,0,2788.8,1617.15,1171.65,ลูกค้าใหม่,โอนผ่านแอป,3
ORD02376,2024-07-27,ภาคกลาง,นนทบุรี,Shopee,ความงาม,ลิปสติก,5,350,0.05,1662.5,1070.1,592.4,ลูกค้าประจำ,เงินสด,5
ORD02144,2025-06-28,ภาคอีสาน,อุบลราชธานี,หน้าร้าน,ความงาม,ลิปสติก,1,350,0,392.0,243.07,148.93,ลูกค้าประจำ,เก็บเงินปลายทาง,5
ORD00537,2025-02-16,ภาคใต้,สงขลา,Lazada,คอมพิวเตอร์,เมาส์เกมมิ่ง,1,890,0.15,847.28,633.03,214.25,ลูกค้าประจำ,โอนผ่านแอป,4
ORD02157,2024-12-20,ภาคกลาง,นนทบุรี,Lazada,แฟชั่น,กระเป๋าเป้,3,990,0,2970.0,2217.37,752.63,ลูกค้าประจำ,เงินสด,5
ORD01487,2024-11-04,ภาคอีสาน,นครราชสีมา,เว็บไซต์,อิเล็กทรอนิกส์,หูฟังไร้สาย,1,1290,0.05,1225.5,714.9,510.6,ลูกค้าประจำ,เงินสด,1
ORD01077,2025-01-18,ภาคเหนือ,เชียงใหม่,Shopee,ความงาม,เซรั่มบำรุงผิว,2,790,0.15,1504.16,1024.26,479.9,ลูกค้าประจำ,บัตรเครดิต,2
ORD00655,2025-11-06,ภาคกลาง,นนทบุรี,เว็บไซต์,อิเล็กทรอนิกส์,พาวเวอร์แบงก์,4,690,0.05,2936.64,1941.0,995.64,ลูกค้าประจำ,เก็บเงินปลายทาง,5
ORD01901,2024-06-12,ภาคเหนือ,เชียงใหม่,เว็บไซต์,อิเล็กทรอนิกส์,สมาร์ทวอทช์,3,3490,0.1,9423.0,6192.75,3230.25,ลูกค้าใหม่,เงินสด,4
ORD02486,2024-03-02,ภาคอีสาน,อุบลราชธานี,LINE Shopping,ความงาม,ลิปสติก,4,350,0.1,1260.0,821.05,438.95,ลูกค้าประจำ,โอนผ่านแอป,4
ORD01900,2025-02-02,ภาคใต้,สุราษฎร์ธานี,Shopee,แฟชั่น,เสื้อยืด,1,290,0.05,308.56,184.94,123.62,ลูกค้าประจำ,โอนผ่านแอป,5
ORD02378,2025-12-22,ภาคใต้,สุราษฎร์ธานี,Shopee,ความงาม,ครีมกันแดด,1,450,0.15,428.4,250.66,177.74,ลูกค้าใหม่,บัตรเครดิต,4
ORD00775,2024-05-01,ภาคกลาง,นครปฐม,Shopee,แฟชั่น,กางเกงยีนส์,1,890,0.1,801.0,548.91,252.09,ลูกค้าใหม่,เงินสด,2
ORD01314,2024-03-10,ภาคอีสาน,นครราชสีมา,หน้าร้าน,อิเล็กทรอนิกส์,หูฟังไร้สาย,1,1290,0,1290.0,860.82,429.18,ลูกค้าใหม่,โอนผ่านแอป,5
ORD02392,2025-09-08,ภาคเหนือ,เชียงใหม่,LINE Shopping,ความงาม,ครีมกันแดด,1,450,0.1,453.6,336.78,116.82,ลูกค้าประจำ,เงินสด,3
ORD01140,2024-04-17,ภาคใต้,สุราษฎร์ธานี,เว็บไซต์,ความงาม,ครีมกันแดด,1,450,0.15,382.5,324.7,57.8,ลูกค้าประจำ,เก็บเงินปลายทาง,5
ORD02066,2025-07-18,ภาคตะวันออก,ชลบุรี,Shopee,เครื่องใช้ในบ้าน,กาต้มน้ำไฟฟ้า,1,590,0,660.8,341.79,319.01,ลูกค้าใหม่,โอนผ่านแอป,3
ORD01118,2025-01-15,ภาคเหนือ,เชียงราย,หน้าร้าน,แฟชั่น,เสื้อยืด,1,290,0.05,308.56,213.02,95.54,ลูกค้าใหม่,บัตรเครดิต,4
ORD01531,2025-08-14,ภาคตะวันออก,ชลบุรี,LINE Shopping,แฟชั่น,เสื้อยืด,1,290,0.1,292.32,160.16,132.16,ลูกค้าประจำ,โอนผ่านแอป,5
ORD00346,2024-05-08,ภาคอีสาน,อุบลราชธานี,หน้าร้าน,อิเล็กทรอนิกส์,พาวเวอร์แบงก์,1,690,0,690.0,508.78,181.22,ลูกค้าประจำ,เงินสด,5
ORD02780,2025-11-13,ภาคกลาง,นนทบุรี,Shopee,คอมพิวเตอร์,SSD 1TB,1,2190,0,2452.8,1435.06,1017.74,ลูกค้าประจำ,บัตรเครดิต,4
ORD00737,2024-12-23,ภาคอีสาน,นครราชสีมา,Lazada,แฟชั่น,เสื้อยืด,1,290,0.05,275.5,204.06,71.44,ลูกค้าประจำ,เงินสด,4
ORD01125,2025-07-15,ภาคใต้,สุราษฎร์ธานี,Shopee,เครื่องใช้ในบ้าน,กาต้มน้ำไฟฟ้า,2,590,0.15,1123.36,809.94,313.42,ลูกค้าประจำ,บัตรเครดิต,5
ORD00631,2024-12-21,ภาคอีสาน,อุบลราชธานี,Lazada,คอมพิวเตอร์,"จอมอนิเตอร์ 24""",1,4290,0.15,3646.5,2632.32,1014.18,ลูกค้าใหม่,เงินสด,4
ORD02805,2024-05-10,ภาคใต้,สงขลา,เว็บไซต์,แฟชั่น,รองเท้าผ้าใบ,1,1890,0,1890.0,1223.89,666.11,ลูกค้าประจำ,โอนผ่านแอป,5
ORD02260,2024-08-16,ภาคเหนือ,พิษณุโลก,Shopee,แฟชั่น,เสื้อยืด,1,290,0,290.0,216.98,73.02,ลูกค้าใหม่,โอนผ่านแอป,2
ORD01720,2024-03-16,ภาคอีสาน,นครราชสีมา,Lazada,คอมพิวเตอร์,"จอมอนิเตอร์ 24""",1,4290,0.05,4075.5,3215.61,859.89,ลูกค้าประจำ,โอนผ่านแอป,3
ORD01537,2025-12-07,ภาคอีสาน,ขอนแก่น,หน้าร้าน,แฟชั่น,กางเกงยีนส์,1,890,0.05,946.96,500.24,446.72,ลูกค้าประจำ,บัตรเครดิต,5
ORD00186,2024-03-16,ภาคอีสาน,ขอนแก่น,LINE Shopping,ความงาม,เซรั่มบำรุงผิว,1,790,0.15,671.5,500.59,170.91,ลูกค้าประจำ,บัตรเครดิต,5
ORD00744,2024-08-09,ภาคตะวันออก,จันทบุรี,เว็บไซต์,ความงาม,ครีมกันแดด,1,450,0,450.0,328.2,121.8,ลูกค้าประจำ,เงินสด,5
ORD00109,2025-11-08,ภาคใต้,ภูเก็ต,เว็บไซต์,เครื่องใช้ในบ้าน,หม้อทอดไร้น้ำมัน,1,2590,0,2900.8,1546.63,1354.17,ลูกค้าใหม่,เงินสด,4
ORD01465,2024-05-15,ภาคตะวันออก,จันทบุรี,Lazada,อิเล็กทรอนิกส์,ลำโพงบลูทูธ,3,1590,0,4770.0,3253.67,1516.33,ลูกค้าประจำ,เงินสด,5
ORD01876,2025-11-17,ภาคเหนือ,เชียงราย,เว็บไซต์,แฟชั่น,กระเป๋าเป้,1,990,0.15,942.48,637.74,304.74,ลูกค้าใหม่,เงินสด,5
ORD01039,2024-11-16,ภาคใต้,สงขลา,เว็บไซต์,คอมพิวเตอร์,คีย์บอร์ดแมคคานิคอล,1,2490,0.05,2365.5,1807.73,557.77,ลูกค้าประจำ,เก็บเงินปลายทาง,4
ORD00364,2025-06-19,ภาคกลาง,กรุงเทพมหานคร,หน้าร้าน,คอมพิวเตอร์,คีย์บอร์ดแมคคานิคอล,3,2490,0,8366.4,4394.78,3971.62,ลูกค้าประจำ,เก็บเงินปลายทาง,5
ORD02513,2025-03-03,ภาคกลาง,ปทุมธานี,เว็บไซต์,คอมพิวเตอร์,เมาส์เกมมิ่ง,1,890,0,996.8,610.63,386.17,ลูกค้าประจำ,เงินสด,4
ORD02987,2025-03-31,ภาคตะวันออก,ระยอง,Lazada,อิเล็กทรอนิกส์,หูฟังไร้สาย,4,1290,0.1,5201.28,3322.09,1879.19,ลูกค้าประจำ,โอนผ่านแอป,3
ORD00059,2024-11-18,ภาคกลาง,ปทุมธานี,Shopee,แฟชั่น,เสื้อยืด,2,290,0.05,551.0,325.29,225.71,ลูกค้าประจำ,เก็บเงินปลายทาง,4
ORD00214,2025-10-05,ภาคใต้,ภูเก็ต,Shopee,แฟชั่น,กระเป๋าเป้,1,990,0.1,997.92,574.73,423.19,ลูกค้าใหม่,โอนผ่านแอป,
ORD00590,2025-03-06,ภาคกลาง,นนทบุรี,Lazada,แฟชั่น,กางเกงยีนส์,1,890,0,996.8,665.77,331.03,ลูกค้าประจำ,เก็บเงินปลายทาง,5
ORD01166,2024-05-29,ภาคกลาง,นครปฐม,หน้าร้าน,คอมพิวเตอร์,SSD 1TB,1,2190,0,2190.0,1314.92,875.08,ลูกค้าประจำ,เงินสด,5
ORD01175,2024-04-05,ภาคกลาง,นนทบุรี,Lazada,อิเล็กทรอนิกส์,หูฟังไร้สาย,3,1290,0.1,3483.0,2706.23,776.77,ลูกค้าใหม่,บัตรเครดิต,4
ORD02547,2025-07-07,ภาคกลาง,กรุงเทพมหานคร,เว็บไซต์,เครื่องใช้ในบ้าน,หม้อทอดไร้น้ำมัน,1,2590,0.15,2465.68,1759.52,706.16,ลูกค้าประจำ,เงินสด,5
ORD01151,2025-06-08,ภาคกลาง,กรุงเทพมหานคร,Shopee,คอมพิวเตอร์,คีย์บอร์ดแมคคานิคอล,2,2490,0.1,5019.84,3483.74,1536.1,ลูกค้าประจำ,โอนผ่านแอป,5
ORD02198,2024-12-09,ภาคกลาง,นนทบุรี,Shopee,ความงาม,ลิปสติก,4,350,0,1400.0,939.2,460.8,ลูกค้าใหม่,เงินสด,5
ORD00798,2025-11-04,ภาคเหนือ,พิษณุโลก,หน้าร้าน,ความงาม,ครีมกันแดด,1,450,0.05,478.8,256.5,222.3,ลูกค้าประจำ,บัตรเครดิต,4
ORD02161,2025-03-29,ภาคใต้,สงขลา,หน้าร้าน,เครื่องใช้ในบ้าน,กาต้มน้ำไฟฟ้า,1,590,0,660.8,405.2,255.6,ลูกค้าประจำ,บัตรเครดิต,4
ORD00070,2025-12-22,ภาคเหนือ,เชียงราย,LINE Shopping,อิเล็กทรอนิกส์,ลำโพงบลูทูธ,4,1590,0,7123.2,4310.73,2812.47,ลูกค้าประจำ,เก็บเงินปลายทาง,5
ORD02326,2024-12-27,ภาคกลาง,นนทบุรี,หน้าร้าน,แฟชั่น,รองเท้าผ้าใบ,3,1890,0,5670.0,3638.31,2031.69,ลูกค้าประจำ,เก็บเงินปลายทาง,4
ORD00843,2025-07-19,ภาคใต้,ภูเก็ต,Shopee,อิเล็กทรอนิกส์,หูฟังไร้สาย,4,1290,0,5779.2,2844.88,2934.32,ลูกค้าใหม่,บัตรเครดิต,5
ORD02362,2024-09-22,ภาคใต้,ภูเก็ต,Shopee,อิเล็กทรอนิกส์,พาวเวอร์แบงก์,1,690,0,690.0,457.05,232.95,ลูกค้าประจำ,เก็บเงินปลายทาง,5
ORD02924,2025-07-25,ภาคกลาง,ปทุมธานี,Shopee,ความงาม,ลิปสติก,3,350,0,1176.0,671.46,504.54,ลูกค้าประจำ,เงินสด,5
ORD01269,2025-01-07,ภาคกลาง,กรุงเทพมหานคร,Shopee,ความงาม,ลิปสติก,1,350,0,392.0,211.17,180.83,ลูกค้าประจำ,เก็บเงินปลายทาง,5
ORD01180,2024-06-10,ภาคกลาง,ปทุมธานี,Lazada,อิเล็กทรอนิกส์,ลำโพงบลูทูธ,1,1590,0,1590.0,1101.46,488.54,ลูกค้าประจำ,โอนผ่านแอป,5
ORD01189,2025-11-11,ภาคกลาง,ปทุมธานี,หน้าร้าน,อิเล็กทรอนิกส์,ลำโพงบลูทูธ,1,1590,0,1780.8,875.39,905.41,ลูกค้าประจำ,เก็บเงินปลายทาง,4
ORD02423,2024-06-03,ภาคใต้,ภูเก็ต,Shopee,เครื่องใช้ในบ้าน,กาต้มน้ำไฟฟ้า,1,590,0.1,531.0,407.23,123.77,ลูกค้าประจำ,เก็บเงินปลายทาง,4
ORD02334,2024-11-12,ภาคอีสาน,ขอนแก่น,เว็บไซต์,คอมพิวเตอร์,"จอมอนิเตอร์ 24""",1,4290,0.1,3861.0,2411.95,1449.05,ลูกค้าใหม่,เก็บเงินปลายทาง,4
ORD01260,2024-12-18,ภาคอีสาน,อุบลราชธานี,Lazada,อิเล็กทรอนิกส์,สมาร์ทวอทช์,1,3490,0.1,3141.0,2350.1,790.9,ลูกค้าประจำ,เก็บเงินปลายทาง,3
ORD00104,2025-03-09,ภาคกลาง,นนทบุรี,เว็บไซต์,เครื่องใช้ในบ้าน,หม้อทอดไร้น้ำมัน,4,2590,0.05,11023.04,6095.83,4927.21,ลูกค้าใหม่,บัตรเครดิต,5
ORD00585,2024-08-14,ภาคใต้,ภูเก็ต,Shopee,เครื่องใช้ในบ้าน,หม้อทอดไร้น้ำมัน,1,2590,0,2590.0,1843.26,746.74,ลูกค้าใหม่,เก็บเงินปลายทาง,5
ORD01034,2024-07-21,ภาคเหนือ,พิษณุโลก,Shopee,คอมพิวเตอร์,SSD 1TB,1,2190,0,2190.0,1398.32,791.68,ลูกค้าใหม่,โอนผ่านแอป,5
ORD00112,2025-03-05,ภาคอีสาน,นครราชสีมา,Shopee,อิเล็กทรอนิกส์,หูฟังไร้สาย,3,1290,0.1,3900.96,2141.22,1759.74,ลูกค้าประจำ,บัตรเครดิต,4
ORD02978,2025-05-18,ภาคกลาง,นครปฐม,หน้าร้าน,แฟชั่น,กระเป๋าเป้,1,990,0.05,1053.36,705.14,348.22,ลูกค้าใหม่,เก็บเงินปลายทาง,5
ORD01482,2024-11-01,ภาคกลาง,ปทุมธานี,หน้าร้าน,ความงาม,ครีมกันแดด,1,450,0.05,427.5,252.76,174.74,ลูกค้าประจำ,โอนผ่านแอป,5
ORD00162,2024-02-18,ภาคตะวันออก,จันทบุรี,เว็บไซต์,แฟชั่น,รองเท้าผ้าใบ,2,1890,0,3780.0,2363.6,1416.4,ลูกค้าประจำ,โอนผ่านแอป,4
ORD00995,2024-04-09,ภาคตะวันออก,ชลบุรี,Lazada,ความงาม,เซรั่มบำรุงผิว,2,790,0.15,1343.0,1136.33,206.67,ลูกค้าประจำ,เก็บเงินปลายทาง,2
ORD00472,2025-11-26,ภาคกลาง,ปทุมธานี,Lazada,แฟชั่น,รองเท้าผ้าใบ,5,1890,0,10584.0,5477.86,5106.14,ลูกค้าประจำ,โอนผ่านแอป,4
ORD01417,2025-05-24,ภาคตะวันออก,ระยอง,Lazada,อิเล็กทรอนิกส์,ลำโพงบลูทูธ,3,1590,0,5342.4,2835.83,2506.57,ลูกค้าประจำ,โอนผ่านแอป,4
ORD00892,2025-12-24,ภาคตะวันออก,ระยอง,LINE Shopping,แฟชั่น,กางเกงยีนส์,1,890,0.05,946.96,627.14,319.82,ลูกค้าประจำ,เก็บเงินปลายทาง,4
ORD00311,2024-01-20,ภาคอีสาน,อุบลราชธานี,Shopee,ความงาม,ลิปสติก,1,350,0,350.0,231.11,118.89,ลูกค้าประจำ,โอนผ่านแอป,4
ORD02811,2025-06-03,ภาคตะวันออก,ระยอง,LINE Shopping,คอมพิวเตอร์,เมาส์เกมมิ่ง,2,890,0,1993.6,1102.71,890.89,ลูกค้าประจำ,บัตรเครดิต,5
ORD01693,2025-12-03,ภาคตะวันออก,จันทบุรี,หน้าร้าน,ความงาม,ลิปสติก,1,350,0,392.0,218.89,173.11,ลูกค้าประจำ,โอนผ่านแอป,4
ORD02532,2025-12-27,ภาคตะวันออก,จันทบุรี,LINE Shopping,แฟชั่น,กระเป๋าเป้,1,990,0,1108.8,713.63,395.17,ลูกค้าประจำ,เงินสด,5
ORD01352,2025-06-24,ภาคเหนือ,พิษณุโลก,Shopee,ความงาม,ลิปสติก,4,350,0.05,1489.6,918.16,571.44,ลูกค้าประจำ,เก็บเงินปลายทาง,5
ORD02442,2024-10-29,ภาคกลาง,นนทบุรี,หน้าร้าน,เครื่องใช้ในบ้าน,หม้อทอดไร้น้ำมัน,1,2590,0,2590.0,1926.96,663.04,ลูกค้าประจำ,บัตรเครดิต,2
ORD00452,2025-11-15,ภาคกลาง,นนทบุรี,Lazada,ความงาม,ครีมกันแดด,1,450,0.15,428.4,302.62,125.78,ลูกค้าใหม่,เก็บเงินปลายทาง,3
ORD01516,2025-11-15,ภาคอีสาน,อุดรธานี,เว็บไซต์,เครื่องใช้ในบ้าน,หม้อทอดไร้น้ำมัน,2,2590,0.05,5511.52,2968.82,2542.7,ลูกค้าประจำ,เงินสด,4
ORD00361,2025-03-24,ภาคเหนือ,เชียงราย,Shopee,แฟชั่น,กางเกงยีนส์,2,890,0,1993.6,1239.74,753.86,ลูกค้าประจำ,โอนผ่านแอป,2
ORD02020,2024-05-24,ภาคอีสาน,อุดรธานี,Lazada,ความงาม,เซรั่มบำรุงผิว,1,790,0.15,671.5,467.43,204.07,ลูกค้าประจำ,บัตรเครดิต,3
ORD01593,2025-11-03,ภาคกลาง,,หน้าร้าน,คอมพิวเตอร์,คีย์บอร์ดแมคคานิคอล,3,2490,0,8366.4,4184.63,4181.77,ลูกค้าใหม่,โอนผ่านแอป,4
ORD02713,2025-07-18,ภาคเหนือ,เชียงราย,Shopee,ความงาม,ลิปสติก,1,350,0,392.0,209.39,182.61,ลูกค้าประจำ,โอนผ่านแอป,3
ORD02738,2025-07-12,ภาคกลาง,กรุงเทพมหานคร,Lazada,ความงาม,ลิปสติก,1,350,0,392.0,200.43,191.57,ลูกค้าใหม่,โอนผ่านแอป,3
ORD01383,2024-03-15,ภาคตะวันออก,จันทบุรี,เว็บไซต์,เครื่องใช้ในบ้าน,เครื่องฟอกอากาศ,1,4990,0,4990.0,2850.06,2139.94,ลูกค้าใหม่,เงินสด,4
ORD00416,2024-11-15,ภาคกลาง,กรุงเทพมหานคร,Lazada,ความงาม,ครีมกันแดด,5,450,0.05,2137.5,1493.01,644.49,ลูกค้าประจำ,เก็บเงินปลายทาง,3
ORD00983,2024-08-18,ภาคกลาง,นนทบุรี,หน้าร้าน,ความงาม,ครีมกันแดด,2,450,0,900.0,535.4,364.6,ลูกค้าใหม่,โอนผ่านแอป,4
ORD00063,2025-02-28,ภาคใต้,สุราษฎร์ธานี,หน้าร้าน,เครื่องใช้ในบ้าน,หม้อทอดไร้น้ำมัน,1,2590,0.05,2755.76,1724.9,1030.86,ลูกค้าประจำ,โอนผ่านแอป,4
ORD00934,2024-09-26,ภาคใต้,สงขลา,เว็บไซต์,เครื่องใช้ในบ้าน,เครื่องฟอกอากาศ,1,4990,0,4990.0,3572.07,1417.93,ลูกค้าประจำ,เก็บเงินปลายทาง,4
ORD00980,2025-01-26,ภาคใต้,ภูเก็ต,เว็บไซต์,แฟชั่น,รองเท้าผ้าใบ,1,1890,0,2116.8,1324.8,792.0,ลูกค้าใหม่,เงินสด,3
ORD02071,2024-04-22,ภาคกลาง,นนทบุรี,เว็บไซต์,อิเล็กทรอนิกส์,หูฟังไร้สาย,2,1290,0.05,2451.0,1755.54,695.46,ลูกค้าใหม่,บัตรเครดิต,3
ORD00130,2025-03-01,ภาคกลาง,ปทุมธานี,Lazada,ความงาม,ครีมกันแดด,1,450,0.15,428.4,336.42,91.98,ลูกค้าประจำ,โอนผ่านแอป,5
ORD02681,2024-05-21,ภาคกลาง,นครปฐม,Lazada,เครื่องใช้ในบ้าน,กาต้มน้ำไฟฟ้า,1,590,0.05,560.5,378.0,182.5,ลูกค้าใหม่,บัตรเครดิต,3
ORD00116,2024-11-11,ภาคตะวันออก,จันทบุรี,Shopee,ความงาม,เซรั่มบำรุงผิว,5,790,0,3950.0,2201.43,1748.57,ลูกค้าใหม่,บัตรเครดิต,5
ORD00073,2025-11-25,ภาคใต้,ภูเก็ต,Shopee,คอมพิวเตอร์,เมาส์เกมมิ่ง,4,890,0,3987.2,2519.49,1467.71,ลูกค้าประจำ,โอนผ่านแอป,3
ORD02641,2025-07-13,ภาคตะวันออก,ชลบุรี,Lazada,แฟชั่น,รองเท้าผ้าใบ,3,1890,0.05,6032.88,3643.13,2389.75,ลูกค้าประจำ,บัตรเครดิต,5
ORD01015,2024-06-27,ภาคกลาง,นครปฐม,หน้าร้าน,เครื่องใช้ในบ้าน,หม้อทอดไร้น้ำมัน,1,2590,0,2590.0,1499.08,1090.92,ลูกค้าประจำ,โอนผ่านแอป,5
ORD00260,2024-01-08,ภาคอีสาน,อุบลราชธานี,Shopee,เครื่องใช้ในบ้าน,กาต้มน้ำไฟฟ้า,2,590,0,1180.0,810.52,369.48,ลูกค้าใหม่,บัตรเครดิต,4
ORD00664,2025-12-27,ภาคอีสาน,นครราชสีมา,Shopee,ความงาม,ครีมกันแดด,1,450,0,504.0,266.38,237.62,ลูกค้าประจำ,เงินสด,4
ORD02088,2025-09-04,ภาคเหนือ,พิษณุโลก,เว็บไซต์,ความงาม,ครีมกันแดด,2,450,0,1008.0,636.73,371.27,ลูกค้าประจำ,บัตรเครดิต,4
ORD01827,2024-08-01,ภาคกลาง,นครปฐม,Lazada,แฟชั่น,กางเกงยีนส์,3,890,0,2670.0,1614.75,1055.25,ลูกค้าประจำ,เงินสด,4
ORD01185,2025-10-01,ภาคเหนือ,เชียงราย,เว็บไซต์,ความงาม,ครีมกันแดด,2,450,0,1008.0,617.64,390.36,ลูกค้าใหม่,เงินสด,5
ORD02730,2024-05-04,ภาคใต้,ภูเก็ต,หน้าร้าน,เครื่องใช้ในบ้าน,เครื่องฟอกอากาศ,1,4990,0,4990.0,3388.61,1601.39,ลูกค้าประจำ,เก็บเงินปลายทาง,4
ORD02480,2025-04-07,ภาคเหนือ,พิษณุโลก,Shopee,คอมพิวเตอร์,"จอมอนิเตอร์ 24""",4,4290,0.15,16336.32,10903.61,5432.71,ลูกค้าประจำ,เก็บเงินปลายทาง,5
ORD00870,2024-08-09,ภาคกลาง,ปทุมธานี,Shopee,อิเล็กทรอนิกส์,พาวเวอร์แบงก์,3,690,0.05,1966.5,1275.19,691.31,ลูกค้าประจำ,เก็บเงินปลายทาง,3
ORD00923,2025-12-13,ภาคตะวันออก,ชลบุรี,Shopee,แฟชั่น,กางเกงยีนส์,3,890,0.05,2840.88,1947.57,893.31,ลูกค้าประจำ,เงินสด,4
ORD01399,2024-11-21,ภาคกลาง,กรุงเทพมหานคร,Lazada,ความงาม,ครีมกันแดด,1,450,0.15,382.5,335.55,46.95,ลูกค้าประจำ,เก็บเงินปลายทาง,5
ORD00623,2024-11-21,ภาคอีสาน,ขอนแก่น,เว็บไซต์,แฟชั่น,กระเป๋าเป้,1,990,0,990.0,623.04,366.96,ลูกค้าใหม่,โอนผ่านแอป,4
ORD00940,2024-03-10,ภาคอีสาน,อุบลราชธานี,เว็บไซต์,เครื่องใช้ในบ้าน,เครื่องฟอกอากาศ,4,4990,0,19960.0,11713.09,8246.91,ลูกค้าใหม่,บัตรเครดิต,4
ORD00194,2024-12-22,ภาคเหนือ,เชียงใหม่,Shopee,คอมพิวเตอร์,"จอมอนิเตอร์ 24""",4,4290,0.15,14586.0,9897.71,4688.29,ลูกค้าใหม่,เงินสด,3
ORD02542,2025-09-05,ภาคกลาง,นนทบุรี,หน้าร้าน,คอมพิวเตอร์,"จอมอนิเตอร์ 24""",3,4290,0,14414.4,9035.36,5379.04,ลูกค้าใหม่,บัตรเครดิต,4
ORD00699,2024-11-19,ภาคตะวันออก,จันทบุรี,LINE Shopping,คอมพิวเตอร์,คีย์บอร์ดแมคคานิคอล,2,2490,0,4980.0,3677.05,1302.95,ลูกค้าใหม่,เก็บเงินปลายทาง,5
ORD02219,2025-04-22,ภาคกลาง,นนทบุรี,Lazada,แฟชั่น,รองเท้าผ้าใบ,5,1890,0,10584.0,6342.67,4241.33,ลูกค้าประจำ,โอนผ่านแอป,5
ORD01569,2024-01-02,ภาคใต้,สงขลา,Shopee,อิเล็กทรอนิกส์,หูฟังไร้สาย,1,1290,0.05,1225.5,773.66,451.84,ลูกค้าประจำ,เก็บเงินปลายทาง,4
ORD02017,2025-12-20,ภาคกลาง,นนทบุรี,LINE Shopping,เครื่องใช้ในบ้าน,เครื่องฟอกอากาศ,1,4990,0,5588.8,3074.28,2514.52,ลูกค้าประจำ,เก็บเงินปลายทาง,4
ORD02344,2024-01-27,ภาคอีสาน,ขอนแก่น,Shopee,ความงาม,ลิปสติก,1,350,0.15,297.5,244.6,52.9,ลูกค้าใหม่,เก็บเงินปลายทาง,5
ORD02874,2024-09-06,ภาคกลาง,กรุงเทพมหานคร,หน้าร้าน,เครื่องใช้ในบ้าน,กาต้มน้ำไฟฟ้า,4,590,0,2360.0,1502.72,857.28,ลูกค้าใหม่,บัตรเครดิต,3
ORD02329,2024-11-03,ภาคตะวันออก,ชลบุรี,Shopee,เครื่องใช้ในบ้าน,หม้อทอดไร้น้ำมัน,2,2590,0,5180.0,3563.51,1616.49,ลูกค้าประจำ,,3
ORD02441,2025-03-03,ภาคอีสาน,อุบลราชธานี,หน้าร้าน,ความงาม,ลิปสติก,4,350,0.05,1489.6,982.01,507.59,ลูกค้าประจำ,โอนผ่านแอป,4
ORD02785,2025-10-01,ภาคกลาง,ปทุมธานี,หน้าร้าน,ความงาม,ลิปสติก,2,350,0,784.0,478.07,305.93,ลูกค้าใหม่,เก็บเงินปลายทาง,1
ORD01225,2025-11-28,ภาคอีสาน,นครราชสีมา,Shopee,คอมพิวเตอร์,SSD 1TB,2,2190,0,4905.6,3048.46,1857.14,ลูกค้าประจำ,บัตรเครดิต,1
ORD00538,2024-04-08,ภาคเหนือ,เชียงใหม่,Shopee,แฟชั่น,กระเป๋าเป้,3,990,0.1,2673.0,1990.1,682.9,ลูกค้าประจำ,บัตรเครดิต,4
ORD01886,2024-05-26,ภาคกลาง,นนทบุรี,Lazada,แฟชั่น,กางเกงยีนส์,2,890,0.15,1513.0,1154.22,358.78,ลูกค้าประจำ,เงินสด,4
ORD00164,2025-11-28,ภาคกลาง,ปทุมธานี,หน้าร้าน,ความงาม,ลิปสติก,2,350,0,784.0,506.73,277.27,ลูกค้าใหม่,เงินสด,3
ORD02408,2025-09-14,ภาคกลาง,ปทุมธานี,หน้าร้าน,คอมพิวเตอร์,"จอมอนิเตอร์ 24""",3,4290,0,14414.4,8438.58,5975.82,ลูกค้าใหม่,เงินสด,3
ORD01292,2024-04-20,ภาคอีสาน,ขอนแก่น,หน้าร้าน,แฟชั่น,เสื้อยืด,1,290,0,290.0,165.4,124.6,ลูกค้าประจำ,โอนผ่านแอป,4
ORD02826,2024-11-23,ภาคตะวันออก,จันทบุรี,Shopee,แฟชั่น,เสื้อยืด,3,290,0.15,739.5,525.29,214.21,ลูกค้าประจำ,เงินสด,5
ORD01705,2024-05-30,ภาคใต้,ภูเก็ต,Shopee,ความงาม,ลิปสติก,2,350,0.1,630.0,452.8,177.2,ลูกค้าประจำ,โอนผ่านแอป,4
ORD02820,2025-09-23,ภาคกลาง,ปทุมธานี,LINE Shopping,อิเล็กทรอนิกส์,พาวเวอร์แบงก์,1,690,0,772.8,459.75,313.05,ลูกค้าใหม่,โอนผ่านแอป,3
ORD01252,2024-10-02,ภาคกลาง,ปทุมธานี,หน้าร้าน,เครื่องใช้ในบ้าน,หม้อทอดไร้น้ำมัน,1,2590,0,2590.0,1659.5,930.5,ลูกค้าประจำ,โอนผ่านแอป,3
ORD00433,2024-10-25,ภาคอีสาน,อุดรธานี,Shopee,เครื่องใช้ในบ้าน,เครื่องฟอกอากาศ,1,4990,0,4990.0,2996.05,1993.95,ลูกค้าใหม่,บัตรเครดิต,1
ORD02710,2025-12-07,ภาคตะวันออก,จันทบุรี,หน้าร้าน,อิเล็กทรอนิกส์,หูฟังไร้สาย,1,1290,0,1444.8,812.18,632.62,ลูกค้าใหม่,โอนผ่านแอป,4
ORD02841,2025-07-08,ภาคอีสาน,นครราชสีมา,หน้าร้าน,คอมพิวเตอร์,"จอมอนิเตอร์ 24""",2,4290,0.05,9129.12,5845.07,3284.05,ลูกค้าประจำ,บัตรเครดิต,5
ORD02301,2025-11-15,ภาคกลาง,นนทบุรี,หน้าร้าน,เครื่องใช้ในบ้าน,กาต้มน้ำไฟฟ้า,1,590,0,660.8,397.84,262.96,ลูกค้าประจำ,เก็บเงินปลายทาง,4
ORD01662,2024-01-13,ภาคกลาง,ปทุมธานี,เว็บไซต์,เครื่องใช้ในบ้าน,หม้อทอดไร้น้ำมัน,1,2590,0,2590.0,1674.03,915.97,ลูกค้าใหม่,เก็บเงินปลายทาง,5
ORD00903,2024-09-20,ภาคใต้,สงขลา,Lazada,อิเล็กทรอนิกส์,ลำโพงบลูทูธ,5,1590,0.1,7155.0,4787.45,2367.55,ลูกค้าประจำ,โอนผ่านแอป,5
ORD01296,2024-03-21,ภาคกลาง,ปทุมธานี,Shopee,คอมพิวเตอร์,คีย์บอร์ดแมคคานิคอล,2,2490,0,4980.0,2796.35,2183.65,ลูกค้าประจำ,เก็บเงินปลายทาง,3
ORD02482,2025-12-26,ภาคอีสาน,ขอนแก่น,หน้าร้าน,อิเล็กทรอนิกส์,หูฟังไร้สาย,3,1290,0.05,4117.68,2507.17,1610.51,ลูกค้าประจำ,เงินสด,5
ORD01967,2025-07-03,ภาคกลาง,นครปฐม,Lazada,แฟชั่น,เสื้อยืด,1,290,0.1,292.32,198.07,94.25,ลูกค้าใหม่,เงินสด,5
ORD00507,2025-10-01,ภาคกลาง,นครปฐม,หน้าร้าน,ความงาม,ครีมกันแดด,2,450,0.05,957.6,639.21,318.39,ลูกค้าประจำ,บัตรเครดิต,5
ORD02621,2024-08-12,ภาคกลาง,นครปฐม,LINE Shopping,อิเล็กทรอนิกส์,ลำโพงบลูทูธ,2,1590,0.15,2703.0,2126.45,576.55,ลูกค้าประจำ,โอนผ่านแอป,4
ORD02005,2024-03-07,ภาคเหนือ,พิษณุโลก,Lazada,คอมพิวเตอร์,เมาส์เกมมิ่ง,3,890,0,2670.0,1536.22,1133.78,ลูกค้าประจำ,โอนผ่านแอป,4
ORD01253,2024-06-26,ภาคตะวันออก,ระยอง,LINE Shopping,แฟชั่น,กระเป๋าเป้,2,990,0,1980.0,1183.31,796.69,ลูกค้าประจำ,บัตรเครดิต,2
ORD00946,2025-10-31,ภาคใต้,ภูเก็ต,Lazada,ความงาม,เซรั่มบำรุงผิว,4,790,0.1,3185.28,1834.45,1350.83,ลูกค้าใหม่,โอนผ่านแอป,3
ORD00833,2025-06-24,ภาคอีสาน,นครราชสีมา,หน้าร้าน,ความงาม,ลิปสติก,1,350,0.05,372.4,213.01,159.39,ลูกค้าใหม่,บัตรเครดิต,3
ORD00414,2025-09-29,ภาคกลาง,นนทบุรี,หน้าร้าน,ความงาม,เซรั่มบำรุงผิว,1,790,0.05,840.56,561.53,279.03,ลูกค้าใหม่,บัตรเครดิต,4
ORD01555,2024-06-04,ภาคกลาง,ปทุมธานี,Lazada,เครื่องใช้ในบ้าน,หม้อทอดไร้น้ำมัน,1,2590,0.15,2201.5,1494.71,706.79,ลูกค้าใหม่,เงินสด,1
ORD02969,2025-08-29,ภาคใต้,สุราษฎร์ธานี,Shopee,แฟชั่น,เสื้อยืด,5,290,0.1,1461.6,908.91,552.69,ลูกค้าประจำ,บัตรเครดิต,4
ORD01205,2024-11-28,ภาคเหนือ,เชียงราย,หน้าร้าน,ความงาม,เซรั่มบำรุงผิว,1,790,0,790.0,497.23,292.77,ลูกค้าใหม่,เงินสด,4
ORD00265,2025-08-22,ภาคใต้,ภูเก็ต,Shopee,แฟชั่น,เสื้อยืด,3,290,0.1,876.96,490.89,386.07,ลูกค้าประจำ,เก็บเงินปลายทาง,4
ORD00244,2024-12-07,ภาคตะวันออก,จันทบุรี,หน้าร้าน,แฟชั่น,รองเท้าผ้าใบ,2,1890,0,3780.0,2116.52,1663.48,ลูกค้าประจำ,เก็บเงินปลายทาง,3
ORD02605,2024-03-23,ภาคตะวันออก,ระยอง,Shopee,ความงาม,ลิปสติก,2,350,0,700.0,434.46,265.54,ลูกค้าประจำ,บัตรเครดิต,5
ORD02050,2025-12-20,ภาคอีสาน,,Lazada,คอมพิวเตอร์,"จอมอนิเตอร์ 24""",1,4290,0.05,4564.56,2819.0,1745.56,ลูกค้าประจำ,โอนผ่านแอป,
ORD00985,2025-01-31,ภาคอีสาน,อุดรธานี,เว็บไซต์,เครื่องใช้ในบ้าน,เครื่องฟอกอากาศ,1,4990,0,5588.8,3064.01,2524.79,ลูกค้าใหม่,โอนผ่านแอป,4
ORD01092,2024-02-01,ภาคอีสาน,อุดรธานี,เว็บไซต์,คอมพิวเตอร์,เมาส์เกมมิ่ง,1,890,0.05,845.5,605.23,240.27,ลูกค้าใหม่,บัตรเครดิต,5
ORD02657,2024-07-16,ภาคกลาง,นครปฐม,หน้าร้าน,อิเล็กทรอนิกส์,สมาร์ทวอทช์,1,3490,0,3490.0,2397.19,1092.81,ลูกค้าประจำ,บัตรเครดิต,4
ORD02440,2025-02-22,ภาคเหนือ,เชียงราย,Shopee,ความงาม,เซรั่มบำรุงผิว,3,790,0,2654.4,1542.37,1112.03,ลูกค้าประจำ,บัตรเครดิต,5
ORD02345,2024-02-01,ภาคใต้,สงขลา,Lazada,ความงาม,ลิปสติก,1,350,0,350.0,222.22,127.78,ลูกค้าใหม่,บัตรเครดิต,4
ORD01636,2024-09-09,ภาคกลาง,นนทบุรี,Shopee,แฟชั่น,กางเกงยีนส์,1,890,0,890.0,589.95,300.05,ลูกค้าใหม่,บัตรเครดิต,5
ORD01771,2024-11-14,ภาคกลาง,นครปฐม,Lazada,เครื่องใช้ในบ้าน,กาต้มน้ำไฟฟ้า,1,590,0,590.0,344.06,245.94,ลูกค้าประจำ,บัตรเครดิต,5
ORD02129,2025-11-12,ภาคกลาง,นนทบุรี,หน้าร้าน,ความงาม,ลิปสติก,1,350,0,392.0,220.98,171.02,ลูกค้าใหม่,โอนผ่านแอป,3
ORD00757,2024-12-21,ภาคอีสาน,ขอนแก่น,Lazada,ความงาม,ครีมกันแดด,1,450,0,450.0,264.86,185.14,ลูกค้าประจำ,โอนผ่านแอป,3
ORD01975,2025-01-25,ภาคเหนือ,พิษณุโลก,Shopee,คอมพิวเตอร์,เมาส์เกมมิ่ง,1,890,0.05,946.96,507.02,439.94,ลูกค้าประจำ,เก็บเงินปลายทาง,5
ORD01294,2025-06-28,ภาคอีสาน,ขอนแก่น,Shopee,แฟชั่น,กระเป๋าเป้,2,990,0.05,2106.72,1100.75,1005.97,ลูกค้าประจำ,บัตรเครดิต,3
ORD01995,2024-11-09,ภาคใต้,สุราษฎร์ธานี,หน้าร้าน,ความงาม,เซรั่มบำรุงผิว,1,790,0.05,750.5,439.57,310.93,ลูกค้าประจำ,โอนผ่านแอป,5
ORD02864,2025-11-28,ภาคเหนือ,เชียงราย,LINE Shopping,ความงาม,เซรั่มบำรุงผิว,1,790,0,884.8,481.59,403.21,ลูกค้าใหม่,โอนผ่านแอป,3
ORD01370,2024-12-04,ภาคเหนือ,เชียงราย,เว็บไซต์,แฟชั่น,รองเท้าผ้าใบ,2,1890,0.05,3591.0,2547.63,1043.37,ลูกค้าใหม่,เก็บเงินปลายทาง,3
ORD02982,2024-05-13,ภาคกลาง,นครปฐม,หน้าร้าน,แฟชั่น,กระเป๋าเป้,1,990,0,990.0,732.5,257.5,ลูกค้าประจำ,เก็บเงินปลายทาง,4
ORD01950,2024-12-16,ภาคกลาง,นนทบุรี,Lazada,แฟชั่น,เสื้อยืด,3,290,0.15,739.5,492.56,246.94,ลูกค้าใหม่,เงินสด,4
ORD02526,2025-02-27,ภาคกลาง,ปทุมธานี,หน้าร้าน,ความงาม,เซรั่มบำรุงผิว,1,790,0,884.8,558.88,325.92,ลูกค้าประจำ,บัตรเครดิต,5
ORD00409,2025-02-02,ภาคกลาง,นครปฐม,Lazada,เครื่องใช้ในบ้าน,กาต้มน้ำไฟฟ้า,3,590,0,1982.4,1120.01,862.39,ลูกค้าประจำ,บัตรเครดิต,4
ORD02523,2025-10-03,ภาคใต้,สุราษฎร์ธานี,LINE Shopping,อิเล็กทรอนิกส์,ลำโพงบลูทูธ,1,1590,0.05,1691.76,998.67,693.09,ลูกค้าประจำ,เงินสด,5
ORD02264,2024-06-11,ภาคกลาง,กรุงเทพมหานคร,Shopee,เครื่องใช้ในบ้าน,หม้อทอดไร้น้ำมัน,1,2590,0,2590.0,1732.31,857.69,ลูกค้าใหม่,โอนผ่านแอป,3
ORD00036,2024-08-24,ภาคกลาง,นนทบุรี,เว็บไซต์,คอมพิวเตอร์,เมาส์เกมมิ่ง,1,890,0.05,845.5,563.51,281.99,ลูกค้าประจำ,เก็บเงินปลายทาง,5
ORD00589,2024-11-26,ภาคตะวันออก,ชลบุรี,Shopee,เครื่องใช้ในบ้าน,หม้อทอดไร้น้ำมัน,2,2590,0,5180.0,3384.88,1795.12,ลูกค้าประจำ,โอนผ่านแอป,2
ORD00272,2025-10-31,ภาคกลาง,นนทบุรี,หน้าร้าน,อิเล็กทรอนิกส์,ลำโพงบลูทูธ,1,1590,0,1780.8,1025.36,755.44,ลูกค้าใหม่,เงินสด,4
ORD01450,2024-01-09,ภาคใต้,สงขลา,หน้าร้าน,แฟชั่น,กางเกงยีนส์,1,890,0,890.0,625.08,264.92,ลูกค้าใหม่,บัตรเครดิต,3
ORD00702,2025-02-11,ภาคเหนือ,เชียงราย,Lazada,ความงาม,ครีมกันแดด,1,450,0.05,478.8,298.12,180.68,ลูกค้าประจำ,บัตรเครดิต,3
ORD01580,2024-11-02,ภาคกลาง,นครปฐม,หน้าร้าน,แฟชั่น,เสื้อยืด,1,290,0,290.0,189.8,100.2,ลูกค้าใหม่,เงินสด,5
ORD00991,2024-07-18,ภาคอีสาน,ขอนแก่น,LINE Shopping,คอมพิวเตอร์,คีย์บอร์ดแมคคานิคอล,1,2490,0.15,2116.5,1429.01,687.49,ลูกค้าใหม่,เก็บเงินปลายทาง,4
ORD02240,2025-07-25,ภาคอีสาน,อุดรธานี,หน้าร้าน,อิเล็กทรอนิกส์,พาวเวอร์แบงก์,1,690,0,772.8,417.93,354.87,ลูกค้าใหม่,เงินสด,4
ORD02454,2025-04-05,ภาคอีสาน,นครราชสีมา,LINE Shopping,คอมพิวเตอร์,คีย์บอร์ดแมคคานิคอล,1,2490,0.15,2370.48,1690.72,679.76,ลูกค้าใหม่,โอนผ่านแอป,5
ORD01208,2025-02-08,ภาคตะวันออก,ชลบุรี,หน้าร้าน,อิเล็กทรอนิกส์,หูฟังไร้สาย,1,1290,0,1444.8,951.72,493.08,ลูกค้าประจำ,เงินสด,4
ORD02211,2025-05-08,ภาคกลาง,นนทบุรี,เว็บไซต์,อิเล็กทรอนิกส์,ลำโพงบลูทูธ,1,1590,0.15,1513.68,906.7,606.98,ลูกค้าประจำ,เก็บเงินปลายทาง,4
ORD02230,2025-08-15,ภาคกลาง,กรุงเทพมหานคร,หน้าร้าน,ความงาม,ลิปสติก,3,350,0,1176.0,634.08,541.92,ลูกค้าใหม่,เก็บเงินปลายทาง,5
ORD00526,2025-04-06,ภาคกลาง,นครปฐม,หน้าร้าน,แฟชั่น,เสื้อยืด,1,290,0,324.8,216.02,108.78,ลูกค้าประจำ,เก็บเงินปลายทาง,5
ORD01474,2024-07-19,ภาคกลาง,นครปฐม,Lazada,เครื่องใช้ในบ้าน,เครื่องฟอกอากาศ,3,4990,0,14970.0,9737.1,5232.9,ลูกค้าประจำ,บัตรเครดิต,1
ORD02528,2025-10-14,ภาคอีสาน,นครราชสีมา,Shopee,เครื่องใช้ในบ้าน,กาต้มน้ำไฟฟ้า,1,590,0,660.8,438.74,222.06,ลูกค้าใหม่,,4
ORD00058,2025-04-26,ภาคกลาง,นครปฐม,Shopee,อิเล็กทรอนิกส์,พาวเวอร์แบงก์,1,690,0,772.8,470.94,301.86,ลูกค้าประจำ,เงินสด,4
ORD01639,2025-08-02,ภาคเหนือ,เชียงใหม่,หน้าร้าน,ความงาม,ครีมกันแดด,2,450,0,1008.0,508.68,499.32,ลูกค้าใหม่,บัตรเครดิต,3
ORD01681,2024-11-01,ภาคเหนือ,เชียงราย,Lazada,ความงาม,ครีมกันแดด,1,450,0,450.0,288.38,161.62,ลูกค้าใหม่,โอนผ่านแอป,4
ORD00064,2025-05-10,ภาคเหนือ,เชียงใหม่,เว็บไซต์,ความงาม,เซรั่มบำรุงผิว,1,790,0,884.8,589.46,295.34,ลูกค้าประจำ,โอนผ่านแอป,5
ORD02063,2025-06-13,ภาคอีสาน,อุดรธานี,Shopee,แฟชั่น,รองเท้าผ้าใบ,1,1890,0.1,1905.12,1376.27,528.85,ลูกค้าประจำ,โอนผ่านแอป,5
ORD02757,2025-09-19,ภาคเหนือ,เชียงราย,Lazada,แฟชั่น,กางเกงยีนส์,2,890,0,1993.6,1251.62,741.98,ลูกค้าประจำ,บัตรเครดิต,3
ORD00300,2024-10-30,ภาคกลาง,กรุงเทพมหานคร,หน้าร้าน,ความงาม,ครีมกันแดด,4,450,0.05,1710.0,1181.95,528.05,ลูกค้าใหม่,โอนผ่านแอป,5
ORD01781,2024-05-30,ภาคกลาง,นครปฐม,หน้าร้าน,ความงาม,ลิปสติก,4,350,0.05,1330.0,913.19,416.81,ลูกค้าประจำ,เก็บเงินปลายทาง,5
ORD02427,2024-05-14,ภาคเหนือ,พิษณุโลก,Shopee,เครื่องใช้ในบ้าน,เครื่องฟอกอากาศ,1,4990,0.15,4241.5,3361.5,880.0,ลูกค้าประจำ,บัตรเครดิต,4
ORD02577,2024-03-26,ภาคกลาง,ปทุมธานี,เว็บไซต์,เครื่องใช้ในบ้าน,หม้อทอดไร้น้ำมัน,1,2590,0,2590.0,1900.19,689.81,ลูกค้าประจำ,บัตรเครดิต,4
ORD02985,2025-01-05,ภาคกลาง,นครปฐม,หน้าร้าน,ความงาม,ลิปสติก,1,350,0.05,372.4,234.56,137.84,ลูกค้าใหม่,เก็บเงินปลายทาง,3
ORD01095,2025-08-02,ภาคตะวันออก,จันทบุรี,เว็บไซต์,คอมพิวเตอร์,"จอมอนิเตอร์ 24""",1,4290,0,4804.8,2872.38,1932.42,ลูกค้าประจำ,โอนผ่านแอป,5
ORD00022,2025-09-11,ภาคกลาง,นครปฐม,LINE Shopping,เครื่องใช้ในบ้าน,กาต้มน้ำไฟฟ้า,1,590,0,660.8,335.39,325.41,ลูกค้าประจำ,เงินสด,1
ORD02196,2024-10-08,ภาคใต้,ภูเก็ต,Shopee,แฟชั่น,กระเป๋าเป้,1,990,0.1,891.0,635.34,255.66,ลูกค้าใหม่,โอนผ่านแอป,3
ORD02007,2025-12-20,ภาคกลาง,นนทบุรี,เว็บไซต์,อิเล็กทรอนิกส์,ลำโพงบลูทูธ,3,1590,0,5342.4,2791.14,2551.26,ลูกค้าประจำ,โอนผ่านแอป,4
ORD01844,2024-07-08,ภาคกลาง,นครปฐม,LINE Shopping,เครื่องใช้ในบ้าน,เครื่องฟอกอากาศ,1,4990,0,4990.0,3500.64,1489.36,ลูกค้าประจำ,เงินสด,1
ORD00563,2025-08-18,ภาคตะวันออก,จันทบุรี,หน้าร้าน,ความงาม,ลิปสติก,1,350,0.05,372.4,247.44,124.96,ลูกค้าประจำ,โอนผ่านแอป,5
ORD02087,2025-01-18,ภาคอีสาน,อุดรธานี,หน้าร้าน,เครื่องใช้ในบ้าน,หม้อทอดไร้น้ำมัน,1,2590,0,2900.8,1925.27,975.53,ลูกค้าประจำ,บัตรเครดิต,4
ORD01345,2024-11-01,ภาคกลาง,นครปฐม,เว็บไซต์,ความงาม,เซรั่มบำรุงผิว,1,790,0,790.0,578.29,211.71,ลูกค้าประจำ,เงินสด,1
ORD00782,2024-09-16,ภาคกลาง,นครปฐม,Lazada,เครื่องใช้ในบ้าน,เครื่องฟอกอากาศ,2,4990,0.15,8483.0,7199.48,1283.52,ลูกค้าใหม่,เงินสด,3
ORD00593,2024-03-03,ภาคกลาง,นครปฐม,Lazada,อิเล็กทรอนิกส์,พาวเวอร์แบงก์,1,690,0,690.0,421.1,268.9,ลูกค้าใหม่,เงินสด,4
ORD01708,2025-11-23,ภาคเหนือ,พิษณุโลก,หน้าร้าน,เครื่องใช้ในบ้าน,หม้อทอดไร้น้ำมัน,1,2590,0.05,2755.76,1510.73,1245.03,ลูกค้าประจำ,เงินสด,4
ORD02535,2024-07-03,ภาคอีสาน,ขอนแก่น,หน้าร้าน,อิเล็กทรอนิกส์,หูฟังไร้สาย,3,1290,0.05,3676.5,2764.44,912.06,ลูกค้าใหม่,เงินสด,4
ORD00542,2025-12-19,ภาคอีสาน,ขอนแก่น,LINE Shopping,แฟชั่น,รองเท้าผ้าใบ,1,1890,0,2116.8,1119.28,997.52,ลูกค้าประจำ,บัตรเครดิต,5
ORD02536,2025-05-05,ภาคใต้,ภูเก็ต,เว็บไซต์,เครื่องใช้ในบ้าน,หม้อทอดไร้น้ำมัน,1,2590,0,2900.8,1732.89,1167.91,ลูกค้าประจำ,โอนผ่านแอป,3
ORD02912,2024-02-15,ภาคเหนือ,เชียงราย,หน้าร้าน,อิเล็กทรอนิกส์,ลำโพงบลูทูธ,2,1590,0.05,3021.0,2254.96,766.04,ลูกค้าใหม่,โอนผ่านแอป,4
ORD01747,2024-07-14,ภาคอีสาน,อุดรธานี,Lazada,เครื่องใช้ในบ้าน,กาต้มน้ำไฟฟ้า,3,590,0.05,1681.5,1286.1,395.4,ลูกค้าประจำ,เงินสด,4
ORD01631,2025-10-03,ภาคกลาง,ปทุมธานี,หน้าร้าน,อิเล็กทรอนิกส์,ลำโพงบลูทูธ,1,1590,0.05,1691.76,1031.96,659.8,ลูกค้าประจำ,เงินสด,3
ORD01304,2025-12-01,ภาคอีสาน,นครราชสีมา,LINE Shopping,ความงาม,ลิปสติก,1,350,0.1,352.8,223.9,128.9,ลูกค้าประจำ,เงินสด,5
ORD00514,2024-05-05,ภาคกลาง,นนทบุรี,Lazada,ความงาม,ลิปสติก,1,350,0,350.0,257.99,92.01,ลูกค้าใหม่,โอนผ่านแอป,3
ORD00191,2024-12-17,ภาคอีสาน,อุบลราชธานี,Shopee,คอมพิวเตอร์,คีย์บอร์ดแมคคานิคอล,1,2490,0,2490.0,1648.3,841.7,ลูกค้าใหม่,เก็บเงินปลายทาง,4
ORD00490,2025-09-08,ภาคตะวันออก,จันทบุรี,หน้าร้าน,คอมพิวเตอร์,"จอมอนิเตอร์ 24""",1,4290,0.05,4564.56,3167.6,1396.96,ลูกค้าใหม่,โอนผ่านแอป,5
ORD01283,2025-01-10,ภาคกลาง,นนทบุรี,Lazada,แฟชั่น,เสื้อยืด,3,290,0,974.4,618.63,355.77,ลูกค้าประจำ,บัตรเครดิต,3
ORD01470,2025-07-20,ภาคตะวันออก,ชลบุรี,Lazada,ความงาม,ครีมกันแดด,2,450,0,1008.0,576.79,431.21,ลูกค้าประจำ,เก็บเงินปลายทาง,4
ORD01262,2024-10-21,ภาคตะวันออก,ชลบุรี,หน้าร้าน,ความงาม,ครีมกันแดด,3,450,0.05,1282.5,960.59,321.91,ลูกค้าประจำ,โอนผ่านแอป,5
ORD00412,2025-12-31,ภาคกลาง,กรุงเทพมหานคร,Shopee,เครื่องใช้ในบ้าน,หม้อทอดไร้น้ำมัน,2,2590,0,5801.6,3194.29,2607.31,ลูกค้าใหม่,บัตรเครดิต,1
ORD02676,2024-02-02,ภาคใต้,สงขลา,Shopee,ความงาม,ครีมกันแดด,2,450,0,900.0,655.51,244.49,ลูกค้าใหม่,เก็บเงินปลายทาง,3
ORD01730,2025-12-01,ภาคกลาง,นนทบุรี,เว็บไซต์,เครื่องใช้ในบ้าน,หม้อทอดไร้น้ำมัน,1,2590,0,2900.8,1618.47,1282.33,ลูกค้าประจำ,เงินสด,4
ORD00888,2025-05-09,ภาคกลาง,กรุงเทพมหานคร,Lazada,คอมพิวเตอร์,เมาส์เกมมิ่ง,1,890,0.1,897.12,560.83,336.29,ลูกค้าใหม่,โอนผ่านแอป,5
ORD00579,2024-06-21,ภาคเหนือ,เชียงใหม่,Lazada,แฟชั่น,กระเป๋าเป้,1,990,0.1,891.0,601.77,289.23,ลูกค้าใหม่,เก็บเงินปลายทาง,4
ORD00927,2024-03-06,ภาคกลาง,กรุงเทพมหานคร,หน้าร้าน,เครื่องใช้ในบ้าน,หม้อทอดไร้น้ำมัน,1,2590,0.05,2460.5,1671.73,788.77,ลูกค้าประจำ,เงินสด,4
ORD01924,2025-11-22,ภาคใต้,สุราษฎร์ธานี,เว็บไซต์,คอมพิวเตอร์,เมาส์เกมมิ่ง,3,890,0,2990.4,1791.39,1199.01,ลูกค้าประจำ,โอนผ่านแอป,3
ORD01594,2024-04-12,ภาคอีสาน,นครราชสีมา,หน้าร้าน,ความงาม,เซรั่มบำรุงผิว,1,790,0,790.0,444.37,345.63,ลูกค้าใหม่,เก็บเงินปลายทาง,4
ORD00979,2024-04-01,ภาคอีสาน,อุบลราชธานี,หน้าร้าน,คอมพิวเตอร์,"จอมอนิเตอร์ 24""",3,4290,0.05,12226.5,7311.27,4915.23,ลูกค้าใหม่,เก็บเงินปลายทาง,4
ORD01272,2025-05-24,ภาคกลาง,นนทบุรี,Shopee,เครื่องใช้ในบ้าน,หม้อทอดไร้น้ำมัน,2,2590,0.1,5221.44,3100.78,2120.66,ลูกค้าใหม่,เงินสด,3
ORD01976,2024-11-22,ภาคอีสาน,อุบลราชธานี,หน้าร้าน,เครื่องใช้ในบ้าน,กาต้มน้ำไฟฟ้า,1,590,0,590.0,417.42,172.58,ลูกค้าใหม่,เก็บเงินปลายทาง,3
ORD01834,2024-10-07,ภาคกลาง,นครปฐม,หน้าร้าน,อิเล็กทรอนิกส์,สมาร์ทวอทช์,1,3490,0,3490.0,2523.25,966.75,ลูกค้าประจำ,เงินสด,2
ORD01676,2025-12-13,ภาคอีสาน,ขอนแก่น,หน้าร้าน,คอมพิวเตอร์,เมาส์เกมมิ่ง,2,890,0,1993.6,1086.69,906.91,ลูกค้าใหม่,บัตรเครดิต,5
ORD02808,2024-09-01,ภาคกลาง,กรุงเทพมหานคร,เว็บไซต์,อิเล็กทรอนิกส์,สมาร์ทวอทช์,2,3490,0,6980.0,4810.06,2169.94,ลูกค้าประจำ,เงินสด,3
ORD02139,2024-01-20,ภาคอีสาน,นครราชสีมา,Shopee,คอมพิวเตอร์,SSD 1TB,1,2190,0,2190.0,1615.78,574.22,ลูกค้าประจำ,เงินสด,3
ORD00884,2025-12-04,ภาคกลาง,ปทุมธานี,Shopee,ความงาม,เซรั่มบำรุงผิว,1,790,0.15,752.08,503.05,249.03,ลูกค้าใหม่,บัตรเครดิต,3
ORD00374,2025-03-20,ภาคตะวันออก,ชลบุรี,Shopee,คอมพิวเตอร์,เมาส์เกมมิ่ง,2,890,0,1993.6,1087.5,906.1,ลูกค้าใหม่,โอนผ่านแอป,4
ORD01954,2024-03-01,ภาคกลาง,ปทุมธานี,Lazada,ความงาม,เซรั่มบำรุงผิว,1,790,0,790.0,580.33,209.67,ลูกค้าประจำ,เก็บเงินปลายทาง,5
ORD01874,2024-12-18,ภาคตะวันออก,จันทบุรี,เว็บไซต์,คอมพิวเตอร์,คีย์บอร์ดแมคคานิคอล,1,2490,0.15,2116.5,1602.92,513.58,ลูกค้าประจำ,บัตรเครดิต,4
ORD00524,2025-06-22,ภาคตะวันออก,ระยอง,Lazada,แฟชั่น,กระเป๋าเป้,1,990,0,1108.8,731.82,376.98,ลูกค้าใหม่,เก็บเงินปลายทาง,4
ORD01355,2025-08-08,ภาคกลาง,นครปฐม,Shopee,อิเล็กทรอนิกส์,ลำโพงบลูทูธ,1,1590,0,1780.8,1020.96,759.84,ลูกค้าใหม่,เงินสด,5
ORD01050,2024-03-03,ภาคกลาง,กรุงเทพมหานคร,เว็บไซต์,ความงาม,เซรั่มบำรุงผิว,1,790,0.15,671.5,563.84,107.66,ลูกค้าใหม่,โอนผ่านแอป,3
ORD01583,2025-10-11,ภาคใต้,สุราษฎร์ธานี,เว็บไซต์,อิเล็กทรอนิกส์,หูฟังไร้สาย,2,1290,0,2889.6,1607.83,1281.77,ลูกค้าประจำ,โอนผ่านแอป,5
ORD02934,2025-07-19,ภาคกลาง,ปทุมธานี,Lazada,อิเล็กทรอนิกส์,พาวเวอร์แบงก์,1,690,0.15,656.88,499.06,157.82,ลูกค้าประจำ,บัตรเครดิต,4
ORD01889,2025-04-19,ภาคกลาง,นนทบุรี,หน้าร้าน,อิเล็กทรอนิกส์,สมาร์ทวอทช์,2,3490,0,7817.6,4123.24,3694.36,ลูกค้าใหม่,เก็บเงินปลายทาง,4
ORD00649,2024-12-20,ภาคเหนือ,พิษณุโลก,เว็บไซต์,เครื่องใช้ในบ้าน,เครื่องฟอกอากาศ,1,4990,0.05,4740.5,3080.38,1660.12,ลูกค้าประจำ,บัตรเครดิต,5
ORD01488,2024-07-20,ภาคเหนือ,เชียงราย,หน้าร้าน,คอมพิวเตอร์,SSD 1TB,1,2190,0,2190.0,1481.23,708.77,ลูกค้าประจำ,บัตรเครดิต,3
ORD01714,2024-08-30,ภาคกลาง,กรุงเทพมหานคร,Shopee,คอมพิวเตอร์,เมาส์เกมมิ่ง,4,890,0.05,3382.0,2171.59,1210.41,ลูกค้าประจำ,เงินสด,5
ORD02735,2025-11-02,ภาคตะวันออก,ชลบุรี,เว็บไซต์,อิเล็กทรอนิกส์,ลำโพงบลูทูธ,1,1590,0,1780.8,1135.52,645.28,ลูกค้าประจำ,บัตรเครดิต,4
ORD02096,2024-08-06,ภาคกลาง,นครปฐม,หน้าร้าน,อิเล็กทรอนิกส์,พาวเวอร์แบงก์,2,690,0,1380.0,772.01,607.99,ลูกค้าประจำ,บัตรเครดิต,3
ORD00185,2025-11-15,ภาคใต้,สุราษฎร์ธานี,หน้าร้าน,อิเล็กทรอนิกส์,ลำโพงบลูทูธ,2,1590,0,3561.6,1902.93,1658.67,ลูกค้าใหม่,เก็บเงินปลายทาง,5
ORD00860,2025-01-16,ภาคอีสาน,อุบลราชธานี,หน้าร้าน,แฟชั่น,กางเกงยีนส์,2,890,0,1993.6,1138.16,855.44,ลูกค้าประจำ,บัตรเครดิต,4
ORD01596,2025-12-07,ภาคกลาง,นนทบุรี,Lazada,แฟชั่น,กระเป๋าเป้,1,990,0.15,942.48,694.52,247.96,ลูกค้าประจำ,บัตรเครดิต,5
ORD02474,2025-01-31,ภาคกลาง,นนทบุรี,เว็บไซต์,ความงาม,ลิปสติก,1,350,0,392.0,216.92,175.08,ลูกค้าใหม่,เก็บเงินปลายทาง,5
ORD02332,2025-01-29,ภาคตะวันออก,ชลบุรี,Lazada,แฟชั่น,กางเกงยีนส์,1,890,0.1,897.12,514.69,382.43,ลูกค้าใหม่,บัตรเครดิต,5
ORD01595,2025-08-29,ภาคตะวันออก,,หน้าร้าน,อิเล็กทรอนิกส์,หูฟังไร้สาย,1,1290,0,1444.8,763.64,681.16,ลูกค้าประจำ,โอนผ่านแอป,3
ORD02849,2024-01-14,ภาคเหนือ,เชียงราย,Shopee,แฟชั่น,เสื้อยืด,2,290,0,580.0,407.12,172.88,ลูกค้าประจำ,โอนผ่านแอป,4
ORD00015,2024-04-21,ภาคกลาง,กรุงเทพมหานคร,หน้าร้าน,แฟชั่น,กางเกงยีนส์,1,890,0,890.0,645.16,244.84,ลูกค้าประจำ,เงินสด,2
ORD00239,2025-12-19,ภาคกลาง,กรุงเทพมหานคร,เว็บไซต์,ความงาม,ครีมกันแดด,1,450,0.1,453.6,267.38,186.22,ลูกค้าประจำ,โอนผ่านแอป,4
ORD01920,2024-04-01,ภาคกลาง,นครปฐม,Shopee,อิเล็กทรอนิกส์,หูฟังไร้สาย,1,1290,0,1290.0,726.52,563.48,ลูกค้าประจำ,เงินสด,5
ORD00274,2025-02-23,ภาคกลาง,กรุงเทพมหานคร,Shopee,แฟชั่น,กางเกงยีนส์,2,890,0,1993.6,979.97,1013.63,ลูกค้าประจำ,เก็บเงินปลายทาง,3
ORD01614,2025-11-18,ภาคกลาง,นครปฐม,Lazada,ความงาม,ครีมกันแดด,1,450,0.05,478.8,309.17,169.63,ลูกค้าประจำ,เก็บเงินปลายทาง,3
ORD01133,2025-08-30,ภาคใต้,สุราษฎร์ธานี,Shopee,อิเล็กทรอนิกส์,สมาร์ทวอทช์,1,3490,0,3908.8,2029.36,1879.44,ลูกค้าประจำ,เก็บเงินปลายทาง,4
ORD01093,2025-04-26,ภาคกลาง,นนทบุรี,Shopee,ความงาม,ลิปสติก,2,350,0.1,705.6,477.54,228.06,ลูกค้าประจำ,เงินสด,5
ORD00685,2025-06-20,ภาคกลาง,นนทบุรี,LINE Shopping,เครื่องใช้ในบ้าน,หม้อทอดไร้น้ำมัน,1,2590,0.05,2755.76,1681.17,1074.59,ลูกค้าใหม่,เงินสด,4
ORD01888,2024-07-19,ภาคเหนือ,เชียงราย,Shopee,ความงาม,ลิปสติก,4,350,0.15,1190.0,965.73,224.27,ลูกค้าประจำ,เก็บเงินปลายทาง,5
ORD02119,2024-08-25,ภาคอีสาน,อุบลราชธานี,เว็บไซต์,ความงาม,เซรั่มบำรุงผิว,1,790,0.1,711.0,475.4,235.6,ลูกค้าประจำ,เก็บเงินปลายทาง,4
ORD00990,2025-07-06,ภาคอีสาน,ขอนแก่น,เว็บไซต์,อิเล็กทรอนิกส์,หูฟังไร้สาย,2,1290,0,2889.6,1818.7,1070.9,ลูกค้าประจำ,เก็บเงินปลายทาง,5
ORD02847,2025-12-02,ภาคกลาง,นนทบุรี,Shopee,แฟชั่น,กระเป๋าเป้,3,990,0.1,2993.76,1714.64,1279.12,ลูกค้าประจำ,โอนผ่านแอป,2
ORD00393,2024-02-10,ภาคเหนือ,เชียงราย,เว็บไซต์,อิเล็กทรอนิกส์,พาวเวอร์แบงก์,1,690,0,690.0,486.27,203.73,ลูกค้าประจำ,เก็บเงินปลายทาง,4
ORD01592,2025-02-18,ภาคตะวันออก,,Lazada,อิเล็กทรอนิกส์,สมาร์ทวอทช์,3,3490,0,11726.4,6139.07,5587.33,ลูกค้าประจำ,บัตรเครดิต,4
ORD01947,2024-07-08,ภาคกลาง,นนทบุรี,หน้าร้าน,คอมพิวเตอร์,"จอมอนิเตอร์ 24""",1,4290,0,4290.0,2871.4,1418.6,ลูกค้าประจำ,เก็บเงินปลายทาง,4
ORD01165,2024-12-15,ภาคกลาง,ปทุมธานี,เว็บไซต์,อิเล็กทรอนิกส์,สมาร์ทวอทช์,1,3490,0.15,2966.5,2281.67,684.83,ลูกค้าประจำ,โอนผ่านแอป,5
ORD02152,2025-09-20,ภาคกลาง,ปทุมธานี,Shopee,คอมพิวเตอร์,"จอมอนิเตอร์ 24""",4,4290,0.15,16336.32,10456.72,5879.6,ลูกค้าประจำ,เก็บเงินปลายทาง,5
ORD01372,2025-11-13,ภาคกลาง,นครปฐม,LINE Shopping,คอมพิวเตอร์,เมาส์เกมมิ่ง,4,890,0.05,3787.84,2512.58,1275.26,ลูกค้าใหม่,เงินสด,3
ORD01001,2025-08-07,ภาคอีสาน,ขอนแก่น,เว็บไซต์,อิเล็กทรอนิกส์,หูฟังไร้สาย,1,1290,0,1444.8,800.26,644.54,ลูกค้าประจำ,เก็บเงินปลายทาง,5
ORD01953,2024-09-20,ภาคกลาง,นครปฐม,Shopee,แฟชั่น,เสื้อยืด,1,290,0.1,261.0,216.09,44.91,ลูกค้าใหม่,เงินสด,4
ORD01054,2024-02-27,ภาคอีสาน,นครราชสีมา,หน้าร้าน,แฟชั่น,เสื้อยืด,4,290,0,1160.0,759.29,400.71,ลูกค้าใหม่,บัตรเครดิต,5
ORD02560,2025-03-10,ภาคกลาง,นนทบุรี,หน้าร้าน,ความงาม,เซรั่มบำรุงผิว,2,790,0.05,1681.12,907.12,774.0,ลูกค้าประจำ,เก็บเงินปลายทาง,5
ORD01368,2024-06-04,ภาคกลาง,นนทบุรี,Lazada,เครื่องใช้ในบ้าน,กาต้มน้ำไฟฟ้า,1,590,0.05,560.5,347.36,213.14,ลูกค้าประจำ,บัตรเครดิต,5
ORD01764,2025-03-19,ภาคใต้,ภูเก็ต,LINE Shopping,แฟชั่น,กระเป๋าเป้,3,990,0.1,2993.76,2154.82,838.94,ลูกค้าประจำ,บัตรเครดิต,5
ORD02350,2024-12-30,ภาคตะวันออก,ระยอง,LINE Shopping,คอมพิวเตอร์,เมาส์เกมมิ่ง,4,890,0,3560.0,2644.26,915.74,ลูกค้าประจำ,โอนผ่านแอป,5
ORD00872,2025-04-28,ภาคเหนือ,เชียงราย,เว็บไซต์,อิเล็กทรอนิกส์,พาวเวอร์แบงก์,2,690,0.05,1468.32,953.92,514.4,ลูกค้าใหม่,บัตรเครดิต,4
ORD02870,2025-11-24,ภาคอีสาน,ขอนแก่น,Lazada,อิเล็กทรอนิกส์,พาวเวอร์แบงก์,3,690,0,2318.4,1311.9,1006.5,ลูกค้าประจำ,เก็บเงินปลายทาง,4
ORD01405,2024-05-30,ภาคใต้,ภูเก็ต,Shopee,คอมพิวเตอร์,"จอมอนิเตอร์ 24""",4,4290,0,17160.0,10352.82,6807.18,ลูกค้าใหม่,เงินสด,4
ORD01429,2024-12-28,ภาคกลาง,นครปฐม,Shopee,ความงาม,เซรั่มบำรุงผิว,1,790,0.05,750.5,472.77,277.73,ลูกค้าประจำ,โอนผ่านแอป,2
ORD00072,2025-08-02,ภาคใต้,สงขลา,LINE Shopping,อิเล็กทรอนิกส์,ลำโพงบลูทูธ,3,1590,0,5342.4,3202.64,2139.76,ลูกค้าใหม่,โอนผ่านแอป,4
ORD01503,2024-05-01,ภาคตะวันออก,จันทบุรี,Shopee,คอมพิวเตอร์,SSD 1TB,1,2190,0.05,2080.5,1379.79,700.71,ลูกค้าประจำ,เงินสด,1
ORD00881,2025-11-04,ภาคตะวันออก,ชลบุรี,Shopee,คอมพิวเตอร์,เมาส์เกมมิ่ง,1,890,0,996.8,625.98,370.82,ลูกค้าใหม่,บัตรเครดิต,4
ORD02956,2025-12-21,ภาคอีสาน,ขอนแก่น,LINE Shopping,ความงาม,ครีมกันแดด,3,450,0,1512.0,773.54,738.46,ลูกค้าประจำ,โอนผ่านแอป,5
ORD02544,2025-11-13,ภาคอีสาน,ขอนแก่น,Shopee,แฟชั่น,รองเท้าผ้าใบ,2,1890,0.15,3598.56,2162.44,1436.12,ลูกค้าใหม่,เงินสด,4
ORD01604,2024-11-27,ภาคกลาง,ปทุมธานี,หน้าร้าน,เครื่องใช้ในบ้าน,หม้อทอดไร้น้ำมัน,1,2590,0,2590.0,1537.21,1052.79,ลูกค้าใหม่,บัตรเครดิต,5
ORD00972,2024-03-31,ภาคอีสาน,อุบลราชธานี,Lazada,ความงาม,เซรั่มบำรุงผิว,1,790,0.05,750.5,566.7,183.8,ลูกค้าประจำ,เงินสด,5
ORD00952,2025-02-03,ภาคกลาง,นนทบุรี,เว็บไซต์,เครื่องใช้ในบ้าน,กาต้มน้ำไฟฟ้า,2,590,0,1321.6,848.99,472.61,ลูกค้าประจำ,โอนผ่านแอป,
ORD01181,2025-08-31,ภาคอีสาน,อุดรธานี,Lazada,แฟชั่น,กระเป๋าเป้,1,990,0.05,1053.36,599.78,453.58,ลูกค้าประจำ,เงินสด,3
ORD01003,2025-10-17,ภาคกลาง,นนทบุรี,หน้าร้าน,แฟชั่น,กางเกงยีนส์,4,890,0,3987.2,1961.37,2025.83,ลูกค้าประจำ,บัตรเครดิต,5
ORD02770,2024-05-30,ภาคใต้,ภูเก็ต,Lazada,ความงาม,เซรั่มบำรุงผิว,2,790,0,1580.0,990.9,589.1,ลูกค้าประจำ,บัตรเครดิต,4
ORD01866,2025-05-25,ภาคกลาง,นนทบุรี,Shopee,คอมพิวเตอร์,"จอมอนิเตอร์ 24""",1,4290,0,4804.8,3214.71,1590.09,ลูกค้าใหม่,โอนผ่านแอป,4
ORD00696,2025-03-12,ภาคเหนือ,เชียงใหม่,เว็บไซต์,อิเล็กทรอนิกส์,สมาร์ทวอทช์,1,3490,0,3908.8,2416.19,1492.61,ลูกค้าใหม่,เงินสด,3
ORD01899,2025-11-13,ภาคตะวันออก,ระยอง,Lazada,ความงาม,ลิปสติก,2,350,0.05,744.8,483.24,261.56,ลูกค้าใหม่,บัตรเครดิต,4
ORD01062,2024-08-09,ภาคตะวันออก,ระยอง,เว็บไซต์,คอมพิวเตอร์,SSD 1TB,4,2190,0,8760.0,5620.21,3139.79,ลูกค้าประจำ,โอนผ่านแอป,5
ORD00705,2024-01-02,ภาคอีสาน,นครราชสีมา,Lazada,เครื่องใช้ในบ้าน,เครื่องฟอกอากาศ,1,4990,0.1,4491.0,3008.01,1482.99,ลูกค้าประจำ,บัตรเครดิต,4
ORD01300,2025-12-20,ภาคเหนือ,เชียงราย,เว็บไซต์,เครื่องใช้ในบ้าน,หม้อทอดไร้น้ำมัน,1,2590,0,2900.8,1501.39,1399.41,ลูกค้าใหม่,เงินสด,4
ORD02212,2024-05-01,ภาคกลาง,นนทบุรี,Shopee,คอมพิวเตอร์,"จอมอนิเตอร์ 24""",1,4290,0.1,3861.0,2837.66,1023.34,ลูกค้าประจำ,บัตรเครดิต,5
ORD02035,2024-06-17,ภาคอีสาน,ขอนแก่น,หน้าร้าน,อิเล็กทรอนิกส์,พาวเวอร์แบงก์,2,690,0,1380.0,1009.68,370.32,ลูกค้าใหม่,เก็บเงินปลายทาง,5
ORD02515,2025-08-12,ภาคตะวันออก,,Shopee,ความงาม,ลิปสติก,1,350,0,392.0,194.84,197.16,ลูกค้าประจำ,โอนผ่านแอป,4
ORD02892,2025-08-25,ภาคกลาง,นครปฐม,Shopee,แฟชั่น,กระเป๋าเป้,1,990,0,1108.8,707.43,401.37,ลูกค้าประจำ,บัตรเครดิต,4
ORD00984,2025-11-01,ภาคใต้,ภูเก็ต,Shopee,แฟชั่น,กระเป๋าเป้,1,990,0.1,997.92,582.56,415.36,ลูกค้าประจำ,เก็บเงินปลายทาง,4
ORD00125,2025-12-17,ภาคกลาง,ปทุมธานี,เว็บไซต์,แฟชั่น,เสื้อยืด,1,290,0,324.8,185.6,139.2,ลูกค้าใหม่,โอนผ่านแอป,5
ORD01150,2024-06-13,ภาคอีสาน,อุบลราชธานี,Lazada,คอมพิวเตอร์,SSD 1TB,5,2190,0,10950.0,6087.74,4862.26,ลูกค้าประจำ,เก็บเงินปลายทาง,3
ORD01172,2024-10-05,ภาคอีสาน,นครราชสีมา,หน้าร้าน,ความงาม,ลิปสติก,2,350,0,700.0,472.45,227.55,ลูกค้าใหม่,บัตรเครดิต,4
ORD01796,2024-09-18,ภาคกลาง,นนทบุรี,Lazada,แฟชั่น,กระเป๋าเป้,1,990,0,990.0,661.62,328.38,ลูกค้าประจำ,บัตรเครดิต,5
ORD00806,2024-10-19,ภาคใต้,ภูเก็ต,หน้าร้าน,แฟชั่น,กางเกงยีนส์,1,890,0.05,845.5,506.62,338.88,ลูกค้าประจำ,เงินสด,4
ORD00532,2024-04-25,ภาคตะวันออก,จันทบุรี,Lazada,อิเล็กทรอนิกส์,สมาร์ทวอทช์,1,3490,0,3490.0,2502.3,987.7,ลูกค้าประจำ,บัตรเครดิต,4
ORD02293,2024-01-05,ภาคกลาง,ปทุมธานี,Shopee,แฟชั่น,เสื้อยืด,3,290,0.1,783.0,592.87,190.13,ลูกค้าประจำ,เก็บเงินปลายทาง,4
ORD02818,2024-09-05,ภาคเหนือ,พิษณุโลก,LINE Shopping,แฟชั่น,รองเท้าผ้าใบ,1,1890,0,1890.0,1289.48,600.52,,เงินสด,5
ORD02539,2025-02-27,ภาคกลาง,นนทบุรี,หน้าร้าน,อิเล็กทรอนิกส์,ลำโพงบลูทูธ,2,1590,0,3561.6,1960.0,1601.6,ลูกค้าประจำ,โอนผ่านแอป,5
ORD00816,2025-07-03,ภาคตะวันออก,ระยอง,หน้าร้าน,อิเล็กทรอนิกส์,พาวเวอร์แบงก์,3,690,0,2318.4,1320.06,998.34,ลูกค้าใหม่,บัตรเครดิต,4
ORD00846,2025-10-07,ภาคอีสาน,อุดรธานี,หน้าร้าน,อิเล็กทรอนิกส์,สมาร์ทวอทช์,4,3490,0,15635.2,10281.17,5354.03,ลูกค้าใหม่,เงินสด,5
ORD01673,2025-02-04,ภาคใต้,ภูเก็ต,Shopee,อิเล็กทรอนิกส์,ลำโพงบลูทูธ,2,1590,0.15,3027.36,2319.06,708.3,ลูกค้าประจำ,โอนผ่านแอป,5
ORD02167,2024-08-26,ภาคใต้,สงขลา,Lazada,แฟชั่น,เสื้อยืด,2,290,0.15,493.0,431.95,61.05,ลูกค้าประจำ,บัตรเครดิต,5
ORD00001,2025-11-08,ภาคกลาง,กรุงเทพมหานคร,หน้าร้าน,อิเล็กทรอนิกส์,หูฟังไร้สาย,2,1290,0,2889.6,1531.82,1357.78,ลูกค้าประจำ,เก็บเงินปลายทาง,3
ORD02568,2025-05-21,ภาคใต้,ภูเก็ต,หน้าร้าน,ความงาม,ครีมกันแดด,1,450,0,504.0,307.74,196.26,ลูกค้าใหม่,บัตรเครดิต,3
ORD01903,2025-12-18,ภาคกลาง,นนทบุรี,LINE Shopping,เครื่องใช้ในบ้าน,กาต้มน้ำไฟฟ้า,3,590,0.05,1883.28,1167.51,715.77,ลูกค้าใหม่,โอนผ่านแอป,1
ORD00253,2024-12-05,ภาคกลาง,นครปฐม,หน้าร้าน,แฟชั่น,รองเท้าผ้าใบ,4,1890,0,7560.0,4628.16,2931.84,ลูกค้าประจำ,เงินสด,5
ORD01286,2025-05-21,ภาคกลาง,กรุงเทพมหานคร,Lazada,ความงาม,ครีมกันแดด,1,450,0,504.0,286.31,217.69,ลูกค้าประจำ,โอนผ่านแอป,3
ORD02276,2025-03-31,ภาคกลาง,นครปฐม,Shopee,อิเล็กทรอนิกส์,สมาร์ทวอทช์,1,3490,0.05,3713.36,2432.77,1280.59,ลูกค้าประจำ,โอนผ่านแอป,2
ORD00508,2025-10-29,ภาคเหนือ,พิษณุโลก,เว็บไซต์,เครื่องใช้ในบ้าน,เครื่องฟอกอากาศ,2,4990,0.05,10618.72,6291.99,4326.73,ลูกค้าประจำ,โอนผ่านแอป,5
ORD02906,2025-05-22,ภาคเหนือ,เชียงใหม่,Shopee,คอมพิวเตอร์,SSD 1TB,1,2190,0.05,2330.16,1331.29,998.87,ลูกค้าประจำ,บัตรเครดิต,2
ORD02845,2025-11-16,ภาคกลาง,นนทบุรี,เว็บไซต์,ความงาม,ครีมกันแดด,1,450,0,504.0,309.65,194.35,ลูกค้าประจำ,เก็บเงินปลายทาง,5
ORD00201,2025-06-29,ภาคเหนือ,พิษณุโลก,Shopee,เครื่องใช้ในบ้าน,กาต้มน้ำไฟฟ้า,1,590,0.1,594.72,440.79,153.93,ลูกค้าประจำ,โอนผ่านแอป,5
ORD00936,2025-03-13,ภาคกลาง,ปทุมธานี,หน้าร้าน,ความงาม,ลิปสติก,1,350,0.05,372.4,223.31,149.09,ลูกค้าใหม่,โอนผ่านแอป,3
ORD02302,2025-05-30,ภาคอีสาน,อุดรธานี,LINE Shopping,ความงาม,ลิปสติก,1,350,0,392.0,213.02,178.98,ลูกค้าประจำ,เก็บเงินปลายทาง,5
ORD00686,2025-11-26,ภาคเหนือ,พิษณุโลก,หน้าร้าน,อิเล็กทรอนิกส์,สมาร์ทวอทช์,1,3490,0,3908.8,1921.06,1987.74,ลูกค้าประจำ,โอนผ่านแอป,5
ORD00959,2024-09-13,ภาคอีสาน,อุดรธานี,Shopee,เครื่องใช้ในบ้าน,กาต้มน้ำไฟฟ้า,5,590,0.1,2655.0,1927.47,727.53,ลูกค้าประจำ,โอนผ่านแอป,4
ORD01235,2024-11-22,ภาคกลาง,นครปฐม,หน้าร้าน,ความงาม,เซรั่มบำรุงผิว,4,790,0.05,3002.0,2110.0,892.0,ลูกค้าประจำ,เงินสด,4
ORD00148,2024-12-09,ภาคตะวันออก,ชลบุรี,LINE Shopping,ความงาม,ลิปสติก,1,350,0.1,315.0,225.26,89.74,ลูกค้าประจำ,บัตรเครดิต,
ORD01259,2024-11-10,ภาคกลาง,,หน้าร้าน,คอมพิวเตอร์,เมาส์เกมมิ่ง,4,890,0,3560.0,2527.11,1032.89,ลูกค้าใหม่,เงินสด,4
ORD02188,2025-02-26,ภาคกลาง,ปทุมธานี,หน้าร้าน,ความงาม,ครีมกันแดด,3,450,0,1512.0,874.21,637.79,ลูกค้าประจำ,เก็บเงินปลายทาง,4
ORD01135,2024-08-28,ภาคใต้,ภูเก็ต,หน้าร้าน,เครื่องใช้ในบ้าน,หม้อทอดไร้น้ำมัน,1,2590,0,2590.0,1443.56,1146.44,ลูกค้าประจำ,เงินสด,3
ORD01795,2024-04-06,ภาคเหนือ,เชียงราย,Lazada,เครื่องใช้ในบ้าน,หม้อทอดไร้น้ำมัน,1,2590,0,2590.0,1770.34,819.66,ลูกค้าประจำ,เงินสด,5
ORD02570,2024-07-11,ภาคอีสาน,อุดรธานี,LINE Shopping,เครื่องใช้ในบ้าน,เครื่องฟอกอากาศ,2,4990,0,9980.0,7249.59,2730.41,ลูกค้าใหม่,เงินสด,4
ORD02491,2025-05-05,ภาคกลาง,นครปฐม,Shopee,อิเล็กทรอนิกส์,พาวเวอร์แบงก์,1,690,0.1,695.52,413.29,282.23,ลูกค้าประจำ,บัตรเครดิต,3
ORD01565,2025-04-19,ภาคกลาง,,หน้าร้าน,อิเล็กทรอนิกส์,สมาร์ทวอทช์,1,3490,0.05,3713.36,2442.44,1270.92,ลูกค้าประจำ,เงินสด,5
ORD02748,2024-11-27,ภาคกลาง,กรุงเทพมหานคร,Lazada,อิเล็กทรอนิกส์,ลำโพงบลูทูธ,4,1590,0.1,5724.0,3537.48,2186.52,ลูกค้าใหม่,โอนผ่านแอป,4
ORD02694,2025-03-07,ภาคกลาง,นครปฐม,Shopee,คอมพิวเตอร์,SSD 1TB,3,2190,0.1,6622.56,3986.62,2635.94,ลูกค้าประจำ,บัตรเครดิต,5
ORD00591,2024-09-12,ภาคกลาง,ปทุมธานี,เว็บไซต์,อิเล็กทรอนิกส์,หูฟังไร้สาย,1,1290,0,1290.0,862.37,427.63,ลูกค้าประจำ,โอนผ่านแอป,3
ORD02925,2025-02-15,ภาคเหนือ,พิษณุโลก,หน้าร้าน,ความงาม,ครีมกันแดด,1,450,0,504.0,276.63,227.37,ลูกค้าประจำ,เงินสด,4
ORD00159,2025-11-07,ภาคใต้,สุราษฎร์ธานี,หน้าร้าน,อิเล็กทรอนิกส์,พาวเวอร์แบงก์,1,690,0,772.8,441.11,331.69,ลูกค้าประจำ,เงินสด,3
ORD02803,2025-10-19,ภาคตะวันออก,ระยอง,Shopee,คอมพิวเตอร์,เมาส์เกมมิ่ง,1,890,0.15,847.28,503.16,344.12,ลูกค้าประจำ,เงินสด,5
ORD02897,2025-01-29,ภาคเหนือ,เชียงใหม่,หน้าร้าน,คอมพิวเตอร์,เมาส์เกมมิ่ง,2,890,0.05,1893.92,1278.06,615.86,ลูกค้าประจำ,บัตรเครดิต,5
ORD00362,2024-06-07,ภาคใต้,ภูเก็ต,Lazada,ความงาม,เซรั่มบำรุงผิว,1,790,0.1,711.0,494.39,216.61,ลูกค้าประจำ,บัตรเครดิต,5
ORD02967,2024-12-25,ภาคตะวันออก,ระยอง,LINE Shopping,คอมพิวเตอร์,SSD 1TB,2,2190,0.15,3723.0,2624.79,1098.21,ลูกค้าใหม่,โอนผ่านแอป,4
ORD02220,2024-01-22,ภาคใต้,ภูเก็ต,Lazada,ความงาม,ลิปสติก,5,350,0,1750.0,1130.74,619.26,ลูกค้าประจำ,โอนผ่านแอป,5
ORD00987,2025-12-19,ภาคเหนือ,เชียงราย,Lazada,คอมพิวเตอร์,SSD 1TB,1,2190,0.05,2330.16,1475.54,854.62,ลูกค้าประจำ,เงินสด,5
ORD01403,2024-11-06,ภาคใต้,ภูเก็ต,เว็บไซต์,เครื่องใช้ในบ้าน,เครื่องฟอกอากาศ,2,4990,0.05,9481.0,6270.47,3210.53,ลูกค้าประจำ,โอนผ่านแอป,5
ORD00161,2024-05-26,ภาคเหนือ,เชียงใหม่,Shopee,แฟชั่น,รองเท้าผ้าใบ,1,1890,0.1,1701.0,1372.03,328.97,ลูกค้าประจำ,เก็บเงินปลายทาง,4
ORD02789,2025-12-20,ภาคตะวันออก,จันทบุรี,หน้าร้าน,คอมพิวเตอร์,คีย์บอร์ดแมคคานิคอล,2,2490,0,5577.6,3448.05,2129.55,ลูกค้าใหม่,เงินสด,5
ORD01921,2024-11-13,ภาคเหนือ,เชียงราย,LINE Shopping,อิเล็กทรอนิกส์,พาวเวอร์แบงก์,1,690,0,690.0,425.86,264.14,ลูกค้าใหม่,โอนผ่านแอป,4
ORD00907,2025-11-18,ภาคอีสาน,อุบลราชธานี,Shopee,แฟชั่น,รองเท้าผ้าใบ,1,1890,0.1,1905.12,1405.3,499.82,ลูกค้าประจำ,บัตรเครดิต,3
ORD00200,2024-08-30,ภาคอีสาน,นครราชสีมา,เว็บไซต์,เครื่องใช้ในบ้าน,กาต้มน้ำไฟฟ้า,2,590,0.1,1062.0,681.86,380.14,ลูกค้าประจำ,เงินสด,4
ORD01250,2024-01-27,ภาคเหนือ,เชียงราย,Shopee,เครื่องใช้ในบ้าน,เครื่องฟอกอากาศ,4,4990,0,19960.0,13412.66,6547.34,ลูกค้าประจำ,บัตรเครดิต,5
ORD00977,2025-11-10,ภาคตะวันออก,ชลบุรี,หน้าร้าน,อิเล็กทรอนิกส์,ลำโพงบลูทูธ,3,1590,0.05,5075.28,2951.72,2123.56,ลูกค้าใหม่,เงินสด,4
ORD01008,2025-06-14,ภาคเหนือ,พิษณุโลก,Lazada,อิเล็กทรอนิกส์,หูฟังไร้สาย,1,1290,0,1444.8,731.07,713.73,ลูกค้าประจำ,โอนผ่านแอป,4
ORD00801,2024-06-27,ภาคกลาง,ปทุมธานี,Lazada,ความงาม,เซรั่มบำรุงผิว,1,790,0,790.0,478.48,311.52,ลูกค้าประจำ,เงินสด,5
ORD00142,2024-09-09,ภาคกลาง,ปทุมธานี,Shopee,เครื่องใช้ในบ้าน,เครื่องฟอกอากาศ,2,4990,0.05,9481.0,6121.81,3359.19,ลูกค้าประจำ,บัตรเครดิต,4
ORD00419,2025-02-19,ภาคใต้,สุราษฎร์ธานี,Lazada,เครื่องใช้ในบ้าน,กาต้มน้ำไฟฟ้า,2,590,0.1,1189.44,757.79,431.65,ลูกค้าประจำ,โอนผ่านแอป,4
ORD02653,2024-05-16,ภาคเหนือ,เชียงราย,Shopee,คอมพิวเตอร์,SSD 1TB,2,2190,0,4380.0,3131.59,1248.41,ลูกค้าใหม่,เงินสด,3
ORD00408,2024-01-20,ภาคอีสาน,อุบลราชธานี,หน้าร้าน,เครื่องใช้ในบ้าน,หม้อทอดไร้น้ำมัน,5,2590,0,12950.0,8000.9,4949.1,ลูกค้าประจำ,โอนผ่านแอป,4
ORD00424,2024-12-18,ภาคอีสาน,ขอนแก่น,หน้าร้าน,ความงาม,ลิปสติก,1,350,0,350.0,196.87,153.13,ลูกค้าใหม่,บัตรเครดิต,3
ORD00624,2025-04-20,ภาคกลาง,ปทุมธานี,LINE Shopping,ความงาม,ลิปสติก,1,350,0,392.0,225.46,166.54,ลูกค้าประจำ,โอนผ่านแอป,5
ORD01985,2024-01-10,ภาคเหนือ,เชียงใหม่,หน้าร้าน,เครื่องใช้ในบ้าน,เครื่องฟอกอากาศ,3,4990,0,14970.0,8832.65,6137.35,ลูกค้าใหม่,เก็บเงินปลายทาง,5
ORD02726,2024-09-14,ภาคตะวันออก,จันทบุรี,เว็บไซต์,แฟชั่น,กระเป๋าเป้,1,990,0,990.0,663.2,326.8,ลูกค้าใหม่,เงินสด,5
ORD01350,2025-12-10,ภาคตะวันออก,ชลบุรี,หน้าร้าน,อิเล็กทรอนิกส์,พาวเวอร์แบงก์,5,690,0,3864.0,2271.24,1592.76,ลูกค้าใหม่,บัตรเครดิต,5
ORD00014,2025-04-29,ภาคกลาง,กรุงเทพมหานคร,เว็บไซต์,อิเล็กทรอนิกส์,ลำโพงบลูทูธ,1,1590,0.15,1513.68,891.73,621.95,ลูกค้าใหม่,บัตรเครดิต,5
ORD01018,2024-11-10,ภาคกลาง,นนทบุรี,Lazada,อิเล็กทรอนิกส์,ลำโพงบลูทูธ,1,1590,0.1,1431.0,1005.55,425.45,ลูกค้าใหม่,โอนผ่านแอป,5
ORD01473,2024-12-06,ภาคกลาง,,Shopee,เครื่องใช้ในบ้าน,กาต้มน้ำไฟฟ้า,3,590,0.15,1504.5,1108.91,395.59,ลูกค้าประจำ,เงินสด,5
ORD00587,2024-07-17,ภาคอีสาน,อุดรธานี,Shopee,ความงาม,ลิปสติก,1,350,0.15,297.5,197.05,100.45,ลูกค้าประจำ,โอนผ่านแอป,5
ORD02721,2024-02-25,ภาคเหนือ,เชียงใหม่,เว็บไซต์,คอมพิวเตอร์,"จอมอนิเตอร์ 24""",2,4290,0.15,7293.0,5789.27,1503.73,ลูกค้าประจำ,เก็บเงินปลายทาง,4
ORD00403,2024-11-20,ภาคอีสาน,อุบลราชธานี,Shopee,ความงาม,เซรั่มบำรุงผิว,4,790,0.05,3002.0,2066.45,935.55,ลูกค้าประจำ,โอนผ่านแอป,5
ORD01168,2025-12-10,ภาคอีสาน,อุดรธานี,หน้าร้าน,แฟชั่น,กางเกงยีนส์,2,890,0,1993.6,1322.01,671.59,ลูกค้าใหม่,โอนผ่านแอป,4
ORD00450,2024-04-09,ภาคกลาง,นนทบุรี,หน้าร้าน,ความงาม,ครีมกันแดด,3,450,0,1350.0,903.14,446.86,ลูกค้าใหม่,โอนผ่านแอป,4
ORD01679,2025-11-13,ภาคอีสาน,ขอนแก่น,หน้าร้าน,เครื่องใช้ในบ้าน,กาต้มน้ำไฟฟ้า,1,590,0.05,627.76,386.77,240.99,ลูกค้าใหม่,บัตรเครดิต,5
ORD01126,2024-09-08,ภาคกลาง,นครปฐม,Shopee,แฟชั่น,รองเท้าผ้าใบ,1,1890,0.05,1795.5,1407.2,388.3,ลูกค้าใหม่,บัตรเครดิต,5
ORD00288,2024-06-30,ภาคกลาง,นครปฐม,Shopee,คอมพิวเตอร์,เมาส์เกมมิ่ง,1,890,0,890.0,579.23,310.77,ลูกค้าประจำ,โอนผ่านแอป,4
ORD02216,2024-04-23,ภาคใต้,สุราษฎร์ธานี,เว็บไซต์,อิเล็กทรอนิกส์,สมาร์ทวอทช์,1,3490,0.1,3141.0,2240.35,900.65,ลูกค้าใหม่,บัตรเครดิต,5
ORD01810,2024-11-23,ภาคกลาง,นครปฐม,Shopee,แฟชั่น,เสื้อยืด,1,290,0,290.0,167.78,122.22,ลูกค้าประจำ,โอนผ่านแอป,3
ORD01519,2025-08-07,ภาคกลาง,นนทบุรี,หน้าร้าน,ความงาม,ครีมกันแดด,1,450,0.05,478.8,295.59,183.21,ลูกค้าใหม่,,4
ORD01550,2024-01-08,ภาคกลาง,ปทุมธานี,Shopee,อิเล็กทรอนิกส์,หูฟังไร้สาย,2,1290,0.1,2322.0,1851.85,470.15,ลูกค้าใหม่,โอนผ่านแอป,3
ORD01724,2024-11-26,ภาคใต้,สุราษฎร์ธานี,หน้าร้าน,อิเล็กทรอนิกส์,พาวเวอร์แบงก์,1,690,0,690.0,426.28,263.72,ลูกค้าใหม่,เก็บเงินปลายทาง,5
ORD01402,2025-02-06,ภาคใต้,สุราษฎร์ธานี,เว็บไซต์,อิเล็กทรอนิกส์,ลำโพงบลูทูธ,1,1590,0,1780.8,901.25,879.55,ลูกค้าประจำ,บัตรเครดิต,4
ORD01359,2024-01-01,ภาคกลาง,นครปฐม,หน้าร้าน,อิเล็กทรอนิกส์,หูฟังไร้สาย,2,1290,0.05,2451.0,1882.61,568.39,ลูกค้าใหม่,เงินสด,4
ORD00894,2025-12-03,ภาคกลาง,กรุงเทพมหานคร,เว็บไซต์,คอมพิวเตอร์,SSD 1TB,1,2190,0.15,2084.88,1564.22,520.66,ลูกค้าใหม่,เก็บเงินปลายทาง,3
ORD00802,2025-10-22,ภาคตะวันออก,จันทบุรี,Lazada,ความงาม,ลิปสติก,1,350,0.1,352.8,246.78,106.02,ลูกค้าใหม่,บัตรเครดิต,4
ORD01087,2024-05-30,ภาคใต้,สุราษฎร์ธานี,Shopee,แฟชั่น,เสื้อยืด,1,290,0,290.0,166.04,123.96,ลูกค้าใหม่,เงินสด,4
ORD00312,2024-08-16,ภาคอีสาน,ขอนแก่น,Shopee,เครื่องใช้ในบ้าน,หม้อทอดไร้น้ำมัน,1,2590,0.05,2460.5,1612.98,847.52,ลูกค้าประจำ,โอนผ่านแอป,5
ORD02977,2024-12-25,ภาคใต้,ภูเก็ต,หน้าร้าน,เครื่องใช้ในบ้าน,กาต้มน้ำไฟฟ้า,1,590,0.05,560.5,325.74,234.76,ลูกค้าประจำ,เก็บเงินปลายทาง,4
ORD00038,2024-10-06,ภาคกลาง,นนทบุรี,เว็บไซต์,เครื่องใช้ในบ้าน,กาต้มน้ำไฟฟ้า,2,590,0,1180.0,847.36,332.64,ลูกค้าประจำ,เงินสด,5
ORD02173,2025-11-13,ภาคตะวันออก,จันทบุรี,LINE Shopping,ความงาม,ลิปสติก,1,350,0.05,372.4,242.04,130.36,ลูกค้าใหม่,บัตรเครดิต,5
ORD01182,2024-10-29,ภาคเหนือ,พิษณุโลก,หน้าร้าน,อิเล็กทรอนิกส์,หูฟังไร้สาย,3,1290,0,3870.0,2306.32,1563.68,ลูกค้าประจำ,เงินสด,4
ORD01448,2025-08-11,ภาคตะวันออก,ชลบุรี,Shopee,เครื่องใช้ในบ้าน,หม้อทอดไร้น้ำมัน,1,2590,0.15,2465.68,1786.9,678.78,ลูกค้าใหม่,เงินสด,4
ORD02489,2024-12-09,ภาคกลาง,นครปฐม,Lazada,อิเล็กทรอนิกส์,ลำโพงบลูทูธ,1,1590,0.15,1351.5,1079.76,271.74,ลูกค้าประจำ,บัตรเครดิต,4
ORD01743,2025-04-23,ภาคตะวันออก,,เว็บไซต์,แฟชั่น,เสื้อยืด,4,290,0,1299.2,807.39,491.81,ลูกค้าประจำ,เก็บเงินปลายทาง,1
ORD02527,2025-04-05,ภาคอีสาน,อุดรธานี,Shopee,เครื่องใช้ในบ้าน,เครื่องฟอกอากาศ,1,4990,0,5588.8,2798.5,2790.3,ลูกค้าใหม่,โอนผ่านแอป,5
ORD02024,2024-12-31,ภาคตะวันออก,ระยอง,เว็บไซต์,คอมพิวเตอร์,SSD 1TB,4,2190,0.05,8322.0,5596.76,2725.24,ลูกค้าประจำ,เก็บเงินปลายทาง,5
ORD02725,2025-02-26,ภาคใต้,สงขลา,LINE Shopping,ความงาม,ลิปสติก,1,350,0.15,333.2,240.24,92.96,ลูกค้าใหม่,โอนผ่านแอป,4
ORD00861,2025-10-07,ภาคกลาง,นครปฐม,Shopee,คอมพิวเตอร์,คีย์บอร์ดแมคคานิคอล,3,2490,0,8366.4,4233.83,4132.57,ลูกค้าประจำ,เก็บเงินปลายทาง,4
ORD02996,2024-11-07,ภาคอีสาน,อุบลราชธานี,Shopee,แฟชั่น,กระเป๋าเป้,1,990,0,990.0,584.75,405.25,ลูกค้าใหม่,บัตรเครดิต,4
ORD01541,2025-12-22,ภาคกลาง,ปทุมธานี,เว็บไซต์,อิเล็กทรอนิกส์,ลำโพงบลูทูธ,4,1590,0,7123.2,3923.82,3199.38,ลูกค้าประจำ,บัตรเครดิต,2
ORD02483,2025-09-02,ภาคกลาง,นนทบุรี,Shopee,ความงาม,เซรั่มบำรุงผิว,2,790,0.1,1592.64,1069.3,523.34,ลูกค้าประจำ,โอนผ่านแอป,5
ORD01895,2025-10-30,ภาคตะวันออก,จันทบุรี,หน้าร้าน,อิเล็กทรอนิกส์,หูฟังไร้สาย,4,1290,0,5779.2,3328.4,2450.8,ลูกค้าประจำ,เงินสด,4
ORD00149,2025-04-14,ภาคอีสาน,อุบลราชธานี,Shopee,อิเล็กทรอนิกส์,สมาร์ทวอทช์,3,3490,0,11726.4,6125.99,5600.41,ลูกค้าประจำ,บัตรเครดิต,3
ORD00170,2025-10-07,ภาคอีสาน,อุบลราชธานี,เว็บไซต์,อิเล็กทรอนิกส์,พาวเวอร์แบงก์,1,690,0.1,695.52,467.51,228.01,ลูกค้าประจำ,เงินสด,1
ORD00820,2024-08-28,ภาคอีสาน,อุบลราชธานี,Lazada,แฟชั่น,เสื้อยืด,1,290,0,290.0,175.62,114.38,ลูกค้าใหม่,เงินสด,2
ORD02973,2024-12-12,ภาคตะวันออก,จันทบุรี,Shopee,ความงาม,เซรั่มบำรุงผิว,2,790,0.05,1501.0,930.61,570.39,ลูกค้าใหม่,โอนผ่านแอป,4
ORD02245,2025-11-23,ภาคกลาง,ปทุมธานี,เว็บไซต์,อิเล็กทรอนิกส์,หูฟังไร้สาย,1,1290,0,1444.8,920.3,524.5,ลูกค้าประจำ,เก็บเงินปลายทาง,5
ORD01787,2025-06-30,ภาคใต้,ภูเก็ต,Lazada,ความงาม,ลิปสติก,1,350,0.1,352.8,223.75,129.05,ลูกค้าประจำ,โอนผ่านแอป,3
ORD01657,2024-12-06,ภาคเหนือ,พิษณุโลก,เว็บไซต์,แฟชั่น,รองเท้าผ้าใบ,1,1890,0,1890.0,1199.01,690.99,ลูกค้าใหม่,บัตรเครดิต,
ORD00438,2024-09-30,ภาคกลาง,นนทบุรี,Shopee,ความงาม,เซรั่มบำรุงผิว,1,790,0,790.0,550.52,239.48,ลูกค้าประจำ,โอนผ่านแอป,4
ORD00385,2024-12-15,ภาคอีสาน,อุบลราชธานี,Shopee,อิเล็กทรอนิกส์,ลำโพงบลูทูธ,1,1590,0.15,1351.5,1092.81,258.69,ลูกค้าใหม่,โอนผ่านแอป,4
ORD01268,2024-06-24,ภาคอีสาน,นครราชสีมา,หน้าร้าน,เครื่องใช้ในบ้าน,กาต้มน้ำไฟฟ้า,3,590,0,1770.0,1057.14,712.86,ลูกค้าใหม่,โอนผ่านแอป,4
ORD02561,2024-09-25,ภาคตะวันออก,จันทบุรี,หน้าร้าน,เครื่องใช้ในบ้าน,เครื่องฟอกอากาศ,1,4990,0.05,4740.5,3671.15,1069.35,ลูกค้าประจำ,บัตรเครดิต,5
ORD01257,2025-12-24,ภาคตะวันออก,ระยอง,Lazada,เครื่องใช้ในบ้าน,กาต้มน้ำไฟฟ้า,2,590,0.05,1255.52,876.63,378.89,ลูกค้าประจำ,บัตรเครดิต,3
ORD00497,2025-11-13,ภาคกลาง,นครปฐม,Shopee,แฟชั่น,รองเท้าผ้าใบ,1,1890,0,2116.8,1134.26,982.54,ลูกค้าใหม่,โอนผ่านแอป,1
ORD02270,2025-07-05,ภาคอีสาน,ขอนแก่น,Shopee,คอมพิวเตอร์,คีย์บอร์ดแมคคานิคอล,2,2490,0,5577.6,3313.25,2264.35,ลูกค้าใหม่,เก็บเงินปลายทาง,2
ORD01513,2024-08-25,ภาคกลาง,กรุงเทพมหานคร,หน้าร้าน,แฟชั่น,เสื้อยืด,5,290,0.05,1377.5,898.33,479.17,ลูกค้าใหม่,เงินสด,1
ORD01861,2025-02-01,ภาคเหนือ,เชียงราย,เว็บไซต์,คอมพิวเตอร์,SSD 1TB,2,2190,0,4905.6,2481.7,2423.9,ลูกค้าใหม่,เก็บเงินปลายทาง,3
ORD00206,2024-12-15,ภาคกลาง,ปทุมธานี,LINE Shopping,แฟชั่น,กางเกงยีนส์,5,890,0.15,3782.5,2716.16,1066.34,ลูกค้าใหม่,บัตรเครดิต,4
ORD01619,2024-12-01,ภาคเหนือ,เชียงราย,Shopee,เครื่องใช้ในบ้าน,หม้อทอดไร้น้ำมัน,1,2590,0.15,2201.5,1591.12,610.38,ลูกค้าใหม่,เก็บเงินปลายทาง,4
ORD02840,2024-04-19,ภาคกลาง,กรุงเทพมหานคร,Shopee,ความงาม,เซรั่มบำรุงผิว,1,790,0,790.0,451.76,338.24,ลูกค้าใหม่,โอนผ่านแอป,5
ORD01893,2024-12-16,ภาคอีสาน,อุดรธานี,Lazada,อิเล็กทรอนิกส์,พาวเวอร์แบงก์,1,690,0.15,586.5,472.95,113.55,,โอนผ่านแอป,1
ORD01736,2024-09-07,ภาคใต้,ภูเก็ต,Shopee,อิเล็กทรอนิกส์,พาวเวอร์แบงก์,1,690,0.05,655.5,446.96,208.54,ลูกค้าใหม่,โอนผ่านแอป,5
ORD01462,2025-03-14,ภาคกลาง,ปทุมธานี,หน้าร้าน,อิเล็กทรอนิกส์,ลำโพงบลูทูธ,3,1590,0,5342.4,3205.13,2137.27,ลูกค้าประจำ,บัตรเครดิต,3
ORD00298,2024-12-05,ภาคกลาง,ปทุมธานี,Shopee,ความงาม,ลิปสติก,1,350,0.15,297.5,193.12,104.38,ลูกค้าประจำ,โอนผ่านแอป,5
ORD00047,2025-02-20,ภาคใต้,สุราษฎร์ธานี,หน้าร้าน,แฟชั่น,กระเป๋าเป้,1,990,0,1108.8,588.38,520.42,ลูกค้าใหม่,บัตรเครดิต,4
ORD00596,2024-09-19,ภาคเหนือ,เชียงราย,หน้าร้าน,ความงาม,เซรั่มบำรุงผิว,1,790,0,790.0,444.06,345.94,ลูกค้าประจำ,บัตรเครดิต,4
ORD02106,2024-04-23,ภาคกลาง,นครปฐม,หน้าร้าน,คอมพิวเตอร์,SSD 1TB,1,2190,0,2190.0,1589.26,600.74,ลูกค้าประจำ,เก็บเงินปลายทาง,5
ORD01170,2025-06-12,ภาคใต้,สงขลา,Lazada,อิเล็กทรอนิกส์,หูฟังไร้สาย,2,1290,0,2889.6,1882.77,1006.83,ลูกค้าประจำ,โอนผ่านแอป,4
ORD02406,2025-03-29,ภาคตะวันออก,ระยอง,Shopee,แฟชั่น,กระเป๋าเป้,1,990,0.1,997.92,643.99,353.93,ลูกค้าใหม่,บัตรเครดิต,4
ORD00841,2025-01-28,ภาคกลาง,ปทุมธานี,Lazada,คอมพิวเตอร์,เมาส์เกมมิ่ง,3,890,0.15,2541.84,1581.0,960.84,ลูกค้าประจำ,บัตรเครดิต,3
ORD02634,2024-09-07,ภาคกลาง,นครปฐม,เว็บไซต์,คอมพิวเตอร์,"จอมอนิเตอร์ 24""",2,4290,0.05,8151.0,4924.78,3226.22,ลูกค้าใหม่,บัตรเครดิต,5
ORD01779,2024-12-24,ภาคกลาง,นครปฐม,Shopee,ความงาม,ครีมกันแดด,1,450,0.1,405.0,294.57,110.43,ลูกค้าประจำ,เงินสด,4
ORD01585,2025-11-13,ภาคเหนือ,พิษณุโลก,Lazada,อิเล็กทรอนิกส์,ลำโพงบลูทูธ,3,1590,0.05,5075.28,3515.44,1559.84,ลูกค้าประจำ,โอนผ่านแอป,5
ORD02208,2025-01-30,ภาคตะวันออก,ชลบุรี,Shopee,ความงาม,เซรั่มบำรุงผิว,2,790,0,1769.6,1183.25,586.35,ลูกค้าประจำ,บัตรเครดิต,5
ORD02793,2024-12-31,ภาคกลาง,ปทุมธานี,LINE Shopping,อิเล็กทรอนิกส์,พาวเวอร์แบงก์,1,690,0,690.0,464.15,225.85,ลูกค้าใหม่,เงินสด,3
ORD02742,2024-04-08,ภาคเหนือ,เชียงใหม่,หน้าร้าน,เครื่องใช้ในบ้าน,หม้อทอดไร้น้ำมัน,1,2590,0,2590.0,1512.89,1077.11,ลูกค้าประจำ,บัตรเครดิต,3
ORD02124,2024-11-02,ภาคกลาง,ปทุมธานี,Shopee,อิเล็กทรอนิกส์,หูฟังไร้สาย,1,1290,0.1,1161.0,831.45,329.55,ลูกค้าประจำ,บัตรเครดิต,4
ORD00344,2024-05-28,ภาคอีสาน,อุดรธานี,Shopee,เครื่องใช้ในบ้าน,เครื่องฟอกอากาศ,2,4990,0,9980.0,5646.91,4333.09,ลูกค้าใหม่,บัตรเครดิต,5
ORD02930,2025-12-19,ภาคตะวันออก,ชลบุรี,หน้าร้าน,เครื่องใช้ในบ้าน,กาต้มน้ำไฟฟ้า,1,590,0,660.8,426.21,234.59,ลูกค้าใหม่,โอนผ่านแอป,2
ORD00033,2024-12-08,ภาคกลาง,นครปฐม,หน้าร้าน,ความงาม,เซรั่มบำรุงผิว,1,790,0,790.0,506.62,283.38,ลูกค้าประจำ,บัตรเครดิต,5
ORD01317,2025-12-28,ภาคกลาง,กรุงเทพมหานคร,หน้าร้าน,แฟชั่น,เสื้อยืด,3,290,0,974.4,581.95,392.45,ลูกค้าประจำ,เงินสด,5
ORD02966,2025-11-13,ภาคกลาง,นครปฐม,หน้าร้าน,อิเล็กทรอนิกส์,หูฟังไร้สาย,1,1290,0,1444.8,724.07,720.73,ลูกค้าประจำ,เงินสด,5
ORD02451,2024-09-18,ภาคเหนือ,เชียงใหม่,หน้าร้าน,คอมพิวเตอร์,คีย์บอร์ดแมคคานิคอล,1,2490,0,2490.0,1843.88,646.12,ลูกค้าใหม่,โอนผ่านแอป,3
ORD00634,2024-02-10,ภาคตะวันออก,จันทบุรี,Lazada,เครื่องใช้ในบ้าน,หม้อทอดไร้น้ำมัน,1,2590,0,2590.0,1549.98,1040.02,ลูกค้าใหม่,โอนผ่านแอป,5
ORD00646,2025-11-01,ภาคเหนือ,เชียงใหม่,หน้าร้าน,คอมพิวเตอร์,"จอมอนิเตอร์ 24""",1,4290,0,4804.8,2515.64,2289.16,ลูกค้าประจำ,โอนผ่านแอป,3
ORD02077,2025-10-03,ภาคกลาง,ปทุมธานี,หน้าร้าน,ความงาม,เซรั่มบำรุงผิว,2,790,0,1769.6,1146.92,622.68,ลูกค้าประจำ,โอนผ่านแอป,4
ORD02484,2024-01-23,ภาคกลาง,นครปฐม,Shopee,คอมพิวเตอร์,"จอมอนิเตอร์ 24""",1,4290,0,4290.0,2965.09,1324.91,ลูกค้าประจำ,โอนผ่านแอป,5
ORD01856,2024-09-25,ภาคเหนือ,เชียงใหม่,Shopee,แฟชั่น,รองเท้าผ้าใบ,2,1890,0.1,3402.0,2106.53,1295.47,ลูกค้าประจำ,โอนผ่านแอป,1
ORD00769,2024-12-03,ภาคใต้,ภูเก็ต,LINE Shopping,แฟชั่น,รองเท้าผ้าใบ,2,1890,0.1,3402.0,2427.28,974.72,ลูกค้าใหม่,,5
ORD00556,2025-01-16,ภาคกลาง,นครปฐม,Shopee,คอมพิวเตอร์,คีย์บอร์ดแมคคานิคอล,2,2490,0,5577.6,2876.44,2701.16,ลูกค้าประจำ,เก็บเงินปลายทาง,5
ORD02917,2024-04-22,ภาคกลาง,นนทบุรี,LINE Shopping,อิเล็กทรอนิกส์,สมาร์ทวอทช์,2,3490,0,6980.0,4347.38,2632.62,ลูกค้าประจำ,บัตรเครดิต,2
ORD00309,2024-09-09,ภาคอีสาน,อุบลราชธานี,หน้าร้าน,แฟชั่น,รองเท้าผ้าใบ,3,1890,0.05,5386.5,3494.49,1892.01,ลูกค้าประจำ,บัตรเครดิต,5
ORD00494,2025-03-30,ภาคกลาง,ปทุมธานี,Lazada,แฟชั่น,กางเกงยีนส์,3,890,0.05,2840.88,1969.97,870.91,ลูกค้าใหม่,เก็บเงินปลายทาง,5
ORD01911,2025-11-21,ภาคอีสาน,ขอนแก่น,LINE Shopping,คอมพิวเตอร์,SSD 1TB,2,2190,0,4905.6,2520.41,2385.19,ลูกค้าประจำ,บัตรเครดิต,3
ORD01540,2025-03-07,ภาคอีสาน,อุบลราชธานี,หน้าร้าน,แฟชั่น,เสื้อยืด,1,290,0,324.8,189.73,135.07,ลูกค้าประจำ,บัตรเครดิต,2
ORD00141,2024-06-26,ภาคเหนือ,พิษณุโลก,Lazada,ความงาม,เซรั่มบำรุงผิว,2,790,0.15,1343.0,1072.29,270.71,ลูกค้าใหม่,เก็บเงินปลายทาง,3
ORD02490,2024-07-19,ภาคกลาง,กรุงเทพมหานคร,เว็บไซต์,ความงาม,เซรั่มบำรุงผิว,1,790,0,790.0,538.77,251.23,ลูกค้าประจำ,บัตรเครดิต,4
ORD01344,2024-12-01,ภาคกลาง,นนทบุรี,Shopee,คอมพิวเตอร์,คีย์บอร์ดแมคคานิคอล,5,2490,0.1,11205.0,9148.64,2056.36,ลูกค้าใหม่,เงินสด,2
ORD02753,2025-08-01,ภาคกลาง,ปทุมธานี,Lazada,แฟชั่น,เสื้อยืด,2,290,0.05,617.12,367.97,249.15,ลูกค้าใหม่,เก็บเงินปลายทาง,5
ORD01120,2024-11-24,ภาคอีสาน,อุบลราชธานี,หน้าร้าน,เครื่องใช้ในบ้าน,หม้อทอดไร้น้ำมัน,1,2590,0.05,2460.5,1616.82,843.68,ลูกค้าประจำ,เก็บเงินปลายทาง,4
ORD00745,2025-10-26,ภาคกลาง,นนทบุรี,เว็บไซต์,เครื่องใช้ในบ้าน,เครื่องฟอกอากาศ,3,4990,0,16766.4,8572.96,8193.44,ลูกค้าประจำ,บัตรเครดิต,3
ORD02915,2024-10-11,ภาคกลาง,กรุงเทพมหานคร,Shopee,คอมพิวเตอร์,SSD 1TB,4,2190,0.15,7446.0,4839.07,2606.93,ลูกค้าใหม่,เงินสด,5
ORD00986,2025-12-20,ภาคเหนือ,พิษณุโลก,Lazada,คอมพิวเตอร์,เมาส์เกมมิ่ง,5,890,0.1,4485.6,3077.93,1407.67,ลูกค้าใหม่,โอนผ่านแอป,5
ORD00297,2025-12-25,ภาคกลาง,กรุงเทพมหานคร,หน้าร้าน,คอมพิวเตอร์,เมาส์เกมมิ่ง,3,890,0.05,2840.88,1755.28,1085.6,ลูกค้าใหม่,โอนผ่านแอป,5
ORD01767,2025-10-05,ภาคกลาง,กรุงเทพมหานคร,Shopee,แฟชั่น,เสื้อยืด,1,290,0,324.8,168.03,156.77,ลูกค้าประจำ,เงินสด,4
ORD01116,2024-04-28,ภาคกลาง,นนทบุรี,เว็บไซต์,แฟชั่น,รองเท้าผ้าใบ,1,1890,0,1890.0,1323.12,566.88,ลูกค้าประจำ,โอนผ่านแอป,4
ORD01477,2025-01-02,ภาคกลาง,ปทุมธานี,หน้าร้าน,อิเล็กทรอนิกส์,ลำโพงบลูทูธ,1,1590,0.05,1691.76,917.06,774.7,ลูกค้าประจำ,โอนผ่านแอป,3
ORD02487,2024-05-10,ภาคเหนือ,เชียงใหม่,Shopee,เครื่องใช้ในบ้าน,กาต้มน้ำไฟฟ้า,2,590,0,1180.0,875.55,304.45,ลูกค้าประจำ,โอนผ่านแอป,5
ORD02688,2024-03-30,ภาคกลาง,กรุงเทพมหานคร,Lazada,อิเล็กทรอนิกส์,พาวเวอร์แบงก์,5,690,0,3450.0,2064.35,1385.65,ลูกค้าประจำ,เงินสด,5
ORD00781,2024-10-24,ภาคเหนือ,เชียงราย,หน้าร้าน,คอมพิวเตอร์,คีย์บอร์ดแมคคานิคอล,3,2490,0.05,7096.5,4610.0,2486.5,ลูกค้าประจำ,บัตรเครดิต,5
ORD00363,2024-09-01,ภาคกลาง,ปทุมธานี,Shopee,ความงาม,เซรั่มบำรุงผิว,1,790,0.1,711.0,458.85,252.15,ลูกค้าใหม่,บัตรเครดิต,3
ORD02291,2024-03-26,ภาคกลาง,กรุงเทพมหานคร,LINE Shopping,คอมพิวเตอร์,SSD 1TB,1,2190,0.15,1861.5,1577.14,284.36,ลูกค้าประจำ,โอนผ่านแอป,3
ORD00410,2024-11-05,ภาคกลาง,กรุงเทพมหานคร,Lazada,อิเล็กทรอนิกส์,สมาร์ทวอทช์,3,3490,0,10470.0,6687.76,3782.24,ลูกค้าประจำ,โอนผ่านแอป,3
ORD01603,2025-04-11,ภาคอีสาน,ขอนแก่น,Shopee,อิเล็กทรอนิกส์,ลำโพงบลูทูธ,3,1590,0,5342.4,2686.74,2655.66,ลูกค้าใหม่,บัตรเครดิต,5
ORD02043,2024-11-14,ภาคตะวันออก,ระยอง,LINE Shopping,อิเล็กทรอนิกส์,หูฟังไร้สาย,2,1290,0.1,2322.0,1452.56,869.44,ลูกค้าประจำ,โอนผ่านแอป,4
ORD00683,2025-03-10,ภาคตะวันออก,จันทบุรี,Shopee,คอมพิวเตอร์,SSD 1TB,1,2190,0.15,2084.88,1593.48,491.4,ลูกค้าใหม่,เงินสด,4
ORD01945,2025-09-09,ภาคอีสาน,อุดรธานี,Lazada,แฟชั่น,กระเป๋าเป้,1,990,0,1108.8,711.72,397.08,ลูกค้าใหม่,บัตรเครดิต,5
ORD00234,2025-02-01,ภาคใต้,สุราษฎร์ธานี,เว็บไซต์,คอมพิวเตอร์,คีย์บอร์ดแมคคานิคอล,1,2490,0.15,2370.48,1716.92,653.56,ลูกค้าใหม่,บัตรเครดิต,5
ORD00008,2024-12-20,ภาคกลาง,กรุงเทพมหานคร,LINE Shopping,แฟชั่น,กระเป๋าเป้,1,990,0,990.0,679.2,310.8,ลูกค้าประจำ,บัตรเครดิต,5
ORD02745,2024-08-26,ภาคเหนือ,พิษณุโลก,หน้าร้าน,แฟชั่น,กระเป๋าเป้,2,990,0,1980.0,1310.42,669.58,ลูกค้าใหม่,เงินสด,5
ORD02731,2024-09-10,ภาคอีสาน,ขอนแก่น,Lazada,อิเล็กทรอนิกส์,หูฟังไร้สาย,3,1290,0,3870.0,2848.61,1021.39,ลูกค้าใหม่,โอนผ่านแอป,3
ORD00786,2024-01-09,ภาคอีสาน,อุดรธานี,หน้าร้าน,แฟชั่น,กางเกงยีนส์,1,890,0.05,845.5,607.75,237.75,ลูกค้าประจำ,เงินสด,5
ORD00811,2024-02-03,ภาคกลาง,กรุงเทพมหานคร,Shopee,เครื่องใช้ในบ้าน,หม้อทอดไร้น้ำมัน,1,2590,0.15,2201.5,1595.24,606.26,ลูกค้าใหม่,เงินสด,5
ORD01349,2024-10-12,ภาคตะวันออก,ชลบุรี,หน้าร้าน,ความงาม,เซรั่มบำรุงผิว,1,790,0,790.0,577.16,212.84,ลูกค้าประจำ,เก็บเงินปลายทาง,4
ORD01373,2024-10-29,ภาคเหนือ,พิษณุโลก,หน้าร้าน,แฟชั่น,เสื้อยืด,2,290,0.05,551.0,321.76,229.24,ลูกค้าประจำ,โอนผ่านแอป,4
ORD00486,2024-10-15,ภาคเหนือ,พิษณุโลก,หน้าร้าน,เครื่องใช้ในบ้าน,หม้อทอดไร้น้ำมัน,1,2590,0,2590.0,1855.26,734.74,ลูกค้าประจำ,เงินสด,4
ORD00236,2024-12-14,ภาคตะวันออก,จันทบุรี,Shopee,เครื่องใช้ในบ้าน,หม้อทอดไร้น้ำมัน,1,2590,0,2590.0,1825.62,764.38,ลูกค้าประจำ,เงินสด,4
ORD01561,2024-05-25,ภาคตะวันออก,ระยอง,Lazada,อิเล็กทรอนิกส์,สมาร์ทวอทช์,1,3490,0.05,3315.5,2536.04,779.46,ลูกค้าประจำ,โอนผ่านแอป,5
ORD00553,2025-12-07,ภาคอีสาน,ขอนแก่น,เว็บไซต์,อิเล็กทรอนิกส์,หูฟังไร้สาย,4,1290,0.05,5490.24,3831.45,1658.79,ลูกค้าประจำ,เงินสด,5
ORD00167,2024-02-16,ภาคกลาง,ปทุมธานี,LINE Shopping,คอมพิวเตอร์,เมาส์เกมมิ่ง,1,890,0.1,801.0,617.66,183.34,ลูกค้าใหม่,บัตรเครดิต,3
ORD01524,2025-12-21,ภาคใต้,สุราษฎร์ธานี,Shopee,เครื่องใช้ในบ้าน,เครื่องฟอกอากาศ,1,4990,0.1,5029.92,3533.22,1496.7,ลูกค้าใหม่,เงินสด,4
ORD00561,2025-06-07,ภาคเหนือ,เชียงราย,Lazada,คอมพิวเตอร์,เมาส์เกมมิ่ง,1,890,0.1,897.12,535.55,361.57,ลูกค้าประจำ,เงินสด,5
ORD01831,2024-04-22,ภาคกลาง,กรุงเทพมหานคร,หน้าร้าน,แฟชั่น,รองเท้าผ้าใบ,2,1890,0,3780.0,2420.33,1359.67,ลูกค้าประจำ,โอนผ่านแอป,3
ORD01221,2025-05-08,ภาคกลาง,กรุงเทพมหานคร,เว็บไซต์,คอมพิวเตอร์,คีย์บอร์ดแมคคานิคอล,3,2490,0,8366.4,5573.33,2793.07,ลูกค้าใหม่,โอนผ่านแอป,5
ORD02701,2024-09-09,ภาคเหนือ,เชียงราย,Shopee,ความงาม,ลิปสติก,4,350,0.05,1330.0,776.84,553.16,ลูกค้าใหม่,บัตรเครดิต,5
ORD01551,2025-01-15,ภาคกลาง,กรุงเทพมหานคร,Shopee,ความงาม,ลิปสติก,1,350,0.15,333.2,235.63,97.57,ลูกค้าประจำ,โอนผ่านแอป,3
ORD00086,2024-08-21,ภาคใต้,สงขลา,เว็บไซต์,แฟชั่น,กระเป๋าเป้,2,990,0,1980.0,1352.38,627.62,ลูกค้าประจำ,เก็บเงินปลายทาง,2
ORD00897,2025-04-29,ภาคใต้,สุราษฎร์ธานี,LINE Shopping,เครื่องใช้ในบ้าน,หม้อทอดไร้น้ำมัน,3,2590,0.1,7832.16,5453.94,2378.22,ลูกค้าใหม่,เงินสด,4
ORD00774,2025-08-14,ภาคกลาง,นครปฐม,Lazada,อิเล็กทรอนิกส์,หูฟังไร้สาย,1,1290,0,1444.8,778.32,666.48,ลูกค้าประจำ,เก็บเงินปลายทาง,4
ORD01633,2025-08-09,ภาคอีสาน,นครราชสีมา,หน้าร้าน,คอมพิวเตอร์,คีย์บอร์ดแมคคานิคอล,1,2490,0,2788.8,1455.81,1332.99,ลูกค้าใหม่,เงินสด,2
ORD01152,2025-05-21,ภาคเหนือ,เชียงใหม่,Lazada,เครื่องใช้ในบ้าน,กาต้มน้ำไฟฟ้า,1,590,0,660.8,377.94,282.86,ลูกค้าประจำ,เงินสด,5
ORD01806,2025-05-08,ภาคใต้,สุราษฎร์ธานี,หน้าร้าน,คอมพิวเตอร์,"จอมอนิเตอร์ 24""",1,4290,0.05,4564.56,2752.45,1812.11,ลูกค้าประจำ,บัตรเครดิต,3
ORD01081,2025-12-14,ภาคใต้,สงขลา,หน้าร้าน,ความงาม,ลิปสติก,2,350,0,784.0,482.75,301.25,ลูกค้าใหม่,เก็บเงินปลายทาง,4
ORD01935,2025-11-16,ภาคกลาง,นนทบุรี,Shopee,ความงาม,ครีมกันแดด,1,450,0,504.0,260.93,243.07,ลูกค้าใหม่,โอนผ่านแอป,4
ORD01493,2024-12-06,ภาคเหนือ,พิษณุโลก,Shopee,ความงาม,ลิปสติก,3,350,0,1050.0,726.23,323.77,ลูกค้าประจำ,เงินสด,4
ORD01777,2024-03-08,ภาคกลาง,นครปฐม,เว็บไซต์,แฟชั่น,เสื้อยืด,2,290,0.1,522.0,433.56,88.44,ลูกค้าใหม่,โอนผ่านแอป,4
ORD00629,2025-02-08,ภาคกลาง,กรุงเทพมหานคร,หน้าร้าน,คอมพิวเตอร์,เมาส์เกมมิ่ง,1,890,0,996.8,605.91,390.89,ลูกค้าใหม่,เก็บเงินปลายทาง,3
ORD02232,2025-07-22,ภาคใต้,ภูเก็ต,หน้าร้าน,คอมพิวเตอร์,คีย์บอร์ดแมคคานิคอล,1,2490,0,2788.8,1549.52,1239.28,ลูกค้าใหม่,โอนผ่านแอป,4
ORD00120,2025-12-17,ภาคใต้,ภูเก็ต,Shopee,คอมพิวเตอร์,เมาส์เกมมิ่ง,1,890,0.05,946.96,495.69,451.27,ลูกค้าใหม่,บัตรเครดิต,4
ORD02776,2025-05-16,ภาคอีสาน,นครราชสีมา,เว็บไซต์,คอมพิวเตอร์,คีย์บอร์ดแมคคานิคอล,1,2490,0.05,2649.36,1655.74,993.62,ลูกค้าใหม่,เก็บเงินปลายทาง,1
ORD00753,2025-10-11,ภาคกลาง,นครปฐม,Shopee,คอมพิวเตอร์,คีย์บอร์ดแมคคานิคอล,1,2490,0,2788.8,1731.2,1057.6,ลูกค้าประจำ,เงินสด,4
ORD00328,2025-06-17,ภาคตะวันออก,จันทบุรี,เว็บไซต์,อิเล็กทรอนิกส์,พาวเวอร์แบงก์,2,690,0,1545.6,993.76,551.84,ลูกค้าใหม่,เงินสด,5
ORD02414,2024-10-28,ภาคใต้,สุราษฎร์ธานี,Shopee,อิเล็กทรอนิกส์,หูฟังไร้สาย,4,1290,0.05,4902.0,3609.6,1292.4,ลูกค้าประจำ,บัตรเครดิต,4
ORD00302,2024-09-14,ภาคอีสาน,ขอนแก่น,Shopee,คอมพิวเตอร์,"จอมอนิเตอร์ 24""",1,4290,0.05,4075.5,2731.04,1344.46,ลูกค้าใหม่,เงินสด,4
ORD02952,2024-12-27,ภาคกลาง,นครปฐม,Shopee,ความงาม,ลิปสติก,3,350,0.1,945.0,595.54,349.46,ลูกค้าประจำ,โอนผ่านแอป,5
ORD02496,2025-11-30,ภาคตะวันออก,ชลบุรี,LINE Shopping,อิเล็กทรอนิกส์,หูฟังไร้สาย,1,1290,0.1,1300.32,801.68,498.64,ลูกค้าประจำ,บัตรเครดิต,1
ORD02224,2024-06-18,ภาคกลาง,นนทบุรี,หน้าร้าน,ความงาม,เซรั่มบำรุงผิว,2,790,0.05,1501.0,1033.39,467.61,ลูกค้าประจำ,เก็บเงินปลายทาง,5
ORD02178,2024-03-11,ภาคกลาง,ปทุมธานี,เว็บไซต์,แฟชั่น,เสื้อยืด,1,290,0.05,275.5,162.14,113.36,ลูกค้าประจำ,โอนผ่านแอป,5
ORD02200,2025-04-06,ภาคตะวันออก,จันทบุรี,LINE Shopping,ความงาม,ครีมกันแดด,1,450,0.05,478.8,269.23,209.57,ลูกค้าประจำ,เงินสด,1
ORD02315,2024-05-27,ภาคอีสาน,นครราชสีมา,Shopee,อิเล็กทรอนิกส์,พาวเวอร์แบงก์,1,690,0.05,655.5,441.44,214.06,ลูกค้าประจำ,เก็บเงินปลายทาง,5
ORD00276,2024-10-24,ภาคอีสาน,นครราชสีมา,Lazada,แฟชั่น,เสื้อยืด,1,290,0,290.0,160.06,129.94,ลูกค้าประจำ,โอนผ่านแอป,4
ORD02509,2024-09-26,ภาคใต้,สุราษฎร์ธานี,หน้าร้าน,แฟชั่น,รองเท้าผ้าใบ,1,1890,0,1890.0,1225.03,664.97,ลูกค้าประจำ,บัตรเครดิต,3
ORD02242,2025-11-17,ภาคกลาง,นครปฐม,เว็บไซต์,คอมพิวเตอร์,"จอมอนิเตอร์ 24""",1,4290,0,4804.8,3061.44,1743.36,ลูกค้าประจำ,เก็บเงินปลายทาง,3
ORD02170,2024-12-23,ภาคเหนือ,,Lazada,เครื่องใช้ในบ้าน,หม้อทอดไร้น้ำมัน,1,2590,0.05,2460.5,1650.25,810.25,ลูกค้าใหม่,บัตรเครดิต,3
ORD01124,2025-05-09,ภาคกลาง,ปทุมธานี,Shopee,คอมพิวเตอร์,SSD 1TB,1,2190,0,2452.8,1474.66,978.14,ลูกค้าประจำ,บัตรเครดิต,4
ORD02819,2024-04-06,ภาคกลาง,นครปฐม,Shopee,อิเล็กทรอนิกส์,ลำโพงบลูทูธ,1,1590,0,1590.0,1077.24,512.76,ลูกค้าใหม่,โอนผ่านแอป,4
ORD00576,2024-04-11,ภาคกลาง,นนทบุรี,Lazada,เครื่องใช้ในบ้าน,เครื่องฟอกอากาศ,1,4990,0,4990.0,2796.27,2193.73,,โอนผ่านแอป,4
ORD00630,2025-11-04,ภาคอีสาน,อุบลราชธานี,หน้าร้าน,เครื่องใช้ในบ้าน,หม้อทอดไร้น้ำมัน,1,2590,0,2900.8,1822.09,1078.71,ลูกค้าประจำ,เงินสด,5
ORD00076,2024-12-12,ภาคอีสาน,นครราชสีมา,Shopee,เครื่องใช้ในบ้าน,กาต้มน้ำไฟฟ้า,1,590,0,590.0,337.28,252.72,ลูกค้าประจำ,บัตรเครดิต,5
ORD01689,2025-12-07,ภาคกลาง,นครปฐม,Lazada,คอมพิวเตอร์,SSD 1TB,1,2190,0.15,2084.88,1437.86,647.02,ลูกค้าประจำ,บัตรเครดิต,5
ORD00166,2025-10-26,ภาคกลาง,ปทุมธานี,Lazada,ความงาม,เซรั่มบำรุงผิว,1,790,0.15,752.08,508.68,243.4,ลูกค้าประจำ,บัตรเครดิต,4
ORD00650,2025-01-04,ภาคกลาง,นครปฐม,Lazada,อิเล็กทรอนิกส์,สมาร์ทวอทช์,3,3490,0,11726.4,6715.29,5011.11,ลูกค้าประจำ,โอนผ่านแอป,1
ORD02401,2024-11-02,ภาคอีสาน,อุบลราชธานี,เว็บไซต์,เครื่องใช้ในบ้าน,กาต้มน้ำไฟฟ้า,1,590,0.15,501.5,327.2,174.3,ลูกค้าใหม่,โอนผ่านแอป,
ORD02284,2025-12-02,ภาคตะวันออก,ชลบุรี,Lazada,เครื่องใช้ในบ้าน,หม้อทอดไร้น้ำมัน,3,2590,0,8702.4,5169.85,3532.55,ลูกค้าประจำ,บัตรเครดิต,4
ORD01506,2025-04-02,ภาคตะวันออก,จันทบุรี,Shopee,อิเล็กทรอนิกส์,หูฟังไร้สาย,1,1290,0.15,1228.08,810.22,417.86,ลูกค้าประจำ,บัตรเครดิต,4
ORD00724,2025-10-22,ภาคกลาง,กรุงเทพมหานคร,หน้าร้าน,คอมพิวเตอร์,เมาส์เกมมิ่ง,3,890,0,2990.4,1737.26,1253.14,ลูกค้าใหม่,เก็บเงินปลายทาง,5
ORD02881,2024-01-20,ภาคตะวันออก,จันทบุรี,Lazada,ความงาม,เซรั่มบำรุงผิว,2,790,0,1580.0,1044.89,535.11,ลูกค้าใหม่,โอนผ่านแอป,4
ORD02115,2025-09-28,ภาคกลาง,ปทุมธานี,Lazada,เครื่องใช้ในบ้าน,เครื่องฟอกอากาศ,1,4990,0,5588.8,3223.56,2365.24,ลูกค้าประจำ,เก็บเงินปลายทาง,4
ORD02265,2025-05-08,ภาคกลาง,ปทุมธานี,Shopee,ความงาม,เซรั่มบำรุงผิว,3,790,0.15,2256.24,1472.69,783.55,ลูกค้าใหม่,เก็บเงินปลายทาง,5
ORD02766,2025-10-22,ภาคกลาง,กรุงเทพมหานคร,เว็บไซต์,คอมพิวเตอร์,เมาส์เกมมิ่ง,1,890,0,996.8,535.97,460.83,ลูกค้าประจำ,โอนผ่านแอป,5
ORD01723,2024-01-09,ภาคกลาง,กรุงเทพมหานคร,Shopee,ความงาม,ลิปสติก,1,350,0,350.0,251.12,98.88,ลูกค้าใหม่,โอนผ่านแอป,4
ORD01618,2025-12-25,ภาคกลาง,นครปฐม,Shopee,อิเล็กทรอนิกส์,สมาร์ทวอทช์,3,3490,0.1,10553.76,7375.07,3178.69,ลูกค้าใหม่,เก็บเงินปลายทาง,5
ORD02479,2024-01-02,ภาคกลาง,นนทบุรี,เว็บไซต์,คอมพิวเตอร์,"จอมอนิเตอร์ 24""",3,4290,0,12870.0,9143.27,3726.73,ลูกค้าประจำ,โอนผ่านแอป,5
ORD02014,2025-06-01,ภาคกลาง,นนทบุรี,หน้าร้าน,อิเล็กทรอนิกส์,ลำโพงบลูทูธ,1,1590,0.05,1691.76,1156.51,535.25,ลูกค้าใหม่,โอนผ่านแอป,5
ORD00687,2025-10-20,ภาคตะวันออก,ระยอง,หน้าร้าน,แฟชั่น,กระเป๋าเป้,1,990,0,1108.8,609.55,499.25,ลูกค้าใหม่,บัตรเครดิต,5
ORD02578,2024-02-20,ภาคกลาง,ปทุมธานี,Shopee,อิเล็กทรอนิกส์,พาวเวอร์แบงก์,4,690,0,2760.0,1546.41,1213.59,ลูกค้าใหม่,โอนผ่านแอป,4
ORD00078,2025-12-22,ภาคตะวันออก,ระยอง,Lazada,ความงาม,เซรั่มบำรุงผิว,2,790,0.05,1681.12,1075.96,605.16,ลูกค้าประจำ,บัตรเครดิต,2
ORD02456,2024-07-21,ภาคตะวันออก,ชลบุรี,Lazada,เครื่องใช้ในบ้าน,กาต้มน้ำไฟฟ้า,2,590,0.1,1062.0,688.2,373.8,ลูกค้าประจำ,เก็บเงินปลายทาง,5
ORD01329,2024-11-09,ภาคอีสาน,อุดรธานี,LINE Shopping,อิเล็กทรอนิกส์,หูฟังไร้สาย,1,1290,0.1,1161.0,919.84,241.16,ลูกค้าประจำ,เก็บเงินปลายทาง,5
ORD01328,2024-06-04,ภาคตะวันออก,ระยอง,Shopee,แฟชั่น,กระเป๋าเป้,5,990,0.15,4207.5,3191.71,1015.79,ลูกค้าใหม่,บัตรเครดิต,4
ORD01183,2025-02-08,ภาคอีสาน,นครราชสีมา,Shopee,คอมพิวเตอร์,เมาส์เกมมิ่ง,1,890,0,996.8,631.71,365.09,ลูกค้าประจำ,เงินสด,3
ORD02650,2025-02-02,ภาคกลาง,กรุงเทพมหานคร,หน้าร้าน,อิเล็กทรอนิกส์,พาวเวอร์แบงก์,2,690,0,1545.6,1023.13,522.47,ลูกค้าใหม่,โอนผ่านแอป,5
ORD01046,2024-12-05,ภาคตะวันออก,ชลบุรี,LINE Shopping,เครื่องใช้ในบ้าน,กาต้มน้ำไฟฟ้า,2,590,0.15,1003.0,788.91,214.09,ลูกค้าประจำ,โอนผ่านแอป,4
ORD01194,2024-07-11,ภาคกลาง,ปทุมธานี,หน้าร้าน,เครื่องใช้ในบ้าน,หม้อทอดไร้น้ำมัน,1,2590,0.05,2460.5,1631.74,828.76,ลูกค้าประจำ,บัตรเครดิต,4
ORD01076,2024-07-31,ภาคใต้,สุราษฎร์ธานี,LINE Shopping,อิเล็กทรอนิกส์,หูฟังไร้สาย,1,1290,0.05,1225.5,953.28,272.22,ลูกค้าประจำ,บัตรเครดิต,4
ORD02554,2024-05-11,ภาคใต้,ภูเก็ต,เว็บไซต์,แฟชั่น,เสื้อยืด,1,290,0,290.0,202.39,87.61,ลูกค้าประจำ,โอนผ่านแอป,4
ORD00143,2025-08-10,ภาคกลาง,กรุงเทพมหานคร,Lazada,แฟชั่น,รองเท้าผ้าใบ,4,1890,0,8467.2,4221.6,4245.6,ลูกค้าใหม่,เก็บเงินปลายทาง,5
ORD02045,2025-11-16,ภาคตะวันออก,ชลบุรี,หน้าร้าน,เครื่องใช้ในบ้าน,หม้อทอดไร้น้ำมัน,5,2590,0,14504.0,7350.73,7153.27,ลูกค้าใหม่,บัตรเครดิต,4
ORD01633,2025-08-09,ภาคอีสาน,นครราชสีมา,หน้าร้าน,คอมพิวเตอร์,คีย์บอร์ดแมคคานิคอล,1,2490,0,2788.8,1455.81,1332.99,ลูกค้าใหม่,เงินสด,2
ORD02425,2024-05-05,ภาคกลาง,กรุงเทพมหานคร,Lazada,อิเล็กทรอนิกส์,หูฟังไร้สาย,1,1290,0.05,1225.5,926.18,299.32,ลูกค้าประจำ,เก็บเงินปลายทาง,5
ORD02765,2025-09-02,ภาคตะวันออก,จันทบุรี,หน้าร้าน,คอมพิวเตอร์,"จอมอนิเตอร์ 24""",1,4290,0,4804.8,2918.76,1886.04,ลูกค้าประจำ,เก็บเงินปลายทาง,4
ORD02059,2024-01-24,ภาคตะวันออก,ระยอง,หน้าร้าน,คอมพิวเตอร์,SSD 1TB,1,2190,0.05,2080.5,1325.87,754.63,ลูกค้าประจำ,เงินสด,5
ORD01217,2024-08-16,ภาคกลาง,กรุงเทพมหานคร,LINE Shopping,แฟชั่น,กระเป๋าเป้,2,990,0,1980.0,1250.5,729.5,ลูกค้าประจำ,เก็บเงินปลายทาง,3
ORD02072,2025-06-20,ภาคเหนือ,พิษณุโลก,Shopee,คอมพิวเตอร์,"จอมอนิเตอร์ 24""",3,4290,0.05,13693.68,8060.66,5633.02,ลูกค้าใหม่,บัตรเครดิต,4
ORD02295,2025-03-30,ภาคกลาง,นนทบุรี,เว็บไซต์,ความงาม,ลิปสติก,2,350,0,784.0,421.18,362.82,ลูกค้าใหม่,เก็บเงินปลายทาง,5
ORD01661,2025-12-24,ภาคกลาง,นนทบุรี,หน้าร้าน,คอมพิวเตอร์,SSD 1TB,2,2190,0.05,4660.32,2818.63,1841.69,ลูกค้าประจำ,บัตรเครดิต,2
ORD01675,2024-08-26,ภาคเหนือ,พิษณุโลก,เว็บไซต์,อิเล็กทรอนิกส์,ลำโพงบลูทูธ,3,1590,0,4770.0,2787.22,1982.78,ลูกค้าใหม่,เงินสด,3
ORD02737,2025-11-05,ภาคเหนือ,เชียงใหม่,Lazada,ความงาม,ครีมกันแดด,4,450,0,2016.0,1006.77,1009.23,ลูกค้าประจำ,เงินสด,5
ORD01030,2024-12-20,ภาคเหนือ,พิษณุโลก,LINE Shopping,แฟชั่น,รองเท้าผ้าใบ,1,1890,0.15,1606.5,1071.55,534.95,ลูกค้าประจำ,เงินสด,1
ORD01498,2025-11-18,ภาคอีสาน,อุดรธานี,Shopee,แฟชั่น,รองเท้าผ้าใบ,3,1890,0.1,5715.36,3143.99,2571.37,ลูกค้าประจำ,โอนผ่านแอป,5
ORD00290,2025-07-20,ภาคกลาง,นนทบุรี,เว็บไซต์,ความงาม,ลิปสติก,1,350,0.15,333.2,201.79,131.41,ลูกค้าประจำ,บัตรเครดิต,5
ORD02370,2025-02-19,ภาคอีสาน,อุดรธานี,หน้าร้าน,ความงาม,ครีมกันแดด,2,450,0,1008.0,569.62,438.38,ลูกค้าใหม่,เก็บเงินปลายทาง,5
ORD02368,2025-12-15,ภาคกลาง,ปทุมธานี,หน้าร้าน,อิเล็กทรอนิกส์,พาวเวอร์แบงก์,1,690,0.05,734.16,421.14,313.02,ลูกค้าใหม่,บัตรเครดิต,3
ORD00391,2025-12-23,ภาคกลาง,นครปฐม,Lazada,แฟชั่น,กางเกงยีนส์,1,890,0.1,897.12,620.39,276.73,ลูกค้าประจำ,เก็บเงินปลายทาง,4
ORD02290,2025-09-05,ภาคอีสาน,อุดรธานี,Lazada,แฟชั่น,รองเท้าผ้าใบ,1,1890,0,2116.8,1096.71,1020.09,ลูกค้าประจำ,โอนผ่านแอป,2
ORD00184,2024-10-25,ภาคอีสาน,นครราชสีมา,หน้าร้าน,ความงาม,ครีมกันแดด,1,450,0,450.0,280.35,169.65,ลูกค้าประจำ,โอนผ่านแอป,5
ORD01878,2025-12-01,ภาคกลาง,นครปฐม,หน้าร้าน,แฟชั่น,กระเป๋าเป้,1,990,0,1108.8,583.79,525.01,ลูกค้าใหม่,บัตรเครดิต,4
ORD00727,2025-01-15,ภาคกลาง,ปทุมธานี,Shopee,อิเล็กทรอนิกส์,หูฟังไร้สาย,1,1290,0,1444.8,716.74,728.06,ลูกค้าใหม่,เงินสด,2
ORD02784,2024-06-22,ภาคใต้,สงขลา,Shopee,ความงาม,ลิปสติก,4,350,0.1,1260.0,961.98,298.02,ลูกค้าใหม่,โอนผ่านแอป,3
ORD02352,2024-08-29,ภาคเหนือ,พิษณุโลก,Lazada,ความงาม,เซรั่มบำรุงผิว,1,790,0,790.0,516.23,273.77,ลูกค้าประจำ,บัตรเครดิต,3
ORD01858,2025-11-07,ภาคตะวันออก,จันทบุรี,LINE Shopping,แฟชั่น,รองเท้าผ้าใบ,4,1890,0.15,7197.12,4766.58,2430.54,ลูกค้าใหม่,บัตรเครดิต,4
ORD01575,2025-12-19,ภาคอีสาน,นครราชสีมา,Lazada,เครื่องใช้ในบ้าน,เครื่องฟอกอากาศ,2,4990,0.05,10618.72,6351.16,4267.56,ลูกค้าประจำ,เงินสด,2
ORD02166,2024-11-21,ภาคใต้,สงขลา,หน้าร้าน,เครื่องใช้ในบ้าน,เครื่องฟอกอากาศ,1,4990,0.05,4740.5,3363.91,1376.59,ลูกค้าประจำ,เงินสด,3
ORD00247,2025-04-21,ภาคใต้,สงขลา,Shopee,ความงาม,ครีมกันแดด,1,450,0,504.0,255.21,248.79,ลูกค้าประจำ,เก็บเงินปลายทาง,5
ORD00692,2024-04-20,ภาคกลาง,ปทุมธานี,Shopee,เครื่องใช้ในบ้าน,กาต้มน้ำไฟฟ้า,1,590,0,590.0,404.54,185.46,ลูกค้าประจำ,เงินสด,4
ORD00863,2025-07-29,ภาคเหนือ,พิษณุโลก,Shopee,เครื่องใช้ในบ้าน,กาต้มน้ำไฟฟ้า,1,590,0.05,627.76,385.2,242.56,ลูกค้าประจำ,เงินสด,5
ORD02446,2024-02-05,ภาคกลาง,กรุงเทพมหานคร,หน้าร้าน,อิเล็กทรอนิกส์,สมาร์ทวอทช์,3,3490,0,10470.0,7089.38,3380.62,ลูกค้าใหม่,เก็บเงินปลายทาง,3
ORD00041,2024-11-07,ภาคใต้,ภูเก็ต,Shopee,ความงาม,ครีมกันแดด,1,450,0,450.0,298.26,151.74,ลูกค้าประจำ,บัตรเครดิต,5
ORD02175,2024-06-08,ภาคกลาง,นนทบุรี,LINE Shopping,อิเล็กทรอนิกส์,หูฟังไร้สาย,2,1290,0,2580.0,1649.87,930.13,ลูกค้าประจำ,บัตรเครดิต,4
ORD02475,2024-11-23,ภาคอีสาน,ขอนแก่น,เว็บไซต์,คอมพิวเตอร์,"จอมอนิเตอร์ 24""",1,4290,0.05,4075.5,2784.34,1291.16,ลูกค้าประจำ,บัตรเครดิต,5
ORD00138,2024-01-18,ภาคอีสาน,อุบลราชธานี,Lazada,แฟชั่น,รองเท้าผ้าใบ,3,1890,0.15,4819.5,3832.08,987.42,ลูกค้าใหม่,โอนผ่านแอป,5
ORD02900,2025-02-17,ภาคกลาง,กรุงเทพมหานคร,Lazada,อิเล็กทรอนิกส์,ลำโพงบลูทูธ,2,1590,0,3561.6,2097.17,1464.43,ลูกค้าใหม่,บัตรเครดิต,1
ORD02097,2025-10-12,ภาคอีสาน,อุบลราชธานี,LINE Shopping,แฟชั่น,กระเป๋าเป้,3,990,0,3326.4,1918.49,1407.91,ลูกค้าประจำ,เงินสด,
ORD00919,2024-09-25,ภาคอีสาน,อุบลราชธานี,Shopee,อิเล็กทรอนิกส์,พาวเวอร์แบงก์,1,690,0,690.0,505.49,184.51,ลูกค้าใหม่,เงินสด,4
ORD00097,2024-12-23,ภาคตะวันออก,จันทบุรี,หน้าร้าน,คอมพิวเตอร์,คีย์บอร์ดแมคคานิคอล,1,2490,0,2490.0,1669.49,820.51,ลูกค้าใหม่,เก็บเงินปลายทาง,4
ORD01799,2024-11-22,ภาคอีสาน,นครราชสีมา,Shopee,คอมพิวเตอร์,"จอมอนิเตอร์ 24""",2,4290,0,8580.0,6262.79,2317.21,ลูกค้าประจำ,เก็บเงินปลายทาง,4
ORD02413,2024-08-16,ภาคกลาง,กรุงเทพมหานคร,เว็บไซต์,อิเล็กทรอนิกส์,หูฟังไร้สาย,1,1290,0.05,1225.5,759.3,466.2,ลูกค้าใหม่,เงินสด,2
ORD01694,2025-09-09,ภาคอีสาน,อุบลราชธานี,Shopee,คอมพิวเตอร์,คีย์บอร์ดแมคคานิคอล,1,2490,0.05,2649.36,1800.35,849.01,ลูกค้าประจำ,เก็บเงินปลายทาง,5
ORD01611,2025-12-14,ภาคใต้,ภูเก็ต,Shopee,เครื่องใช้ในบ้าน,เครื่องฟอกอากาศ,1,4990,0,5588.8,2781.11,2807.69,ลูกค้าประจำ,เงินสด,4
ORD00641,2025-12-25,ภาคตะวันออก,จันทบุรี,Shopee,เครื่องใช้ในบ้าน,กาต้มน้ำไฟฟ้า,2,590,0,1321.6,813.36,508.24,ลูกค้าใหม่,เก็บเงินปลายทาง,5
ORD00778,2025-12-09,ภาคกลาง,กรุงเทพมหานคร,Lazada,คอมพิวเตอร์,"จอมอนิเตอร์ 24""",2,4290,0,9609.6,5978.34,3631.26,ลูกค้าใหม่,เก็บเงินปลายทาง,5
ORD01584,2024-11-12,ภาคกลาง,นนทบุรี,เว็บไซต์,คอมพิวเตอร์,"จอมอนิเตอร์ 24""",2,4290,0.05,8151.0,6433.58,1717.42,ลูกค้าใหม่,บัตรเครดิต,5
ORD02768,2025-12-10,ภาคตะวันออก,ระยอง,Shopee,คอมพิวเตอร์,SSD 1TB,1,2190,0.05,2330.16,1616.12,714.04,ลูกค้าใหม่,เงินสด,5
ORD02534,2024-12-12,ภาคเหนือ,เชียงราย,เว็บไซต์,เครื่องใช้ในบ้าน,กาต้มน้ำไฟฟ้า,3,590,0.1,1593.0,1185.4,407.6,ลูกค้าประจำ,เก็บเงินปลายทาง,1
ORD01667,2024-06-19,ภาคกลาง,นครปฐม,Shopee,ความงาม,เซรั่มบำรุงผิว,1,790,0.15,671.5,567.42,104.08,ลูกค้าใหม่,โอนผ่านแอป,4
ORD00541,2025-04-20,ภาคอีสาน,อุบลราชธานี,หน้าร้าน,เครื่องใช้ในบ้าน,เครื่องฟอกอากาศ,1,4990,0.05,5309.36,2760.74,2548.62,ลูกค้าใหม่,โอนผ่านแอป,5
ORD02499,2024-12-03,ภาคกลาง,นนทบุรี,หน้าร้าน,ความงาม,ครีมกันแดด,1,450,0,450.0,291.24,158.76,ลูกค้าประจำ,โอนผ่านแอป,4
ORD02652,2025-03-06,ภาคใต้,ภูเก็ต,เว็บไซต์,คอมพิวเตอร์,คีย์บอร์ดแมคคานิคอล,2,2490,0,5577.6,2955.15,2622.45,ลูกค้าประจำ,เก็บเงินปลายทาง,3
ORD00622,2024-08-10,ภาคกลาง,ปทุมธานี,หน้าร้าน,ความงาม,ครีมกันแดด,5,450,0,2250.0,1464.48,785.52,ลูกค้าประจำ,โอนผ่านแอป,4
ORD02214,2024-08-24,ภาคกลาง,นครปฐม,LINE Shopping,คอมพิวเตอร์,SSD 1TB,2,2190,0.15,3723.0,2882.92,840.08,ลูกค้าใหม่,โอนผ่านแอป,4
ORD00682,2024-04-02,ภาคกลาง,นครปฐม,หน้าร้าน,คอมพิวเตอร์,เมาส์เกมมิ่ง,1,890,0.05,845.5,540.38,305.12,ลูกค้าประจำ,เงินสด,5
ORD01951,2024-11-07,ภาคกลาง,นนทบุรี,LINE Shopping,คอมพิวเตอร์,SSD 1TB,2,2190,0.05,4161.0,2527.88,1633.12,ลูกค้าประจำ,เงินสด,4
ORD00338,2025-03-09,ภาคเหนือ,เชียงใหม่,Shopee,ความงาม,เซรั่มบำรุงผิว,1,790,0,884.8,506.74,378.06,ลูกค้าประจำ,เก็บเงินปลายทาง,4
ORD01148,2024-10-03,ภาคกลาง,กรุงเทพมหานคร,Lazada,แฟชั่น,รองเท้าผ้าใบ,1,1890,0.1,1701.0,1215.38,485.62,ลูกค้าประจำ,บัตรเครดิต,5
ORD02019,2025-02-20,ภาคตะวันออก,ชลบุรี,เว็บไซต์,แฟชั่น,กางเกงยีนส์,1,890,0,996.8,617.68,379.12,ลูกค้าใหม่,เงินสด,5
ORD00465,2025-12-08,ภาคกลาง,กรุงเทพมหานคร,Shopee,แฟชั่น,รองเท้าผ้าใบ,2,1890,0.1,3810.24,2679.63,1130.61,ลูกค้าประจำ,บัตรเครดิต,5
ORD01438,2025-10-14,ภาคตะวันออก,ระยอง,หน้าร้าน,ความงาม,ลิปสติก,2,350,0.05,744.8,397.84,346.96,ลูกค้าใหม่,โอนผ่านแอป,2
ORD01952,2024-07-23,ภาคกลาง,นครปฐม,Shopee,อิเล็กทรอนิกส์,พาวเวอร์แบงก์,3,690,0.05,1966.5,1293.56,672.94,ลูกค้าประจำ,โอนผ่านแอป,5
ORD00437,2025-12-22,ภาคกลาง,นครปฐม,หน้าร้าน,ความงาม,ลิปสติก,4,350,0.05,1489.6,948.48,541.12,ลูกค้าประจำ,บัตรเครดิต,4
ORD00413,2024-11-15,ภาคกลาง,ปทุมธานี,Shopee,คอมพิวเตอร์,คีย์บอร์ดแมคคานิคอล,1,2490,0.05,2365.5,1703.72,661.78,ลูกค้าใหม่,บัตรเครดิต,3
ORD02612,2025-11-07,ภาคกลาง,กรุงเทพมหานคร,Lazada,เครื่องใช้ในบ้าน,เครื่องฟอกอากาศ,1,4990,0.1,5029.92,3047.35,1982.57,ลูกค้าประจำ,โอนผ่านแอป,5
ORD01659,2025-05-21,ภาคอีสาน,นครราชสีมา,หน้าร้าน,คอมพิวเตอร์,"จอมอนิเตอร์ 24""",2,4290,0,9609.6,5211.55,4398.05,ลูกค้าประจำ,บัตรเครดิต,5
ORD00956,2024-11-12,ภาคตะวันออก,ระยอง,หน้าร้าน,อิเล็กทรอนิกส์,ลำโพงบลูทูธ,5,1590,0,7950.0,5110.95,2839.05,ลูกค้าประจำ,เก็บเงินปลายทาง,3
ORD02415,2025-12-02,ภาคตะวันออก,ชลบุรี,Shopee,เครื่องใช้ในบ้าน,หม้อทอดไร้น้ำมัน,2,2590,0.15,4931.36,3688.74,1242.62,ลูกค้าประจำ,เก็บเงินปลายทาง,4
ORD00216,2024-11-01,ภาคอีสาน,อุดรธานี,เว็บไซต์,อิเล็กทรอนิกส์,พาวเวอร์แบงก์,1,690,0.1,621.0,487.55,133.45,ลูกค้าใหม่,โอนผ่านแอป,5
ORD02432,2025-12-16,ภาคอีสาน,อุดรธานี,หน้าร้าน,อิเล็กทรอนิกส์,ลำโพงบลูทูธ,1,1590,0,1780.8,1111.73,669.07,ลูกค้าใหม่,เงินสด,5
ORD00242,2024-04-13,ภาคใต้,ภูเก็ต,หน้าร้าน,ความงาม,ลิปสติก,2,350,0,700.0,395.32,304.68,ลูกค้าใหม่,บัตรเครดิต,4
ORD02000,2025-11-26,ภาคใต้,ภูเก็ต,เว็บไซต์,เครื่องใช้ในบ้าน,หม้อทอดไร้น้ำมัน,2,2590,0.05,5511.52,3212.67,2298.85,ลูกค้าใหม่,เก็บเงินปลายทาง,5
ORD00382,2024-01-20,ภาคตะวันออก,ระยอง,Shopee,แฟชั่น,กางเกงยีนส์,5,890,0.15,3782.5,2536.15,1246.35,ลูกค้าประจำ,เงินสด,3
ORD00245,2024-12-27,ภาคอีสาน,ขอนแก่น,หน้าร้าน,ความงาม,เซรั่มบำรุงผิว,1,790,0,790.0,535.33,254.67,ลูกค้าประจำ,เงินสด,4
ORD00879,2025-08-23,ภาคกลาง,นนทบุรี,Shopee,อิเล็กทรอนิกส์,ลำโพงบลูทูธ,1,1590,0,1780.8,895.16,885.64,ลูกค้าประจำ,เงินสด,3
ORD00810,2024-03-17,ภาคกลาง,กรุงเทพมหานคร,เว็บไซต์,ความงาม,ลิปสติก,1,350,0,350.0,230.72,119.28,ลูกค้าประจำ,บัตรเครดิต,5
ORD00875,2025-01-04,ภาคกลาง,กรุงเทพมหานคร,เว็บไซต์,เครื่องใช้ในบ้าน,เครื่องฟอกอากาศ,1,4990,0,5588.8,3246.29,2342.51,ลูกค้าประจำ,เงินสด,4
ORD00204,2024-01-03,ภาคใต้,สงขลา,Shopee,อิเล็กทรอนิกส์,ลำโพงบลูทูธ,2,1590,0,3180.0,2255.05,924.95,ลูกค้าใหม่,เก็บเงินปลายทาง,5
ORD02645,2024-11-24,ภาคอีสาน,อุดรธานี,Shopee,ความงาม,เซรั่มบำรุงผิว,1,790,0.1,711.0,582.14,128.86,ลูกค้าประจำ,โอนผ่านแอป,4
ORD02365,2024-05-13,ภาคกลาง,กรุงเทพมหานคร,LINE Shopping,อิเล็กทรอนิกส์,หูฟังไร้สาย,1,1290,0.15,1096.5,938.86,157.64,ลูกค้าประจำ,เก็บเงินปลายทาง,3
ORD02186,2024-12-01,ภาคกลาง,นครปฐม,หน้าร้าน,คอมพิวเตอร์,คีย์บอร์ดแมคคานิคอล,1,2490,0,2490.0,1388.9,1101.1,ลูกค้าประจำ,เก็บเงินปลายทาง,5
ORD00796,2024-06-05,ภาคกลาง,กรุงเทพมหานคร,Shopee,อิเล็กทรอนิกส์,พาวเวอร์แบงก์,1,690,0.1,621.0,440.75,180.25,ลูกค้าประจำ,บัตรเครดิต,4
ORD02551,2024-12-10,ภาคอีสาน,อุดรธานี,หน้าร้าน,อิเล็กทรอนิกส์,สมาร์ทวอทช์,2,3490,0,6980.0,4822.07,2157.93,ลูกค้าประจำ,บัตรเครดิต,5
ORD00619,2024-05-26,ภาคใต้,สุราษฎร์ธานี,LINE Shopping,ความงาม,ครีมกันแดด,1,450,0.05,427.5,288.92,138.58,ลูกค้าใหม่,เงินสด,4
ORD02047,2025-09-23,ภาคใต้,สงขลา,Shopee,เครื่องใช้ในบ้าน,กาต้มน้ำไฟฟ้า,1,590,0,660.8,362.23,298.57,ลูกค้าประจำ,เก็บเงินปลายทาง,3
ORD00859,2025-11-02,ภาคกลาง,นนทบุรี,เว็บไซต์,แฟชั่น,เสื้อยืด,1,290,0,324.8,187.53,137.27,ลูกค้าใหม่,เก็บเงินปลายทาง,5
ORD00529,2025-12-28,ภาคกลาง,นครปฐม,หน้าร้าน,อิเล็กทรอนิกส์,สมาร์ทวอทช์,1,3490,0,3908.8,2441.48,1467.32,ลูกค้าใหม่,บัตรเครดิต,4
ORD02609,2025-12-24,ภาคเหนือ,พิษณุโลก,หน้าร้าน,แฟชั่น,เสื้อยืด,1,290,0,324.8,163.14,161.66,ลูกค้าประจำ,เก็บเงินปลายทาง,4
ORD00615,2025-09-09,ภาคอีสาน,อุบลราชธานี,เว็บไซต์,แฟชั่น,กระเป๋าเป้,1,990,0.1,997.92,621.01,376.91,ลูกค้าใหม่,เก็บเงินปลายทาง,4
ORD00389,2025-11-20,ภาคกลาง,นครปฐม,Lazada,อิเล็กทรอนิกส์,สมาร์ทวอทช์,1,3490,0,3908.8,2270.12,1638.68,ลูกค้าประจำ,บัตรเครดิต,3
ORD02330,2024-03-04,ภาคตะวันออก,ระยอง,หน้าร้าน,ความงาม,ลิปสติก,5,350,0,1750.0,1100.53,649.47,ลูกค้าใหม่,เงินสด,4
ORD00386,2024-11-15,ภาคกลาง,นนทบุรี,หน้าร้าน,ความงาม,ครีมกันแดด,1,450,0.05,427.5,309.06,118.44,ลูกค้าประจำ,บัตรเครดิต,5
ORD02103,2025-12-05,ภาคใต้,ภูเก็ต,LINE Shopping,เครื่องใช้ในบ้าน,หม้อทอดไร้น้ำมัน,1,2590,0,2900.8,1689.31,1211.49,,โอนผ่านแอป,2
ORD00772,2024-03-02,ภาคอีสาน,อุดรธานี,หน้าร้าน,แฟชั่น,กระเป๋าเป้,1,990,0,990.0,705.67,284.33,ลูกค้าประจำ,บัตรเครดิต,5
ORD02514,2025-08-15,ภาคกลาง,นนทบุรี,Lazada,แฟชั่น,กระเป๋าเป้,3,990,0.1,2993.76,2038.4,955.36,ลูกค้าประจำ,เก็บเงินปลายทาง,2
ORD01780,2024-05-17,ภาคกลาง,,เว็บไซต์,แฟชั่น,เสื้อยืด,4,290,0.1,1044.0,646.5,397.5,ลูกค้าใหม่,โอนผ่านแอป,3
ORD01707,2025-07-01,ภาคกลาง,นครปฐม,LINE Shopping,คอมพิวเตอร์,"จอมอนิเตอร์ 24""",5,4290,0,24024.0,14765.44,9258.56,ลูกค้าประจำ,เงินสด,5
ORD00621,2025-11-05,ภาคอีสาน,อุดรธานี,Lazada,แฟชั่น,เสื้อยืด,1,290,0,324.8,210.69,114.11,ลูกค้าประจำ,เงินสด,5
ORD00111,2024-01-06,ภาคกลาง,ปทุมธานี,Lazada,คอมพิวเตอร์,คีย์บอร์ดแมคคานิคอล,1,2490,0.1,2241.0,1580.28,660.72,ลูกค้าใหม่,เงินสด,2
ORD00935,2025-11-14,ภาคกลาง,ปทุมธานี,หน้าร้าน,คอมพิวเตอร์,SSD 1TB,2,2190,0.05,4660.32,2586.14,2074.18,ลูกค้าใหม่,บัตรเครดิต,1
ORD02961,2024-06-23,ภาคกลาง,นนทบุรี,Lazada,แฟชั่น,กระเป๋าเป้,1,990,0.15,841.5,554.48,287.02,ลูกค้าใหม่,โอนผ่านแอป,4
ORD00708,2025-03-20,ภาคตะวันออก,ระยอง,หน้าร้าน,อิเล็กทรอนิกส์,ลำโพงบลูทูธ,1,1590,0,1780.8,934.56,846.24,ลูกค้าประจำ,โอนผ่านแอป,4
ORD01838,2024-03-02,ภาคกลาง,กรุงเทพมหานคร,Shopee,แฟชั่น,เสื้อยืด,2,290,0.15,493.0,330.16,162.84,ลูกค้าใหม่,เก็บเงินปลายทาง,2
ORD01776,2025-03-31,ภาคกลาง,กรุงเทพมหานคร,Lazada,คอมพิวเตอร์,เมาส์เกมมิ่ง,5,890,0.1,4485.6,2928.8,1556.8,ลูกค้าประจำ,โอนผ่านแอป,4
ORD01655,2025-08-09,ภาคเหนือ,เชียงใหม่,เว็บไซต์,คอมพิวเตอร์,"จอมอนิเตอร์ 24""",1,4290,0.05,4564.56,2924.95,1639.61,ลูกค้าประจำ,โอนผ่านแอป,5
ORD00730,2025-12-19,ภาคตะวันออก,ชลบุรี,Shopee,อิเล็กทรอนิกส์,สมาร์ทวอทช์,1,3490,0,3908.8,2537.37,1371.43,ลูกค้าประจำ,โอนผ่านแอป,5
ORD01351,2024-12-25,ภาคอีสาน,อุบลราชธานี,หน้าร้าน,คอมพิวเตอร์,SSD 1TB,1,2190,0.05,2080.5,1266.18,814.32,ลูกค้าใหม่,เก็บเงินปลายทาง,5
ORD02162,2024-08-05,ภาคอีสาน,อุบลราชธานี,Shopee,คอมพิวเตอร์,"จอมอนิเตอร์ 24""",1,4290,0.15,3646.5,2550.35,1096.15,ลูกค้าใหม่,เงินสด,5
ORD01258,2024-05-11,ภาคอีสาน,ขอนแก่น,เว็บไซต์,อิเล็กทรอนิกส์,หูฟังไร้สาย,3,1290,0,3870.0,2148.16,1721.84,ลูกค้าประจำ,เงินสด,3
ORD00867,2024-08-03,ภาคตะวันออก,ชลบุรี,Lazada,คอมพิวเตอร์,คีย์บอร์ดแมคคานิคอล,1,2490,0,2490.0,1527.71,962.29,ลูกค้าใหม่,เงินสด,5
ORD00235,2024-12-18,ภาคกลาง,นครปฐม,หน้าร้าน,แฟชั่น,เสื้อยืด,1,290,0,290.0,160.66,129.34,ลูกค้าใหม่,โอนผ่านแอป,5
ORD00756,2024-11-17,ภาคเหนือ,พิษณุโลก,LINE Shopping,คอมพิวเตอร์,คีย์บอร์ดแมคคานิคอล,1,2490,0.15,2116.5,1652.01,464.49,ลูกค้าประจำ,เงินสด,5
ORD00496,2025-09-01,ภาคกลาง,ปทุมธานี,หน้าร้าน,คอมพิวเตอร์,SSD 1TB,2,2190,0.05,4660.32,3079.99,1580.33,ลูกค้าประจำ,เก็บเงินปลายทาง,4
ORD01485,2024-11-10,ภาคอีสาน,ขอนแก่น,หน้าร้าน,อิเล็กทรอนิกส์,สมาร์ทวอทช์,1,3490,0,3490.0,2474.99,1015.01,ลูกค้าใหม่,เก็บเงินปลายทาง,5
ORD01089,2024-05-10,ภาคกลาง,นครปฐม,LINE Shopping,อิเล็กทรอนิกส์,ลำโพงบลูทูธ,1,1590,0.1,1431.0,926.89,504.11,ลูกค้าประจำ,บัตรเครดิต,5
ORD00358,2024-08-29,ภาคกลาง,กรุงเทพมหานคร,เว็บไซต์,คอมพิวเตอร์,"จอมอนิเตอร์ 24""",2,4290,0,8580.0,4734.32,3845.68,ลูกค้าประจำ,เก็บเงินปลายทาง,5
ORD00292,2024-07-23,ภาคใต้,ภูเก็ต,Lazada,เครื่องใช้ในบ้าน,กาต้มน้ำไฟฟ้า,1,590,0.15,501.5,417.05,84.45,ลูกค้าประจำ,เงินสด,4
